"[0.4408, 0.598]","[0.4627, 0.5884]","[0.4737, 0.5424]","[0.4619, 0.4987]","[0.4485, 0.4648]","[0.4769, 0.4825]","[0.475, 0.4233]","[0.472, 0.384]","[0.4684, 0.3494]","[0.4603, 0.4756]","[0.4709, 0.4138]","[0.4724, 0.3729]","[0.4727, 0.3356]","[0.4436, 0.4811]","[0.437, 0.4344]","[0.435, 0.4738]","[0.4368, 0.5033]","[0.4275, 0.496]","[0.4233, 0.4641]","[0.425, 0.4901]","[0.4282, 0.5133]"
"[0.4437, 0.6133]","[0.4665, 0.5862]","[0.4761, 0.5367]","[0.4622, 0.4945]","[0.4455, 0.4632]","[0.4767, 0.4815]","[0.4748, 0.4236]","[0.4706, 0.3847]","[0.4658, 0.349]","[0.4602, 0.4775]","[0.469, 0.4153]","[0.4724, 0.3724]","[0.4741, 0.3334]","[0.4433, 0.4854]","[0.4356, 0.4389]","[0.4361, 0.4768]","[0.4392, 0.5083]","[0.4271, 0.5001]","[0.4225, 0.4677]","[0.4249, 0.4896]","[0.4289, 0.5108]"
"[0.4426, 0.6164]","[0.465, 0.59]","[0.4756, 0.5413]","[0.4624, 0.498]","[0.4461, 0.464]","[0.4766, 0.4823]","[0.4744, 0.4234]","[0.4701, 0.384]","[0.4654, 0.3483]","[0.4606, 0.4777]","[0.4693, 0.4132]","[0.4722, 0.371]","[0.4739, 0.3326]","[0.4442, 0.4848]","[0.4354, 0.4361]","[0.4348, 0.4719]","[0.4379, 0.5032]","[0.4285, 0.4982]","[0.4218, 0.4651]","[0.4233, 0.4869]","[0.4269, 0.5093]"
"[0.4429, 0.6169]","[0.4655, 0.5898]","[0.4751, 0.5401]","[0.4615, 0.4974]","[0.4443, 0.4626]","[0.4771, 0.4806]","[0.4742, 0.4226]","[0.4695, 0.3821]","[0.4645, 0.3468]","[0.461, 0.4772]","[0.469, 0.4132]","[0.4716, 0.3711]","[0.4734, 0.333]","[0.4443, 0.4847]","[0.4354, 0.4367]","[0.435, 0.4725]","[0.4385, 0.5033]","[0.4286, 0.4965]","[0.4214, 0.4652]","[0.4228, 0.4871]","[0.4266, 0.509]"
"[0.4425, 0.6175]","[0.4653, 0.5893]","[0.4744, 0.5392]","[0.46, 0.497]","[0.4427, 0.4626]","[0.4766, 0.4817]","[0.4739, 0.4215]","[0.4694, 0.3808]","[0.4646, 0.3453]","[0.4607, 0.478]","[0.4691, 0.4131]","[0.4715, 0.3706]","[0.473, 0.3328]","[0.4442, 0.4851]","[0.4348, 0.438]","[0.4342, 0.4732]","[0.4377, 0.5037]","[0.4288, 0.4962]","[0.4215, 0.4657]","[0.4225, 0.4865]","[0.4261, 0.5074]"
"[0.4424, 0.6202]","[0.4643, 0.5927]","[0.4745, 0.5426]","[0.4603, 0.4981]","[0.4433, 0.4637]","[0.4762, 0.4832]","[0.4738, 0.4228]","[0.4693, 0.3828]","[0.4647, 0.3469]","[0.46, 0.4779]","[0.4682, 0.4122]","[0.4709, 0.3708]","[0.473, 0.3333]","[0.4435, 0.4854]","[0.4344, 0.4374]","[0.4336, 0.4718]","[0.4368, 0.5027]","[0.4277, 0.4998]","[0.4212, 0.4667]","[0.4223, 0.487]","[0.4257, 0.5085]"
"[0.4423, 0.6215]","[0.4635, 0.5939]","[0.4733, 0.5423]","[0.4597, 0.498]","[0.4428, 0.4629]","[0.4759, 0.4825]","[0.4737, 0.4225]","[0.4696, 0.3827]","[0.4651, 0.3473]","[0.4597, 0.4773]","[0.468, 0.4123]","[0.4704, 0.371]","[0.4721, 0.3339]","[0.4433, 0.4845]","[0.4336, 0.4382]","[0.4331, 0.4733]","[0.4367, 0.5035]","[0.4278, 0.4977]","[0.4209, 0.4661]","[0.422, 0.4872]","[0.4258, 0.508]"
"[0.4419, 0.621]","[0.4643, 0.5905]","[0.4739, 0.54]","[0.4592, 0.4957]","[0.4426, 0.4605]","[0.4762, 0.4823]","[0.4734, 0.4224]","[0.4686, 0.3822]","[0.4634, 0.3463]","[0.46, 0.4779]","[0.4682, 0.4127]","[0.4707, 0.3709]","[0.4724, 0.3331]","[0.4436, 0.4854]","[0.4343, 0.4393]","[0.4348, 0.4742]","[0.4393, 0.5034]","[0.4281, 0.4979]","[0.4205, 0.4666]","[0.423, 0.4879]","[0.4283, 0.5082]"
"[0.4419, 0.6178]","[0.4642, 0.5895]","[0.473, 0.5394]","[0.4586, 0.4964]","[0.4411, 0.4608]","[0.4761, 0.4807]","[0.4733, 0.4214]","[0.4686, 0.3807]","[0.4635, 0.3461]","[0.46, 0.4774]","[0.4683, 0.4122]","[0.4705, 0.3701]","[0.4721, 0.3322]","[0.4437, 0.4845]","[0.4341, 0.4399]","[0.4342, 0.4742]","[0.4385, 0.5023]","[0.4284, 0.4954]","[0.4204, 0.466]","[0.4223, 0.487]","[0.4269, 0.5069]"
"[0.4422, 0.6161]","[0.4646, 0.588]","[0.4725, 0.5399]","[0.4588, 0.4979]","[0.4415, 0.4609]","[0.4764, 0.4805]","[0.473, 0.4218]","[0.4683, 0.3805]","[0.4629, 0.3458]","[0.4599, 0.478]","[0.4682, 0.4126]","[0.4705, 0.3703]","[0.472, 0.3322]","[0.4432, 0.4855]","[0.4345, 0.4391]","[0.4342, 0.4733]","[0.438, 0.503]","[0.4275, 0.4958]","[0.4205, 0.4659]","[0.4221, 0.487]","[0.4265, 0.5081]"
"[0.4417, 0.6154]","[0.465, 0.5875]","[0.4739, 0.5393]","[0.4591, 0.497]","[0.4414, 0.4623]","[0.4758, 0.4805]","[0.4728, 0.4205]","[0.4686, 0.3803]","[0.4639, 0.3453]","[0.4593, 0.4774]","[0.4676, 0.4125]","[0.4703, 0.3699]","[0.4719, 0.332]","[0.4427, 0.4852]","[0.4339, 0.4389]","[0.4342, 0.4724]","[0.4381, 0.5017]","[0.4269, 0.4968]","[0.4203, 0.4664]","[0.4224, 0.4874]","[0.4268, 0.5084]"
"[0.442, 0.6179]","[0.4649, 0.5905]","[0.4743, 0.5409]","[0.4606, 0.4988]","[0.4427, 0.4655]","[0.4755, 0.4804]","[0.4727, 0.4214]","[0.468, 0.3815]","[0.4629, 0.3461]","[0.4594, 0.4767]","[0.4675, 0.4124]","[0.4702, 0.3703]","[0.4721, 0.3319]","[0.4428, 0.4849]","[0.434, 0.4361]","[0.4338, 0.4708]","[0.4374, 0.5016]","[0.4272, 0.498]","[0.4201, 0.4663]","[0.4219, 0.4878]","[0.426, 0.5101]"
"[0.4424, 0.617]","[0.4653, 0.5875]","[0.4731, 0.5384]","[0.4594, 0.4964]","[0.4419, 0.4604]","[0.4755, 0.4794]","[0.4726, 0.4209]","[0.4678, 0.3799]","[0.4621, 0.3454]","[0.4592, 0.4768]","[0.4677, 0.4116]","[0.4701, 0.3697]","[0.4715, 0.331]","[0.4428, 0.4846]","[0.4335, 0.438]","[0.4333, 0.4728]","[0.4371, 0.5022]","[0.4273, 0.4959]","[0.4197, 0.4671]","[0.4214, 0.4893]","[0.4258, 0.5107]"
"[0.4423, 0.619]","[0.4647, 0.5904]","[0.4741, 0.5399]","[0.459, 0.4958]","[0.4417, 0.4598]","[0.4754, 0.481]","[0.4728, 0.4222]","[0.4679, 0.3822]","[0.4627, 0.3466]","[0.4592, 0.4767]","[0.4672, 0.4114]","[0.4698, 0.3694]","[0.4715, 0.3322]","[0.4427, 0.4847]","[0.4337, 0.4387]","[0.4338, 0.473]","[0.4375, 0.5021]","[0.427, 0.498]","[0.4201, 0.467]","[0.4221, 0.489]","[0.4263, 0.5102]"
"[0.442, 0.6197]","[0.4638, 0.5903]","[0.4728, 0.5396]","[0.4582, 0.4947]","[0.4413, 0.4579]","[0.4759, 0.4817]","[0.4732, 0.4218]","[0.4689, 0.3811]","[0.4643, 0.3449]","[0.4596, 0.4771]","[0.4672, 0.4118]","[0.4697, 0.3697]","[0.4716, 0.3325]","[0.4429, 0.4846]","[0.4335, 0.4382]","[0.4332, 0.4725]","[0.437, 0.5018]","[0.4273, 0.4977]","[0.4201, 0.4674]","[0.4218, 0.4892]","[0.426, 0.51]"
"[0.4419, 0.6193]","[0.4635, 0.5908]","[0.4726, 0.5403]","[0.4585, 0.4961]","[0.4419, 0.46]","[0.4755, 0.4817]","[0.4726, 0.4221]","[0.4679, 0.3819]","[0.4628, 0.346]","[0.4594, 0.4768]","[0.4679, 0.4115]","[0.4703, 0.3692]","[0.4719, 0.3325]","[0.4429, 0.4839]","[0.4331, 0.4389]","[0.4325, 0.4738]","[0.4363, 0.5037]","[0.4277, 0.4964]","[0.4202, 0.4663]","[0.4214, 0.4882]","[0.4255, 0.5094]"
"[0.4411, 0.6196]","[0.4634, 0.5897]","[0.4732, 0.5392]","[0.4577, 0.4941]","[0.4407, 0.4599]","[0.4753, 0.4817]","[0.4728, 0.4229]","[0.4678, 0.3835]","[0.4625, 0.3475]","[0.459, 0.476]","[0.4674, 0.4114]","[0.4701, 0.3697]","[0.472, 0.3325]","[0.4427, 0.4833]","[0.4335, 0.4385]","[0.4333, 0.473]","[0.437, 0.5028]","[0.4271, 0.4975]","[0.4202, 0.4661]","[0.422, 0.4873]","[0.4263, 0.5084]"
"[0.442, 0.6189]","[0.4645, 0.5884]","[0.4736, 0.5373]","[0.4585, 0.4933]","[0.4409, 0.4591]","[0.4754, 0.4805]","[0.4726, 0.4219]","[0.4675, 0.3824]","[0.462, 0.3466]","[0.4592, 0.4762]","[0.4677, 0.4117]","[0.4706, 0.3698]","[0.4723, 0.3329]","[0.4425, 0.4841]","[0.4334, 0.4386]","[0.4335, 0.474]","[0.4373, 0.504]","[0.4268, 0.4976]","[0.42, 0.4667]","[0.4218, 0.4888]","[0.4257, 0.5101]"
"[0.4415, 0.6184]","[0.4637, 0.5888]","[0.473, 0.5383]","[0.4584, 0.494]","[0.4409, 0.458]","[0.4754, 0.4807]","[0.473, 0.4223]","[0.4682, 0.3823]","[0.4628, 0.3467]","[0.4592, 0.4762]","[0.4678, 0.4115]","[0.4706, 0.3689]","[0.4721, 0.3319]","[0.4427, 0.4838]","[0.4336, 0.4406]","[0.4338, 0.476]","[0.4377, 0.5048]","[0.427, 0.4963]","[0.4203, 0.4674]","[0.422, 0.4891]","[0.426, 0.5091]"
"[0.4417, 0.6179]","[0.4639, 0.5893]","[0.4733, 0.5397]","[0.459, 0.4954]","[0.4421, 0.4592]","[0.4757, 0.4813]","[0.4732, 0.423]","[0.4683, 0.383]","[0.4628, 0.3473]","[0.4596, 0.4764]","[0.4685, 0.4118]","[0.4713, 0.3694]","[0.4728, 0.3325]","[0.4431, 0.4835]","[0.4342, 0.4395]","[0.4337, 0.4744]","[0.4372, 0.5039]","[0.4275, 0.4953]","[0.4206, 0.4658]","[0.4219, 0.4871]","[0.4257, 0.5072]"
"[0.4418, 0.6181]","[0.4641, 0.5895]","[0.4735, 0.5406]","[0.4595, 0.4966]","[0.4428, 0.4606]","[0.4758, 0.4813]","[0.4733, 0.422]","[0.4687, 0.3817]","[0.4637, 0.3458]","[0.4598, 0.4766]","[0.4683, 0.412]","[0.471, 0.37]","[0.4726, 0.3327]","[0.4434, 0.4839]","[0.4343, 0.4389]","[0.4341, 0.4737]","[0.4377, 0.5034]","[0.4278, 0.4963]","[0.4209, 0.4655]","[0.4226, 0.4874]","[0.4268, 0.5088]"
"[0.4425, 0.6195]","[0.4643, 0.591]","[0.4737, 0.5414]","[0.4601, 0.4981]","[0.4427, 0.4636]","[0.4756, 0.4812]","[0.473, 0.4226]","[0.4684, 0.3823]","[0.4634, 0.3467]","[0.4595, 0.477]","[0.468, 0.4131]","[0.4708, 0.371]","[0.4728, 0.3339]","[0.4431, 0.4844]","[0.4344, 0.4385]","[0.4338, 0.4728]","[0.4371, 0.5031]","[0.4277, 0.4963]","[0.4208, 0.4654]","[0.4221, 0.4869]","[0.4261, 0.5085]"
"[0.4417, 0.6205]","[0.4637, 0.5913]","[0.4738, 0.5417]","[0.4591, 0.497]","[0.4423, 0.4618]","[0.4763, 0.484]","[0.4735, 0.4256]","[0.4685, 0.3859]","[0.4635, 0.3496]","[0.4602, 0.478]","[0.4681, 0.4133]","[0.4704, 0.3709]","[0.4724, 0.3338]","[0.4436, 0.4846]","[0.4345, 0.4394]","[0.4333, 0.4749]","[0.4365, 0.5057]","[0.4278, 0.4981]","[0.4209, 0.4678]","[0.4221, 0.4894]","[0.426, 0.5107]"
"[0.4417, 0.6212]","[0.4635, 0.5926]","[0.4738, 0.5421]","[0.4597, 0.4981]","[0.4429, 0.4652]","[0.4761, 0.4831]","[0.4735, 0.4233]","[0.4686, 0.3838]","[0.4634, 0.3479]","[0.46, 0.4777]","[0.4682, 0.4133]","[0.4704, 0.3719]","[0.4723, 0.3344]","[0.4438, 0.4847]","[0.434, 0.4377]","[0.4329, 0.4731]","[0.4366, 0.5041]","[0.4283, 0.4981]","[0.4204, 0.4674]","[0.4215, 0.4886]","[0.4258, 0.5101]"
"[0.4426, 0.6206]","[0.4646, 0.5908]","[0.4735, 0.5414]","[0.46, 0.4988]","[0.4426, 0.4644]","[0.4756, 0.4819]","[0.4727, 0.422]","[0.4683, 0.3809]","[0.4633, 0.345]","[0.4595, 0.478]","[0.468, 0.4129]","[0.4706, 0.3701]","[0.4723, 0.3324]","[0.443, 0.4853]","[0.4338, 0.4394]","[0.4333, 0.4745]","[0.437, 0.5054]","[0.4274, 0.4967]","[0.4205, 0.466]","[0.4218, 0.4878]","[0.4263, 0.5096]"
"[0.4427, 0.6181]","[0.4646, 0.5888]","[0.4729, 0.5385]","[0.4588, 0.4957]","[0.4407, 0.4605]","[0.4763, 0.4806]","[0.4729, 0.4225]","[0.4678, 0.3818]","[0.4624, 0.3468]","[0.4601, 0.4778]","[0.4681, 0.4127]","[0.4705, 0.37]","[0.4721, 0.3321]","[0.4432, 0.4855]","[0.4346, 0.4413]","[0.4349, 0.4772]","[0.4394, 0.5064]","[0.4277, 0.4966]","[0.4207, 0.4671]","[0.4228, 0.489]","[0.4275, 0.5099]"
"[0.4422, 0.619]","[0.4646, 0.5901]","[0.4739, 0.5393]","[0.4592, 0.4956]","[0.4415, 0.4618]","[0.4757, 0.4818]","[0.4726, 0.4232]","[0.4675, 0.3831]","[0.462, 0.3471]","[0.4594, 0.4776]","[0.4676, 0.4134]","[0.4701, 0.371]","[0.4716, 0.334]","[0.4426, 0.4852]","[0.434, 0.4402]","[0.4339, 0.4758]","[0.4376, 0.5061]","[0.4267, 0.4982]","[0.4201, 0.4673]","[0.422, 0.4892]","[0.4262, 0.5105]"
"[0.4422, 0.62]","[0.4639, 0.5913]","[0.4736, 0.5417]","[0.4601, 0.4975]","[0.4428, 0.4635]","[0.4756, 0.4817]","[0.4724, 0.4228]","[0.4672, 0.3831]","[0.4616, 0.3472]","[0.4593, 0.4771]","[0.4673, 0.4132]","[0.4698, 0.371]","[0.4715, 0.3335]","[0.4424, 0.4849]","[0.4337, 0.4387]","[0.4334, 0.4738]","[0.4368, 0.5047]","[0.4263, 0.4985]","[0.4201, 0.4665]","[0.4216, 0.4877]","[0.4254, 0.5092]"
"[0.4417, 0.6189]","[0.4637, 0.5911]","[0.4722, 0.5403]","[0.4584, 0.4975]","[0.4406, 0.4623]","[0.4758, 0.4812]","[0.4722, 0.4224]","[0.4668, 0.3821]","[0.4612, 0.3466]","[0.4594, 0.4773]","[0.467, 0.4126]","[0.4692, 0.3703]","[0.4709, 0.3327]","[0.4422, 0.4848]","[0.4333, 0.4379]","[0.4327, 0.4733]","[0.4363, 0.5028]","[0.4264, 0.4971]","[0.4194, 0.4673]","[0.4209, 0.4888]","[0.4246, 0.5097]"
"[0.4419, 0.6186]","[0.4641, 0.591]","[0.4715, 0.5411]","[0.4577, 0.4984]","[0.4397, 0.4619]","[0.4756, 0.48]","[0.4719, 0.422]","[0.4669, 0.3806]","[0.4614, 0.3461]","[0.4591, 0.4772]","[0.467, 0.4124]","[0.4691, 0.3697]","[0.4706, 0.3316]","[0.4423, 0.4854]","[0.4337, 0.4391]","[0.4332, 0.4718]","[0.4371, 0.4999]","[0.4266, 0.4968]","[0.4198, 0.4671]","[0.4213, 0.4867]","[0.4255, 0.5061]"
"[0.4418, 0.6193]","[0.464, 0.5922]","[0.4723, 0.5423]","[0.4581, 0.4995]","[0.4406, 0.4627]","[0.4751, 0.4803]","[0.4718, 0.4218]","[0.4671, 0.3807]","[0.462, 0.3457]","[0.4588, 0.4767]","[0.4668, 0.4117]","[0.4691, 0.3689]","[0.4707, 0.3319]","[0.442, 0.4847]","[0.4334, 0.4395]","[0.4329, 0.4734]","[0.4364, 0.5029]","[0.4264, 0.4966]","[0.4197, 0.4663]","[0.4208, 0.4859]","[0.4244, 0.5055]"
"[0.4416, 0.6196]","[0.4639, 0.5902]","[0.4731, 0.5396]","[0.4578, 0.4956]","[0.4403, 0.4601]","[0.4752, 0.4809]","[0.4723, 0.4215]","[0.4677, 0.3812]","[0.4629, 0.3456]","[0.4589, 0.4765]","[0.4666, 0.4114]","[0.4691, 0.3693]","[0.4708, 0.3327]","[0.4422, 0.4845]","[0.4332, 0.44]","[0.4332, 0.4737]","[0.4369, 0.5022]","[0.4265, 0.4976]","[0.4197, 0.4677]","[0.4211, 0.4881]","[0.4248, 0.5076]"
"[0.4418, 0.6181]","[0.4635, 0.5898]","[0.472, 0.5407]","[0.4588, 0.4976]","[0.4412, 0.4607]","[0.4754, 0.4799]","[0.4722, 0.421]","[0.4673, 0.3802]","[0.4621, 0.3455]","[0.4592, 0.4768]","[0.4671, 0.4115]","[0.4692, 0.3693]","[0.4706, 0.3318]","[0.4426, 0.4849]","[0.4332, 0.4397]","[0.4329, 0.4737]","[0.4367, 0.5029]","[0.4268, 0.4969]","[0.4194, 0.4671]","[0.4208, 0.4877]","[0.4249, 0.5083]"
"[0.4419, 0.6161]","[0.4647, 0.5871]","[0.4727, 0.5372]","[0.4579, 0.4952]","[0.4399, 0.4594]","[0.4758, 0.4784]","[0.4724, 0.4203]","[0.4673, 0.3797]","[0.4617, 0.3452]","[0.4593, 0.4765]","[0.4674, 0.4114]","[0.4698, 0.3689]","[0.4713, 0.3313]","[0.4425, 0.4849]","[0.4337, 0.4397]","[0.434, 0.4745]","[0.4381, 0.5033]","[0.4268, 0.4969]","[0.4195, 0.4682]","[0.4214, 0.4889]","[0.4255, 0.5086]"
"[0.442, 0.6157]","[0.4645, 0.5868]","[0.473, 0.5374]","[0.4585, 0.4953]","[0.4406, 0.4601]","[0.4757, 0.479]","[0.4725, 0.4205]","[0.4677, 0.3803]","[0.4623, 0.3454]","[0.4593, 0.4764]","[0.4674, 0.4119]","[0.4697, 0.3694]","[0.471, 0.3321]","[0.4424, 0.4845]","[0.4336, 0.4399]","[0.4332, 0.474]","[0.4367, 0.503]","[0.4266, 0.4963]","[0.4195, 0.4677]","[0.4209, 0.4886]","[0.4248, 0.5088]"
"[0.442, 0.6175]","[0.4642, 0.5888]","[0.473, 0.5384]","[0.4588, 0.4948]","[0.4409, 0.4601]","[0.476, 0.4814]","[0.4724, 0.4219]","[0.4671, 0.3818]","[0.4615, 0.3465]","[0.4596, 0.4783]","[0.4671, 0.4133]","[0.4696, 0.3703]","[0.4711, 0.3331]","[0.4426, 0.486]","[0.4338, 0.4407]","[0.4335, 0.475]","[0.4369, 0.5049]","[0.4268, 0.4974]","[0.4197, 0.467]","[0.421, 0.4882]","[0.4247, 0.5092]"
"[0.4425, 0.6152]","[0.464, 0.5868]","[0.4702, 0.5384]","[0.4584, 0.497]","[0.4414, 0.4583]","[0.4761, 0.4785]","[0.4721, 0.4216]","[0.4667, 0.3791]","[0.4607, 0.3456]","[0.4596, 0.4774]","[0.468, 0.4118]","[0.47, 0.3697]","[0.4716, 0.3309]","[0.443, 0.4846]","[0.4334, 0.4405]","[0.4326, 0.4757]","[0.4367, 0.5046]","[0.4276, 0.494]","[0.4192, 0.4673]","[0.4205, 0.4895]","[0.425, 0.5109]"
"[0.4423, 0.6168]","[0.4647, 0.5879]","[0.4724, 0.5378]","[0.4579, 0.4963]","[0.4404, 0.4603]","[0.4754, 0.4794]","[0.4719, 0.4218]","[0.4669, 0.3806]","[0.4618, 0.3459]","[0.4595, 0.477]","[0.4672, 0.412]","[0.4694, 0.3691]","[0.471, 0.332]","[0.443, 0.4847]","[0.4337, 0.4386]","[0.4326, 0.4735]","[0.436, 0.5031]","[0.4278, 0.4958]","[0.4199, 0.4665]","[0.4213, 0.4883]","[0.4256, 0.5097]"
"[0.4422, 0.6164]","[0.4645, 0.5881]","[0.4721, 0.5381]","[0.4584, 0.495]","[0.4408, 0.4572]","[0.4756, 0.4804]","[0.4725, 0.422]","[0.4676, 0.381]","[0.4623, 0.3457]","[0.4593, 0.4774]","[0.4674, 0.4119]","[0.4697, 0.3687]","[0.4711, 0.3315]","[0.4426, 0.4847]","[0.4336, 0.4408]","[0.4334, 0.4756]","[0.4373, 0.505]","[0.4271, 0.4955]","[0.42, 0.467]","[0.4215, 0.4892]","[0.4254, 0.5104]"
"[0.4425, 0.618]","[0.4649, 0.5899]","[0.4735, 0.5397]","[0.4586, 0.4969]","[0.4417, 0.461]","[0.4758, 0.4822]","[0.4722, 0.4232]","[0.4672, 0.3832]","[0.4621, 0.3472]","[0.4595, 0.4779]","[0.4674, 0.4127]","[0.4699, 0.3695]","[0.4715, 0.3326]","[0.4427, 0.485]","[0.4338, 0.4399]","[0.4333, 0.4749]","[0.4369, 0.5051]","[0.427, 0.4968]","[0.4202, 0.467]","[0.4216, 0.4885]","[0.4256, 0.5091]"
"[0.4422, 0.6195]","[0.464, 0.5913]","[0.4733, 0.5412]","[0.4591, 0.4978]","[0.4422, 0.4625]","[0.4754, 0.4823]","[0.4727, 0.4226]","[0.4679, 0.3826]","[0.4629, 0.3469]","[0.4593, 0.4778]","[0.4674, 0.4125]","[0.4697, 0.3701]","[0.4713, 0.333]","[0.4428, 0.4848]","[0.4334, 0.4387]","[0.4326, 0.473]","[0.436, 0.5028]","[0.4274, 0.4971]","[0.4201, 0.4666]","[0.4214, 0.4877]","[0.4254, 0.5083]"
"[0.4423, 0.6179]","[0.4643, 0.5899]","[0.4727, 0.5396]","[0.4579, 0.4968]","[0.4409, 0.46]","[0.4759, 0.4803]","[0.4728, 0.4215]","[0.4678, 0.3811]","[0.4626, 0.3457]","[0.4595, 0.4762]","[0.4678, 0.4107]","[0.4701, 0.3682]","[0.4718, 0.3316]","[0.4426, 0.4837]","[0.433, 0.4392]","[0.4324, 0.4745]","[0.4363, 0.503]","[0.4271, 0.4964]","[0.4193, 0.4694]","[0.4209, 0.4917]","[0.4251, 0.5114]"
"[0.4424, 0.6191]","[0.4646, 0.5907]","[0.4733, 0.5412]","[0.4595, 0.4975]","[0.4436, 0.4594]","[0.4756, 0.481]","[0.473, 0.4218]","[0.4683, 0.381]","[0.4632, 0.3455]","[0.4593, 0.477]","[0.4676, 0.4109]","[0.4704, 0.3684]","[0.4722, 0.3316]","[0.4426, 0.4851]","[0.4338, 0.439]","[0.4335, 0.4743]","[0.437, 0.5047]","[0.4271, 0.4979]","[0.4202, 0.4674]","[0.4214, 0.4884]","[0.4252, 0.5086]"
"[0.4424, 0.6192]","[0.465, 0.5889]","[0.4734, 0.539]","[0.4587, 0.4964]","[0.4419, 0.4603]","[0.476, 0.4802]","[0.4732, 0.4214]","[0.4683, 0.3811]","[0.4627, 0.3457]","[0.4597, 0.4765]","[0.468, 0.4112]","[0.4706, 0.3689]","[0.4721, 0.3321]","[0.4431, 0.4847]","[0.434, 0.4395]","[0.4344, 0.4738]","[0.4387, 0.5028]","[0.4275, 0.4976]","[0.4201, 0.4684]","[0.4222, 0.4892]","[0.4271, 0.5089]"
"[0.4422, 0.619]","[0.4654, 0.5886]","[0.474, 0.5392]","[0.459, 0.4972]","[0.4417, 0.4619]","[0.4761, 0.4801]","[0.4733, 0.4218]","[0.4686, 0.3815]","[0.4634, 0.346]","[0.4598, 0.4764]","[0.4681, 0.4117]","[0.4705, 0.3693]","[0.4721, 0.3322]","[0.4433, 0.4844]","[0.4343, 0.4384]","[0.4341, 0.4724]","[0.438, 0.5019]","[0.4277, 0.497]","[0.4202, 0.4673]","[0.422, 0.4879]","[0.4265, 0.5081]"
"[0.442, 0.6175]","[0.4646, 0.5889]","[0.4739, 0.5405]","[0.4596, 0.4983]","[0.4428, 0.4629]","[0.4758, 0.4799]","[0.473, 0.4218]","[0.4682, 0.3819]","[0.4629, 0.3466]","[0.4596, 0.4757]","[0.4679, 0.411]","[0.4707, 0.3689]","[0.4723, 0.3327]","[0.4429, 0.4835]","[0.434, 0.4389]","[0.4337, 0.4727]","[0.4371, 0.5021]","[0.4272, 0.4962]","[0.4203, 0.4664]","[0.4216, 0.4873]","[0.4255, 0.5074]"
"[0.4424, 0.6174]","[0.464, 0.5901]","[0.4724, 0.5414]","[0.4594, 0.4985]","[0.4425, 0.4608]","[0.4764, 0.4798]","[0.473, 0.4213]","[0.468, 0.3802]","[0.4626, 0.3451]","[0.4601, 0.4763]","[0.468, 0.411]","[0.4704, 0.3692]","[0.4721, 0.3325]","[0.4433, 0.4842]","[0.4344, 0.4376]","[0.4334, 0.4722]","[0.4367, 0.5026]","[0.4274, 0.4964]","[0.4199, 0.4669]","[0.4209, 0.4887]","[0.4249, 0.51]"
"[0.4419, 0.6178]","[0.4644, 0.5888]","[0.4733, 0.5395]","[0.4587, 0.4964]","[0.4416, 0.4605]","[0.4763, 0.4794]","[0.4729, 0.4213]","[0.4677, 0.3809]","[0.4621, 0.3455]","[0.4598, 0.4757]","[0.4677, 0.4114]","[0.4701, 0.3695]","[0.4716, 0.3332]","[0.443, 0.4837]","[0.4337, 0.4392]","[0.4336, 0.4743]","[0.4377, 0.5032]","[0.4271, 0.4962]","[0.4196, 0.4679]","[0.4212, 0.4902]","[0.4258, 0.5106]"
"[0.4414, 0.619]","[0.4625, 0.5918]","[0.472, 0.5442]","[0.4602, 0.4993]","[0.4444, 0.4616]","[0.4746, 0.4816]","[0.4725, 0.422]","[0.4679, 0.3817]","[0.4627, 0.3459]","[0.4588, 0.4767]","[0.4674, 0.4121]","[0.4698, 0.3705]","[0.4714, 0.333]","[0.4426, 0.4842]","[0.4334, 0.4381]","[0.4326, 0.4725]","[0.4362, 0.5029]","[0.427, 0.4971]","[0.4196, 0.4668]","[0.4209, 0.4886]","[0.4252, 0.5106]"
"[0.4415, 0.6194]","[0.4627, 0.5909]","[0.4721, 0.5413]","[0.4586, 0.4968]","[0.4416, 0.4605]","[0.4755, 0.4819]","[0.4724, 0.4231]","[0.4671, 0.3829]","[0.4614, 0.3476]","[0.4593, 0.4772]","[0.4676, 0.412]","[0.47, 0.3697]","[0.4715, 0.3327]","[0.4429, 0.4843]","[0.4332, 0.4397]","[0.4329, 0.4748]","[0.4371, 0.5045]","[0.4274, 0.4959]","[0.4197, 0.4675]","[0.4213, 0.489]","[0.4259, 0.5093]"
"[0.4412, 0.6184]","[0.4632, 0.5895]","[0.4721, 0.5406]","[0.4577, 0.4974]","[0.4413, 0.4612]","[0.4753, 0.4805]","[0.4727, 0.4216]","[0.4681, 0.3813]","[0.4628, 0.346]","[0.459, 0.4765]","[0.4674, 0.412]","[0.4697, 0.3699]","[0.471, 0.333]","[0.4423, 0.4841]","[0.4329, 0.4399]","[0.433, 0.4739]","[0.4372, 0.503]","[0.4266, 0.4964]","[0.4195, 0.4678]","[0.4214, 0.489]","[0.4263, 0.5091]"
"[0.4417, 0.6186]","[0.4644, 0.5904]","[0.4734, 0.542]","[0.4588, 0.4999]","[0.4417, 0.4647]","[0.4752, 0.4798]","[0.4722, 0.4215]","[0.4674, 0.3809]","[0.4621, 0.3461]","[0.459, 0.476]","[0.4671, 0.4114]","[0.4694, 0.3692]","[0.4708, 0.3322]","[0.4426, 0.484]","[0.4332, 0.439]","[0.4332, 0.4724]","[0.4373, 0.5016]","[0.427, 0.4963]","[0.4195, 0.4672]","[0.4214, 0.4882]","[0.4265, 0.5087]"
"[0.4427, 0.619]","[0.4652, 0.5911]","[0.4743, 0.5423]","[0.4596, 0.4994]","[0.4427, 0.4635]","[0.476, 0.4799]","[0.4731, 0.4213]","[0.4687, 0.3808]","[0.464, 0.3454]","[0.4599, 0.4751]","[0.4679, 0.4102]","[0.4702, 0.3683]","[0.472, 0.3319]","[0.4433, 0.483]","[0.4342, 0.4371]","[0.4334, 0.4706]","[0.4369, 0.5004]","[0.4278, 0.4958]","[0.4209, 0.4659]","[0.4224, 0.486]","[0.4268, 0.5063]"
"[0.4434, 0.6185]","[0.4654, 0.5892]","[0.4753, 0.5399]","[0.4598, 0.4971]","[0.4421, 0.4643]","[0.4768, 0.4795]","[0.4743, 0.4207]","[0.4696, 0.3808]","[0.4647, 0.345]","[0.4606, 0.4746]","[0.4688, 0.4102]","[0.4711, 0.3683]","[0.4728, 0.3316]","[0.4441, 0.4823]","[0.4352, 0.4366]","[0.4344, 0.4705]","[0.4379, 0.5007]","[0.4282, 0.4955]","[0.4216, 0.4648]","[0.4231, 0.4851]","[0.4274, 0.5057]"
"[0.4428, 0.6181]","[0.4651, 0.5886]","[0.4748, 0.5394]","[0.4601, 0.4966]","[0.443, 0.463]","[0.4775, 0.4797]","[0.4746, 0.4204]","[0.4697, 0.3807]","[0.4643, 0.3449]","[0.4611, 0.4748]","[0.4692, 0.4104]","[0.4714, 0.3682]","[0.473, 0.3311]","[0.4446, 0.4823]","[0.4353, 0.4361]","[0.4347, 0.4699]","[0.4385, 0.5]","[0.4291, 0.4952]","[0.4219, 0.4641]","[0.4234, 0.4842]","[0.428, 0.505]"
"[0.4434, 0.6177]","[0.4653, 0.5894]","[0.4739, 0.5393]","[0.4601, 0.4963]","[0.4431, 0.4609]","[0.4781, 0.4795]","[0.4749, 0.42]","[0.4699, 0.3797]","[0.4642, 0.3441]","[0.4618, 0.4754]","[0.47, 0.4109]","[0.4721, 0.3685]","[0.4734, 0.3316]","[0.445, 0.4831]","[0.4355, 0.4373]","[0.4352, 0.4704]","[0.4394, 0.4992]","[0.4294, 0.4952]","[0.4219, 0.4648]","[0.4237, 0.4854]","[0.4286, 0.5058]"
"[0.443, 0.6184]","[0.4654, 0.5899]","[0.4749, 0.5399]","[0.4602, 0.4966]","[0.4436, 0.4611]","[0.478, 0.4809]","[0.4754, 0.4205]","[0.471, 0.38]","[0.4664, 0.344]","[0.4617, 0.4761]","[0.4697, 0.411]","[0.4718, 0.369]","[0.4731, 0.3321]","[0.4449, 0.4833]","[0.4354, 0.4372]","[0.435, 0.4713]","[0.4388, 0.5006]","[0.4292, 0.496]","[0.422, 0.4647]","[0.4237, 0.4854]","[0.4284, 0.5059]"
"[0.4435, 0.6199]","[0.465, 0.5914]","[0.4748, 0.5419]","[0.4614, 0.4975]","[0.4452, 0.463]","[0.4772, 0.4822]","[0.4746, 0.4211]","[0.4701, 0.381]","[0.4655, 0.3448]","[0.4611, 0.4764]","[0.469, 0.411]","[0.4712, 0.3698]","[0.4729, 0.3333]","[0.4446, 0.4833]","[0.4352, 0.4358]","[0.4339, 0.4707]","[0.437, 0.5018]","[0.4288, 0.497]","[0.4219, 0.4647]","[0.4228, 0.4859]","[0.4266, 0.5076]"
"[0.4427, 0.6199]","[0.4638, 0.5908]","[0.4734, 0.5408]","[0.4599, 0.496]","[0.4428, 0.4615]","[0.4765, 0.4813]","[0.4738, 0.421]","[0.469, 0.3807]","[0.4639, 0.345]","[0.4603, 0.4763]","[0.4683, 0.4111]","[0.4703, 0.3696]","[0.4719, 0.3328]","[0.4438, 0.4839]","[0.434, 0.4372]","[0.4333, 0.4712]","[0.4372, 0.5016]","[0.4282, 0.4968]","[0.421, 0.4651]","[0.4218, 0.4851]","[0.4257, 0.5059]"
"[0.4422, 0.6182]","[0.4638, 0.5895]","[0.4733, 0.5387]","[0.4587, 0.4949]","[0.4417, 0.4602]","[0.4759, 0.4799]","[0.4733, 0.4208]","[0.4687, 0.381]","[0.4635, 0.3458]","[0.4598, 0.4754]","[0.4683, 0.4107]","[0.4703, 0.3693]","[0.4715, 0.3333]","[0.4433, 0.4831]","[0.4335, 0.4387]","[0.433, 0.4731]","[0.4369, 0.5027]","[0.4279, 0.496]","[0.4207, 0.4654]","[0.4219, 0.4861]","[0.4261, 0.5065]"
"[0.4433, 0.618]","[0.4651, 0.5899]","[0.475, 0.5401]","[0.4597, 0.4974]","[0.4424, 0.465]","[0.4757, 0.4795]","[0.4728, 0.4197]","[0.4678, 0.3805]","[0.462, 0.3447]","[0.4591, 0.4745]","[0.4674, 0.4095]","[0.4698, 0.368]","[0.471, 0.3312]","[0.4424, 0.4822]","[0.4335, 0.4355]","[0.4334, 0.4692]","[0.4369, 0.4997]","[0.4264, 0.4968]","[0.4201, 0.4648]","[0.422, 0.4853]","[0.4259, 0.5066]"
"[0.4428, 0.6163]","[0.4654, 0.5871]","[0.4749, 0.5378]","[0.46, 0.495]","[0.4429, 0.4615]","[0.4758, 0.477]","[0.4731, 0.417]","[0.4693, 0.3774]","[0.4651, 0.3417]","[0.4592, 0.4728]","[0.4663, 0.4087]","[0.4685, 0.3672]","[0.4699, 0.3297]","[0.4425, 0.4811]","[0.4334, 0.4355]","[0.4336, 0.469]","[0.4373, 0.4988]","[0.4264, 0.4959]","[0.4197, 0.464]","[0.422, 0.485]","[0.4263, 0.5066]"
"[0.4409, 0.6144]","[0.4622, 0.5853]","[0.471, 0.5369]","[0.4574, 0.4939]","[0.441, 0.4583]","[0.4726, 0.4764]","[0.47, 0.4161]","[0.466, 0.3759]","[0.4615, 0.3399]","[0.4567, 0.4722]","[0.4636, 0.4074]","[0.4656, 0.3654]","[0.4667, 0.3268]","[0.4404, 0.4802]","[0.43, 0.4328]","[0.4302, 0.4675]","[0.4339, 0.4981]","[0.4247, 0.4944]","[0.4174, 0.4628]","[0.419, 0.4838]","[0.423, 0.5053]"
"[0.4388, 0.6141]","[0.4594, 0.5864]","[0.4678, 0.5366]","[0.4536, 0.4933]","[0.4366, 0.4589]","[0.47, 0.4758]","[0.4672, 0.4149]","[0.4628, 0.3754]","[0.4578, 0.3395]","[0.4541, 0.4714]","[0.4611, 0.4068]","[0.463, 0.3663]","[0.464, 0.3287]","[0.4378, 0.4798]","[0.4273, 0.4312]","[0.4271, 0.4657]","[0.4307, 0.4963]","[0.4224, 0.4951]","[0.4153, 0.4626]","[0.4169, 0.4833]","[0.4208, 0.5049]"
"[0.4372, 0.6154]","[0.4583, 0.5852]","[0.4672, 0.5352]","[0.4522, 0.4929]","[0.4347, 0.4616]","[0.4673, 0.4738]","[0.4646, 0.4145]","[0.4597, 0.3753]","[0.4546, 0.3396]","[0.4512, 0.4698]","[0.4579, 0.406]","[0.4599, 0.3654]","[0.4613, 0.3281]","[0.4351, 0.4788]","[0.4253, 0.4307]","[0.4261, 0.4631]","[0.4301, 0.4932]","[0.4198, 0.4951]","[0.4132, 0.4624]","[0.4159, 0.4815]","[0.4205, 0.5029]"
"[0.4376, 0.6153]","[0.4593, 0.5831]","[0.4685, 0.535]","[0.4532, 0.4919]","[0.4367, 0.4593]","[0.4688, 0.475]","[0.4654, 0.4164]","[0.4597, 0.377]","[0.4533, 0.3413]","[0.4523, 0.4704]","[0.4602, 0.4052]","[0.4617, 0.3642]","[0.4622, 0.3273]","[0.4359, 0.4787]","[0.4268, 0.432]","[0.4272, 0.4643]","[0.4313, 0.4942]","[0.4205, 0.4952]","[0.414, 0.4629]","[0.417, 0.4816]","[0.422, 0.5024]"
"[0.4391, 0.6145]","[0.4599, 0.5844]","[0.4689, 0.536]","[0.4549, 0.4916]","[0.4384, 0.4559]","[0.4702, 0.4741]","[0.4666, 0.415]","[0.461, 0.3754]","[0.4549, 0.3394]","[0.4541, 0.4697]","[0.4617, 0.4039]","[0.4631, 0.3621]","[0.464, 0.3247]","[0.4379, 0.4779]","[0.4278, 0.4317]","[0.4278, 0.4639]","[0.4323, 0.4931]","[0.4227, 0.4928]","[0.4148, 0.4621]","[0.4174, 0.4811]","[0.4231, 0.5011]"
"[0.4414, 0.6141]","[0.4637, 0.5832]","[0.4727, 0.534]","[0.4568, 0.4919]","[0.4404, 0.4581]","[0.473, 0.4724]","[0.469, 0.4144]","[0.4631, 0.3751]","[0.4569, 0.3391]","[0.4568, 0.4679]","[0.4646, 0.4038]","[0.4665, 0.3616]","[0.4675, 0.3243]","[0.4404, 0.476]","[0.4313, 0.4292]","[0.4314, 0.4636]","[0.4355, 0.4943]","[0.4248, 0.4904]","[0.4172, 0.4594]","[0.4201, 0.4804]","[0.4259, 0.5015]"
"[0.4418, 0.6134]","[0.4624, 0.5824]","[0.4706, 0.5319]","[0.4553, 0.4874]","[0.4379, 0.4529]","[0.4732, 0.4712]","[0.47, 0.4125]","[0.4647, 0.3732]","[0.4589, 0.3373]","[0.4568, 0.4673]","[0.4643, 0.4032]","[0.466, 0.3613]","[0.4667, 0.3236]","[0.4404, 0.4761]","[0.4306, 0.4316]","[0.431, 0.4649]","[0.4355, 0.4937]","[0.4253, 0.4909]","[0.4178, 0.4598]","[0.4202, 0.4806]","[0.4255, 0.5014]"
"[0.4425, 0.6137]","[0.4635, 0.5818]","[0.4721, 0.5318]","[0.4569, 0.4867]","[0.4404, 0.4493]","[0.4746, 0.4733]","[0.4702, 0.4151]","[0.4643, 0.375]","[0.4579, 0.3392]","[0.4586, 0.4689]","[0.4663, 0.4032]","[0.4679, 0.3615]","[0.4686, 0.3254]","[0.4424, 0.477]","[0.432, 0.4305]","[0.4312, 0.4643]","[0.4351, 0.4942]","[0.427, 0.4906]","[0.4187, 0.4595]","[0.4209, 0.4801]","[0.4264, 0.5005]"
"[0.4419, 0.6127]","[0.4616, 0.5831]","[0.4694, 0.5324]","[0.4552, 0.4884]","[0.4382, 0.4519]","[0.4733, 0.4704]","[0.4698, 0.4117]","[0.4645, 0.3711]","[0.4586, 0.3354]","[0.4572, 0.4669]","[0.4644, 0.4031]","[0.4657, 0.3623]","[0.4659, 0.3257]","[0.4409, 0.4757]","[0.4299, 0.4306]","[0.4298, 0.4644]","[0.4341, 0.4928]","[0.4257, 0.4899]","[0.4175, 0.4599]","[0.419, 0.4806]","[0.4236, 0.5004]"
"[0.4408, 0.6132]","[0.4615, 0.5829]","[0.4705, 0.5334]","[0.4557, 0.4895]","[0.4392, 0.452]","[0.473, 0.4722]","[0.4692, 0.4139]","[0.4637, 0.374]","[0.4578, 0.3387]","[0.4569, 0.4679]","[0.4645, 0.4023]","[0.4662, 0.3612]","[0.4671, 0.3251]","[0.4409, 0.4761]","[0.4305, 0.4302]","[0.4297, 0.4631]","[0.4334, 0.4914]","[0.4257, 0.4899]","[0.4174, 0.4587]","[0.4192, 0.4793]","[0.4242, 0.4994]"
"[0.4422, 0.6152]","[0.4637, 0.5836]","[0.4733, 0.5338]","[0.459, 0.4889]","[0.443, 0.4543]","[0.4737, 0.4756]","[0.4708, 0.4154]","[0.4655, 0.3748]","[0.4598, 0.3386]","[0.4578, 0.4709]","[0.4652, 0.4052]","[0.4668, 0.3633]","[0.4681, 0.3259]","[0.4418, 0.4788]","[0.4326, 0.4303]","[0.4314, 0.4629]","[0.4346, 0.4932]","[0.4268, 0.4928]","[0.4187, 0.46]","[0.4202, 0.4783]","[0.4251, 0.498]"
"[0.443, 0.6119]","[0.4637, 0.5796]","[0.4716, 0.5296]","[0.4573, 0.4854]","[0.4407, 0.4469]","[0.476, 0.4734]","[0.4719, 0.414]","[0.4667, 0.3729]","[0.4611, 0.3375]","[0.4597, 0.4698]","[0.4669, 0.4042]","[0.4684, 0.363]","[0.4694, 0.3254]","[0.4434, 0.4772]","[0.4324, 0.4319]","[0.4325, 0.4656]","[0.4374, 0.4932]","[0.4279, 0.4887]","[0.4191, 0.4611]","[0.4211, 0.4818]","[0.4267, 0.5]"
"[0.4428, 0.6109]","[0.4653, 0.5796]","[0.4747, 0.5303]","[0.4595, 0.4861]","[0.4429, 0.45]","[0.4752, 0.4727]","[0.4728, 0.4132]","[0.4678, 0.3728]","[0.4624, 0.3374]","[0.4591, 0.4687]","[0.4673, 0.404]","[0.4691, 0.3625]","[0.4701, 0.3256]","[0.4431, 0.4767]","[0.4335, 0.4315]","[0.4334, 0.4636]","[0.4375, 0.4917]","[0.4279, 0.4897]","[0.42, 0.4603]","[0.4221, 0.4795]","[0.4276, 0.4983]"
"[0.4436, 0.6103]","[0.4651, 0.5812]","[0.4739, 0.5316]","[0.4601, 0.4873]","[0.4437, 0.451]","[0.476, 0.4732]","[0.4731, 0.4143]","[0.4678, 0.3744]","[0.4619, 0.3387]","[0.46, 0.469]","[0.4678, 0.4046]","[0.4696, 0.3631]","[0.4704, 0.326]","[0.4438, 0.4768]","[0.4342, 0.4318]","[0.4345, 0.4648]","[0.4387, 0.4935]","[0.4286, 0.4898]","[0.421, 0.4591]","[0.4229, 0.4794]","[0.4276, 0.4997]"
"[0.4441, 0.6087]","[0.4658, 0.5785]","[0.4742, 0.5299]","[0.4601, 0.4869]","[0.4432, 0.4511]","[0.4764, 0.472]","[0.4733, 0.4138]","[0.468, 0.3742]","[0.4622, 0.339]","[0.4604, 0.4687]","[0.468, 0.4046]","[0.4699, 0.3628]","[0.4709, 0.3258]","[0.4441, 0.477]","[0.4348, 0.4316]","[0.4348, 0.4641]","[0.4388, 0.493]","[0.4287, 0.4896]","[0.4216, 0.4593]","[0.4235, 0.4796]","[0.4283, 0.5001]"
"[0.444, 0.6096]","[0.4664, 0.5802]","[0.4767, 0.5314]","[0.4613, 0.4876]","[0.4439, 0.4545]","[0.4767, 0.4731]","[0.474, 0.4154]","[0.4687, 0.3762]","[0.4631, 0.3406]","[0.4606, 0.4684]","[0.4684, 0.4051]","[0.4704, 0.3635]","[0.4716, 0.3269]","[0.4444, 0.4763]","[0.4354, 0.4308]","[0.4349, 0.4629]","[0.4384, 0.4925]","[0.4291, 0.49]","[0.4221, 0.4587]","[0.4237, 0.4777]","[0.4281, 0.4979]"
"[0.4446, 0.611]","[0.4666, 0.5819]","[0.4768, 0.5333]","[0.4623, 0.4897]","[0.4452, 0.4579]","[0.4775, 0.4748]","[0.4747, 0.4163]","[0.4698, 0.3772]","[0.4646, 0.3412]","[0.4612, 0.4696]","[0.469, 0.4064]","[0.471, 0.3652]","[0.4723, 0.3272]","[0.445, 0.4772]","[0.4357, 0.4306]","[0.4358, 0.4632]","[0.4396, 0.4931]","[0.4295, 0.4923]","[0.4229, 0.4588]","[0.4253, 0.4789]","[0.4299, 0.5011]"
"[0.4444, 0.6132]","[0.4658, 0.5824]","[0.4754, 0.5331]","[0.4615, 0.4887]","[0.4451, 0.457]","[0.4765, 0.476]","[0.4733, 0.4168]","[0.4681, 0.3779]","[0.4624, 0.342]","[0.4606, 0.4714]","[0.468, 0.4079]","[0.4697, 0.3664]","[0.4709, 0.3281]","[0.4445, 0.4792]","[0.4351, 0.4303]","[0.4345, 0.4621]","[0.438, 0.4927]","[0.429, 0.4938]","[0.4219, 0.4592]","[0.4236, 0.4778]","[0.4278, 0.4994]"
"[0.4423, 0.6138]","[0.4633, 0.5839]","[0.4729, 0.5343]","[0.4601, 0.4892]","[0.4442, 0.4546]","[0.4751, 0.477]","[0.4718, 0.418]","[0.4664, 0.3784]","[0.4604, 0.3423]","[0.4592, 0.4727]","[0.4666, 0.4089]","[0.4682, 0.3676]","[0.469, 0.3292]","[0.4431, 0.4803]","[0.4331, 0.4328]","[0.4333, 0.4672]","[0.4375, 0.4973]","[0.4278, 0.4932]","[0.4204, 0.4609]","[0.4221, 0.4818]","[0.4264, 0.5029]"
"[0.4432, 0.6118]","[0.4641, 0.583]","[0.4726, 0.5336]","[0.4588, 0.4909]","[0.4418, 0.4565]","[0.4753, 0.4757]","[0.4717, 0.4168]","[0.4664, 0.3766]","[0.4606, 0.3418]","[0.459, 0.4734]","[0.4663, 0.4093]","[0.4677, 0.367]","[0.4685, 0.3288]","[0.4426, 0.4813]","[0.4328, 0.4359]","[0.4331, 0.4683]","[0.4378, 0.496]","[0.4274, 0.4926]","[0.4196, 0.4616]","[0.4214, 0.4808]","[0.4263, 0.5003]"
"[0.4425, 0.6094]","[0.4648, 0.5802]","[0.4733, 0.5312]","[0.4585, 0.4896]","[0.4415, 0.4555]","[0.4756, 0.4751]","[0.4717, 0.4177]","[0.4662, 0.3779]","[0.4603, 0.3428]","[0.4594, 0.4724]","[0.467, 0.4085]","[0.4686, 0.3655]","[0.4695, 0.3268]","[0.4429, 0.48]","[0.4336, 0.435]","[0.4339, 0.4688]","[0.4383, 0.4967]","[0.4276, 0.4915]","[0.42, 0.4616]","[0.4223, 0.4818]","[0.427, 0.5015]"
"[0.4431, 0.6092]","[0.4648, 0.5809]","[0.4735, 0.5329]","[0.4599, 0.4911]","[0.443, 0.4576]","[0.475, 0.4736]","[0.4713, 0.4167]","[0.4661, 0.3773]","[0.4604, 0.3424]","[0.4588, 0.4706]","[0.4659, 0.4073]","[0.4681, 0.3657]","[0.4693, 0.3279]","[0.4423, 0.4792]","[0.4328, 0.433]","[0.4329, 0.4668]","[0.4368, 0.4964]","[0.4267, 0.4926]","[0.4194, 0.4623]","[0.4214, 0.4839]","[0.426, 0.5052]"
"[0.4422, 0.6118]","[0.4635, 0.5838]","[0.4737, 0.5349]","[0.459, 0.4927]","[0.4418, 0.4626]","[0.4735, 0.4765]","[0.4703, 0.418]","[0.4652, 0.3796]","[0.4594, 0.3444]","[0.4578, 0.4721]","[0.4653, 0.4088]","[0.4671, 0.3668]","[0.468, 0.3295]","[0.4416, 0.4797]","[0.4322, 0.4337]","[0.4316, 0.4667]","[0.4348, 0.4971]","[0.4262, 0.4933]","[0.4191, 0.462]","[0.4205, 0.4816]","[0.4243, 0.5024]"
"[0.4419, 0.6138]","[0.4619, 0.5866]","[0.4708, 0.536]","[0.458, 0.4922]","[0.4413, 0.4576]","[0.4733, 0.4766]","[0.47, 0.4179]","[0.4646, 0.3783]","[0.4586, 0.3436]","[0.4575, 0.4729]","[0.4647, 0.4088]","[0.4662, 0.3674]","[0.4672, 0.33]","[0.4414, 0.481]","[0.4315, 0.433]","[0.431, 0.4668]","[0.4347, 0.4965]","[0.4262, 0.4937]","[0.4185, 0.4622]","[0.4197, 0.4823]","[0.4238, 0.5028]"
"[0.4426, 0.6154]","[0.464, 0.5849]","[0.4728, 0.5333]","[0.4569, 0.4887]","[0.4401, 0.452]","[0.4749, 0.4769]","[0.4714, 0.4183]","[0.4654, 0.3786]","[0.4587, 0.3429]","[0.4585, 0.472]","[0.4669, 0.4078]","[0.4688, 0.3662]","[0.4697, 0.3301]","[0.4421, 0.4799]","[0.4333, 0.4337]","[0.4329, 0.4669]","[0.4363, 0.4958]","[0.4268, 0.4932]","[0.4197, 0.4619]","[0.4221, 0.482]","[0.4272, 0.5018]"
"[0.4432, 0.6147]","[0.4655, 0.5831]","[0.4752, 0.532]","[0.4588, 0.488]","[0.4411, 0.4545]","[0.4759, 0.477]","[0.4726, 0.4183]","[0.4668, 0.3789]","[0.4606, 0.3433]","[0.4594, 0.4722]","[0.4674, 0.4074]","[0.4693, 0.366]","[0.4702, 0.3291]","[0.4432, 0.4798]","[0.4337, 0.4339]","[0.4343, 0.4674]","[0.4385, 0.4965]","[0.4278, 0.4931]","[0.4202, 0.462]","[0.4231, 0.4829]","[0.4287, 0.5033]"
"[0.444, 0.6112]","[0.466, 0.5804]","[0.4757, 0.5327]","[0.4594, 0.4898]","[0.4416, 0.4558]","[0.4762, 0.4753]","[0.4736, 0.4173]","[0.4684, 0.378]","[0.4629, 0.3425]","[0.4599, 0.4706]","[0.4678, 0.4072]","[0.4699, 0.3668]","[0.4709, 0.3307]","[0.4436, 0.4781]","[0.4344, 0.4343]","[0.4345, 0.467]","[0.438, 0.4959]","[0.4277, 0.4916]","[0.4212, 0.4615]","[0.4235, 0.4817]","[0.4278, 0.5022]"
"[0.4431, 0.6116]","[0.4651, 0.5822]","[0.4743, 0.5334]","[0.4599, 0.4899]","[0.4429, 0.4562]","[0.4755, 0.4749]","[0.4724, 0.4171]","[0.4671, 0.3786]","[0.4614, 0.3434]","[0.4595, 0.4702]","[0.4663, 0.4073]","[0.4686, 0.3664]","[0.47, 0.3296]","[0.4431, 0.4784]","[0.434, 0.4326]","[0.4339, 0.4658]","[0.4371, 0.4952]","[0.4273, 0.4936]","[0.4208, 0.4621]","[0.4224, 0.4824]","[0.4259, 0.503]"
"[0.4429, 0.6117]","[0.4649, 0.5829]","[0.4741, 0.5342]","[0.4587, 0.4907]","[0.4416, 0.4555]","[0.4758, 0.4752]","[0.4726, 0.4172]","[0.4671, 0.3782]","[0.4611, 0.3429]","[0.4595, 0.4712]","[0.467, 0.408]","[0.4689, 0.3671]","[0.4699, 0.33]","[0.443, 0.4794]","[0.4337, 0.4335]","[0.4339, 0.4657]","[0.4375, 0.4944]","[0.4272, 0.4934]","[0.4204, 0.4615]","[0.4224, 0.4809]","[0.4265, 0.501]"
"[0.4432, 0.6125]","[0.4651, 0.5835]","[0.4747, 0.5348]","[0.4599, 0.4912]","[0.443, 0.4568]","[0.4755, 0.4758]","[0.4724, 0.4175]","[0.4671, 0.3786]","[0.4613, 0.3434]","[0.4593, 0.4712]","[0.4668, 0.4075]","[0.4687, 0.3665]","[0.4697, 0.3297]","[0.4431, 0.4791]","[0.4336, 0.4324]","[0.4334, 0.4641]","[0.4368, 0.4929]","[0.4273, 0.4933]","[0.4205, 0.4599]","[0.4224, 0.4796]","[0.4265, 0.5007]"
"[0.4437, 0.6126]","[0.4659, 0.5839]","[0.4764, 0.5349]","[0.4608, 0.4906]","[0.4431, 0.458]","[0.4765, 0.4764]","[0.4739, 0.4176]","[0.4688, 0.3789]","[0.4634, 0.3438]","[0.46, 0.4719]","[0.4673, 0.4072]","[0.469, 0.3663]","[0.4699, 0.3294]","[0.4435, 0.4801]","[0.4346, 0.4327]","[0.4345, 0.4633]","[0.4376, 0.4924]","[0.4275, 0.4954]","[0.4212, 0.4612]","[0.4234, 0.4791]","[0.4274, 0.4999]"
"[0.444, 0.6133]","[0.4655, 0.585]","[0.4751, 0.5367]","[0.462, 0.4937]","[0.4459, 0.4599]","[0.4756, 0.4766]","[0.4727, 0.4177]","[0.4677, 0.379]","[0.4625, 0.3433]","[0.4599, 0.4718]","[0.4666, 0.4078]","[0.4685, 0.3673]","[0.4701, 0.3297]","[0.4437, 0.4798]","[0.4343, 0.4294]","[0.4339, 0.4613]","[0.4372, 0.4918]","[0.4282, 0.4949]","[0.4215, 0.4603]","[0.4232, 0.4796]","[0.427, 0.5017]"
"[0.4438, 0.6141]","[0.4654, 0.5863]","[0.4754, 0.5373]","[0.461, 0.4936]","[0.4442, 0.461]","[0.4762, 0.4781]","[0.4732, 0.4185]","[0.4681, 0.3796]","[0.4627, 0.3436]","[0.46, 0.4726]","[0.4676, 0.4078]","[0.4693, 0.3667]","[0.4707, 0.3287]","[0.4438, 0.48]","[0.4347, 0.4312]","[0.4341, 0.4635]","[0.4372, 0.4939]","[0.4284, 0.4952]","[0.4219, 0.4607]","[0.4238, 0.4804]","[0.4278, 0.5028]"
"[0.4434, 0.6139]","[0.4655, 0.5843]","[0.4755, 0.5358]","[0.4601, 0.4933]","[0.4434, 0.4613]","[0.4762, 0.477]","[0.4735, 0.4181]","[0.4686, 0.3795]","[0.4634, 0.3439]","[0.4599, 0.4716]","[0.4673, 0.4073]","[0.4691, 0.3669]","[0.4705, 0.3297]","[0.4437, 0.479]","[0.4347, 0.4306]","[0.4342, 0.4632]","[0.4372, 0.4936]","[0.4278, 0.4944]","[0.4219, 0.46]","[0.4241, 0.48]","[0.4282, 0.5025]"
"[0.4441, 0.612]","[0.4653, 0.5817]","[0.4742, 0.5327]","[0.4598, 0.4907]","[0.4437, 0.4571]","[0.4766, 0.4742]","[0.473, 0.4163]","[0.4678, 0.377]","[0.4621, 0.3417]","[0.4604, 0.4706]","[0.4674, 0.4071]","[0.4691, 0.3661]","[0.4702, 0.3296]","[0.444, 0.4788]","[0.4341, 0.4339]","[0.4349, 0.4678]","[0.4397, 0.497]","[0.4287, 0.4924]","[0.4214, 0.4625]","[0.4237, 0.4842]","[0.4287, 0.505]"
"[0.444, 0.6118]","[0.4654, 0.5818]","[0.4746, 0.5331]","[0.4597, 0.4908]","[0.4429, 0.4575]","[0.477, 0.4753]","[0.4731, 0.4175]","[0.4675, 0.3786]","[0.4618, 0.3433]","[0.4608, 0.471]","[0.4681, 0.407]","[0.4698, 0.3654]","[0.4712, 0.3289]","[0.4444, 0.4785]","[0.4348, 0.4329]","[0.4339, 0.4655]","[0.4376, 0.4945]","[0.4292, 0.4915]","[0.4217, 0.4609]","[0.4231, 0.4812]","[0.4277, 0.5015]"
"[0.4438, 0.61]","[0.4651, 0.5813]","[0.4734, 0.5329]","[0.4598, 0.4911]","[0.4428, 0.4556]","[0.4767, 0.4735]","[0.473, 0.4154]","[0.4678, 0.3755]","[0.4622, 0.3411]","[0.4607, 0.4707]","[0.468, 0.4066]","[0.4698, 0.3645]","[0.471, 0.3281]","[0.4444, 0.4785]","[0.4346, 0.4336]","[0.4339, 0.4668]","[0.4377, 0.4953]","[0.4293, 0.4901]","[0.4217, 0.4615]","[0.4229, 0.4827]","[0.4271, 0.503]"
"[0.4432, 0.6134]","[0.4657, 0.5835]","[0.4757, 0.5334]","[0.4604, 0.4903]","[0.4434, 0.459]","[0.477, 0.4758]","[0.4737, 0.4182]","[0.4685, 0.3792]","[0.4633, 0.3438]","[0.4607, 0.4705]","[0.4677, 0.4076]","[0.4695, 0.3664]","[0.4711, 0.33]","[0.4443, 0.478]","[0.4353, 0.4324]","[0.4345, 0.4659]","[0.4377, 0.4958]","[0.4289, 0.4927]","[0.4221, 0.4616]","[0.4238, 0.4823]","[0.4281, 0.5038]"
"[0.4444, 0.6139]","[0.4666, 0.5834]","[0.4762, 0.5344]","[0.4616, 0.4932]","[0.4446, 0.4617]","[0.4767, 0.476]","[0.4734, 0.418]","[0.4682, 0.3789]","[0.4627, 0.3437]","[0.4607, 0.4717]","[0.4677, 0.4083]","[0.4697, 0.3667]","[0.4712, 0.33]","[0.4444, 0.4794]","[0.435, 0.432]","[0.4343, 0.4653]","[0.4376, 0.4957]","[0.429, 0.4931]","[0.4217, 0.4613]","[0.4232, 0.482]","[0.4274, 0.5035]"
"[0.4439, 0.6124]","[0.4662, 0.5813]","[0.4752, 0.5328]","[0.4604, 0.492]","[0.4432, 0.4597]","[0.4768, 0.4755]","[0.4733, 0.4181]","[0.468, 0.3791]","[0.4623, 0.344]","[0.4606, 0.4717]","[0.4678, 0.4083]","[0.4698, 0.3661]","[0.4712, 0.3294]","[0.4441, 0.4794]","[0.4351, 0.4342]","[0.4345, 0.4677]","[0.438, 0.4974]","[0.4286, 0.4923]","[0.4219, 0.462]","[0.4233, 0.4827]","[0.4272, 0.5035]"
"[0.4441, 0.6125]","[0.4663, 0.584]","[0.4751, 0.5346]","[0.4606, 0.4936]","[0.4428, 0.4615]","[0.4769, 0.4757]","[0.4731, 0.4181]","[0.4677, 0.3785]","[0.462, 0.3438]","[0.4607, 0.4722]","[0.468, 0.4086]","[0.4699, 0.3661]","[0.4711, 0.3289]","[0.4441, 0.4801]","[0.435, 0.434]","[0.4346, 0.4671]","[0.4382, 0.4964]","[0.4286, 0.4921]","[0.4215, 0.4616]","[0.4229, 0.482]","[0.4269, 0.5026]"
"[0.4445, 0.6139]","[0.4662, 0.5847]","[0.4753, 0.5341]","[0.4605, 0.4915]","[0.4425, 0.4593]","[0.4772, 0.4762]","[0.4735, 0.4181]","[0.468, 0.3786]","[0.4622, 0.3431]","[0.4608, 0.4725]","[0.4682, 0.4091]","[0.4702, 0.3669]","[0.4714, 0.3296]","[0.4442, 0.4807]","[0.4351, 0.4345]","[0.435, 0.4675]","[0.4388, 0.4965]","[0.4287, 0.494]","[0.4214, 0.4631]","[0.4232, 0.4839]","[0.4277, 0.5047]"
"[0.444, 0.6143]","[0.4657, 0.5855]","[0.4754, 0.5347]","[0.4603, 0.4906]","[0.4429, 0.4568]","[0.4778, 0.4771]","[0.4739, 0.4189]","[0.4681, 0.3798]","[0.4622, 0.3443]","[0.4612, 0.4729]","[0.4683, 0.4091]","[0.4702, 0.3675]","[0.4714, 0.3305]","[0.4445, 0.481]","[0.4352, 0.4357]","[0.4354, 0.4689]","[0.4394, 0.4977]","[0.4289, 0.4947]","[0.4219, 0.4634]","[0.4238, 0.484]","[0.4283, 0.5043]"
"[0.4443, 0.6137]","[0.4664, 0.586]","[0.476, 0.5356]","[0.4607, 0.4931]","[0.4431, 0.4593]","[0.4777, 0.4764]","[0.4736, 0.418]","[0.4681, 0.3786]","[0.4623, 0.3433]","[0.4612, 0.4724]","[0.4687, 0.4079]","[0.4708, 0.3662]","[0.472, 0.3293]","[0.4446, 0.4804]","[0.4347, 0.4331]","[0.4345, 0.4664]","[0.4383, 0.4954]","[0.4291, 0.4937]","[0.4216, 0.462]","[0.4232, 0.4826]","[0.4274, 0.503]"
"[0.4438, 0.6142]","[0.4661, 0.5853]","[0.4762, 0.5371]","[0.4616, 0.4945]","[0.4448, 0.4621]","[0.4765, 0.4763]","[0.4733, 0.4172]","[0.4683, 0.3776]","[0.463, 0.3418]","[0.4604, 0.4719]","[0.4675, 0.4084]","[0.4692, 0.3676]","[0.4704, 0.3309]","[0.4443, 0.48]","[0.435, 0.4325]","[0.4347, 0.4648]","[0.4383, 0.4947]","[0.4286, 0.4948]","[0.4216, 0.462]","[0.4237, 0.4816]","[0.4283, 0.5033]"
"[0.4438, 0.6144]","[0.4659, 0.5849]","[0.475, 0.5359]","[0.4612, 0.4934]","[0.4446, 0.4606]","[0.4764, 0.4775]","[0.4731, 0.4185]","[0.4678, 0.379]","[0.4622, 0.343]","[0.4604, 0.4731]","[0.4676, 0.4091]","[0.4694, 0.3677]","[0.4708, 0.3298]","[0.444, 0.4809]","[0.435, 0.4334]","[0.4349, 0.4664]","[0.4388, 0.4964]","[0.4284, 0.4949]","[0.4213, 0.463]","[0.4232, 0.4833]","[0.4276, 0.5045]"
"[0.4443, 0.6126]","[0.4669, 0.5803]","[0.4762, 0.5294]","[0.4595, 0.4866]","[0.4418, 0.454]","[0.4772, 0.4762]","[0.4741, 0.4184]","[0.4686, 0.3793]","[0.4629, 0.3439]","[0.4606, 0.4726]","[0.4676, 0.4088]","[0.47, 0.3673]","[0.4716, 0.3302]","[0.4442, 0.4808]","[0.4355, 0.4358]","[0.4369, 0.4688]","[0.4414, 0.4974]","[0.4286, 0.4947]","[0.422, 0.4639]","[0.425, 0.4837]","[0.43, 0.5032]"
"[0.444, 0.6135]","[0.4663, 0.5824]","[0.4756, 0.5334]","[0.4601, 0.4911]","[0.443, 0.4604]","[0.4762, 0.4763]","[0.4729, 0.4183]","[0.4678, 0.3795]","[0.4624, 0.3437]","[0.46, 0.4716]","[0.4671, 0.4088]","[0.4693, 0.3675]","[0.4709, 0.3298]","[0.4436, 0.4794]","[0.4346, 0.433]","[0.4346, 0.467]","[0.4382, 0.4975]","[0.4279, 0.4939]","[0.4212, 0.4617]","[0.4232, 0.4823]","[0.4274, 0.5039]"
"[0.4435, 0.6121]","[0.4658, 0.5824]","[0.4751, 0.5335]","[0.4598, 0.4923]","[0.4422, 0.4603]","[0.4757, 0.4747]","[0.472, 0.4173]","[0.4668, 0.3782]","[0.4612, 0.3431]","[0.4595, 0.4709]","[0.4668, 0.4076]","[0.469, 0.3667]","[0.4704, 0.3298]","[0.4432, 0.4788]","[0.4337, 0.4328]","[0.4338, 0.4668]","[0.4375, 0.4968]","[0.4275, 0.4922]","[0.4207, 0.4613]","[0.4225, 0.4822]","[0.4267, 0.5035]"
"[0.4433, 0.6114]","[0.4654, 0.5822]","[0.4742, 0.5341]","[0.4599, 0.4926]","[0.443, 0.4594]","[0.4758, 0.4746]","[0.472, 0.4171]","[0.4664, 0.3775]","[0.4606, 0.3428]","[0.4597, 0.4709]","[0.4669, 0.4075]","[0.4688, 0.3663]","[0.4703, 0.3295]","[0.4434, 0.4787]","[0.4338, 0.4333]","[0.4336, 0.4673]","[0.4375, 0.4969]","[0.428, 0.4914]","[0.4205, 0.4618]","[0.422, 0.4829]","[0.4264, 0.5039]"
"[0.4441, 0.6123]","[0.4657, 0.5832]","[0.4746, 0.5339]","[0.4599, 0.4904]","[0.4421, 0.4561]","[0.4764, 0.4749]","[0.473, 0.4167]","[0.4675, 0.3773]","[0.4619, 0.3423]","[0.46, 0.4712]","[0.4669, 0.4073]","[0.4688, 0.3662]","[0.4701, 0.3297]","[0.4436, 0.4797]","[0.4343, 0.435]","[0.435, 0.4672]","[0.4393, 0.4953]","[0.4281, 0.4931]","[0.421, 0.4625]","[0.4232, 0.4827]","[0.4281, 0.503]"
"[0.4435, 0.6137]","[0.4651, 0.5845]","[0.4752, 0.5348]","[0.4604, 0.4916]","[0.443, 0.4605]","[0.4756, 0.4764]","[0.4725, 0.4182]","[0.467, 0.3795]","[0.4613, 0.344]","[0.4594, 0.4719]","[0.4666, 0.4083]","[0.4686, 0.3674]","[0.4701, 0.3302]","[0.4432, 0.4801]","[0.434, 0.4333]","[0.4338, 0.4658]","[0.4374, 0.4957]","[0.4277, 0.4949]","[0.4209, 0.4615]","[0.4228, 0.4808]","[0.427, 0.5023]"
"[0.4436, 0.6141]","[0.4649, 0.5863]","[0.4751, 0.5369]","[0.4607, 0.493]","[0.4439, 0.4598]","[0.4759, 0.4762]","[0.4729, 0.4176]","[0.4676, 0.379]","[0.4619, 0.3437]","[0.4597, 0.472]","[0.4669, 0.4081]","[0.4687, 0.3674]","[0.47, 0.3303]","[0.4434, 0.4805]","[0.4346, 0.4328]","[0.4341, 0.4647]","[0.4375, 0.4944]","[0.4277, 0.4955]","[0.4213, 0.4612]","[0.4231, 0.4801]","[0.4271, 0.5015]"
"[0.4434, 0.6123]","[0.4647, 0.5844]","[0.4743, 0.536]","[0.4602, 0.4935]","[0.4433, 0.4593]","[0.4756, 0.4754]","[0.4726, 0.4173]","[0.4676, 0.3782]","[0.4623, 0.3431]","[0.4596, 0.4717]","[0.467, 0.4078]","[0.4689, 0.3669]","[0.4702, 0.3302]","[0.4432, 0.4797]","[0.4341, 0.4334]","[0.4335, 0.4664]","[0.4368, 0.4962]","[0.4276, 0.4928]","[0.4211, 0.4616]","[0.4224, 0.4819]","[0.4261, 0.5032]"
"[0.4429, 0.6129]","[0.4644, 0.5846]","[0.4749, 0.5354]","[0.4604, 0.4914]","[0.4429, 0.4587]","[0.4762, 0.4767]","[0.4734, 0.4186]","[0.4682, 0.3797]","[0.4629, 0.3442]","[0.46, 0.4721]","[0.4673, 0.4083]","[0.4692, 0.3671]","[0.4706, 0.3305]","[0.4437, 0.4797]","[0.4343, 0.4343]","[0.4336, 0.4677]","[0.437, 0.4977]","[0.4281, 0.4935]","[0.4213, 0.4617]","[0.4226, 0.4822]","[0.4264, 0.504]"
"[0.4431, 0.6142]","[0.4648, 0.5853]","[0.4751, 0.5369]","[0.4612, 0.4932]","[0.4445, 0.4597]","[0.4764, 0.4771]","[0.4736, 0.4187]","[0.4683, 0.3798]","[0.4627, 0.3443]","[0.4604, 0.4721]","[0.4676, 0.4077]","[0.4695, 0.3668]","[0.471, 0.3301]","[0.4442, 0.4799]","[0.4346, 0.4334]","[0.4338, 0.4664]","[0.4372, 0.4964]","[0.4286, 0.4946]","[0.4216, 0.4622]","[0.4229, 0.4825]","[0.4268, 0.5044]"
"[0.4431, 0.6137]","[0.4645, 0.585]","[0.4749, 0.5363]","[0.4604, 0.4922]","[0.443, 0.4592]","[0.4769, 0.4777]","[0.4738, 0.4189]","[0.4681, 0.3797]","[0.4621, 0.344]","[0.4608, 0.4727]","[0.468, 0.4092]","[0.4697, 0.3683]","[0.4708, 0.3314]","[0.4444, 0.4801]","[0.4345, 0.4343]","[0.4339, 0.468]","[0.4374, 0.498]","[0.4286, 0.4941]","[0.4214, 0.4628]","[0.4225, 0.4833]","[0.426, 0.5046]"
"[0.4436, 0.6126]","[0.4661, 0.5824]","[0.4752, 0.5335]","[0.4602, 0.4917]","[0.4431, 0.4583]","[0.4774, 0.4777]","[0.4738, 0.4185]","[0.4685, 0.3787]","[0.4628, 0.3432]","[0.4611, 0.4741]","[0.468, 0.4085]","[0.4698, 0.3668]","[0.4711, 0.329]","[0.4446, 0.4818]","[0.4348, 0.4333]","[0.4346, 0.4663]","[0.4384, 0.4959]","[0.4289, 0.4948]","[0.4215, 0.4627]","[0.4231, 0.4829]","[0.4272, 0.5039]"
"[0.4448, 0.6111]","[0.4671, 0.5831]","[0.4759, 0.534]","[0.4604, 0.4928]","[0.4422, 0.4584]","[0.4769, 0.4747]","[0.4733, 0.4171]","[0.4681, 0.3774]","[0.462, 0.3427]","[0.4605, 0.4722]","[0.4685, 0.4079]","[0.4708, 0.3654]","[0.4715, 0.3275]","[0.4441, 0.4807]","[0.4345, 0.4333]","[0.4349, 0.4666]","[0.4386, 0.4961]","[0.4282, 0.4933]","[0.4212, 0.4618]","[0.4233, 0.4829]","[0.4277, 0.5041]"
"[0.4444, 0.61]","[0.4661, 0.5818]","[0.4746, 0.5332]","[0.4605, 0.4905]","[0.4432, 0.4536]","[0.4771, 0.4749]","[0.4735, 0.4173]","[0.4683, 0.3775]","[0.4628, 0.3428]","[0.4608, 0.4722]","[0.4683, 0.4079]","[0.4702, 0.3654]","[0.4713, 0.3282]","[0.4444, 0.4801]","[0.4349, 0.4359]","[0.4349, 0.469]","[0.4389, 0.4973]","[0.4288, 0.4918]","[0.4218, 0.4618]","[0.4236, 0.4829]","[0.4279, 0.5034]"
"[0.444, 0.6114]","[0.4665, 0.5814]","[0.4749, 0.532]","[0.4598, 0.4899]","[0.4427, 0.4554]","[0.4775, 0.476]","[0.4737, 0.4179]","[0.4682, 0.3783]","[0.4624, 0.3433]","[0.4611, 0.4728]","[0.4687, 0.4085]","[0.4708, 0.3661]","[0.4719, 0.3296]","[0.4446, 0.4806]","[0.4353, 0.4347]","[0.4348, 0.4677]","[0.4384, 0.4961]","[0.429, 0.4929]","[0.4219, 0.4621]","[0.4235, 0.4828]","[0.4276, 0.5032]"
"[0.4435, 0.6136]","[0.4658, 0.5836]","[0.4748, 0.5332]","[0.4598, 0.4902]","[0.4425, 0.4566]","[0.4773, 0.4775]","[0.4737, 0.4188]","[0.4681, 0.3795]","[0.4621, 0.3438]","[0.4609, 0.4739]","[0.4685, 0.4097]","[0.4705, 0.3667]","[0.4716, 0.3293]","[0.4443, 0.4816]","[0.4352, 0.4359]","[0.435, 0.4699]","[0.4386, 0.4996]","[0.4286, 0.4944]","[0.4222, 0.462]","[0.4237, 0.4827]","[0.4276, 0.5039]"
"[0.4441, 0.6135]","[0.4667, 0.583]","[0.475, 0.5329]","[0.4593, 0.4914]","[0.4417, 0.459]","[0.4774, 0.4771]","[0.4735, 0.419]","[0.468, 0.3794]","[0.4619, 0.3442]","[0.461, 0.4739]","[0.4686, 0.41]","[0.4705, 0.3676]","[0.4714, 0.3303]","[0.4445, 0.4815]","[0.4352, 0.4351]","[0.4349, 0.4686]","[0.4386, 0.4981]","[0.4289, 0.4935]","[0.4219, 0.4626]","[0.4235, 0.483]","[0.4277, 0.5035]"
"[0.4433, 0.6137]","[0.4656, 0.5837]","[0.4752, 0.5362]","[0.4613, 0.4934]","[0.445, 0.4598]","[0.4767, 0.4781]","[0.4734, 0.4198]","[0.4681, 0.3807]","[0.4621, 0.3452]","[0.4606, 0.4734]","[0.4684, 0.4093]","[0.4704, 0.3671]","[0.4714, 0.3296]","[0.4442, 0.4806]","[0.4351, 0.4354]","[0.4345, 0.4683]","[0.4377, 0.4982]","[0.4285, 0.4938]","[0.4216, 0.4625]","[0.4232, 0.4831]","[0.4273, 0.5045]"
"[0.4436, 0.6122]","[0.4655, 0.5823]","[0.4746, 0.5352]","[0.4611, 0.4929]","[0.4443, 0.4574]","[0.4768, 0.4754]","[0.4733, 0.418]","[0.4679, 0.378]","[0.4619, 0.3431]","[0.4606, 0.4724]","[0.468, 0.4086]","[0.4698, 0.3661]","[0.4706, 0.3283]","[0.4442, 0.4799]","[0.435, 0.435]","[0.4344, 0.4679]","[0.4378, 0.4973]","[0.4284, 0.4912]","[0.4214, 0.4614]","[0.4227, 0.4823]","[0.4268, 0.5036]"
"[0.4437, 0.6129]","[0.4658, 0.5838]","[0.4752, 0.5353]","[0.4607, 0.4922]","[0.4439, 0.4584]","[0.4764, 0.476]","[0.473, 0.4179]","[0.4674, 0.379]","[0.4614, 0.3438]","[0.4601, 0.4721]","[0.4677, 0.408]","[0.4697, 0.3658]","[0.4707, 0.3287]","[0.4437, 0.4798]","[0.4346, 0.434]","[0.4337, 0.4669]","[0.4368, 0.4969]","[0.4281, 0.4925]","[0.4212, 0.4615]","[0.4223, 0.4822]","[0.4262, 0.5034]"
"[0.4431, 0.6132]","[0.4639, 0.5845]","[0.4732, 0.5355]","[0.4603, 0.492]","[0.4442, 0.4574]","[0.4753, 0.476]","[0.4719, 0.4181]","[0.4667, 0.3786]","[0.4611, 0.3432]","[0.4595, 0.4722]","[0.4668, 0.409]","[0.4687, 0.367]","[0.4699, 0.3298]","[0.4432, 0.48]","[0.4336, 0.4349]","[0.4334, 0.4693]","[0.4372, 0.4991]","[0.4281, 0.4923]","[0.4205, 0.4625]","[0.4219, 0.4836]","[0.4262, 0.504]"
"[0.4432, 0.612]","[0.4651, 0.5836]","[0.4743, 0.5349]","[0.4598, 0.4924]","[0.4431, 0.4583]","[0.4766, 0.4764]","[0.4728, 0.4183]","[0.4676, 0.379]","[0.4619, 0.3439]","[0.4601, 0.4732]","[0.4674, 0.4095]","[0.469, 0.3672]","[0.4696, 0.3294]","[0.4435, 0.4811]","[0.4342, 0.4367]","[0.4346, 0.4697]","[0.4388, 0.4979]","[0.4281, 0.4935]","[0.4207, 0.4629]","[0.4227, 0.4836]","[0.4274, 0.5035]"
"[0.4434, 0.6125]","[0.466, 0.5843]","[0.4748, 0.5349]","[0.4603, 0.4937]","[0.4429, 0.4603]","[0.4762, 0.4751]","[0.4724, 0.4175]","[0.4668, 0.3781]","[0.4606, 0.3433]","[0.4598, 0.4721]","[0.4673, 0.4087]","[0.4694, 0.3662]","[0.4704, 0.3285]","[0.4432, 0.4803]","[0.434, 0.4341]","[0.4341, 0.4678]","[0.4377, 0.4972]","[0.4276, 0.4927]","[0.4205, 0.4618]","[0.4224, 0.4829]","[0.4267, 0.504]"
"[0.4431, 0.6157]","[0.4644, 0.5868]","[0.4744, 0.5369]","[0.4599, 0.493]","[0.443, 0.4601]","[0.4763, 0.4776]","[0.473, 0.4192]","[0.4676, 0.3803]","[0.4618, 0.3445]","[0.46, 0.4724]","[0.4673, 0.4087]","[0.4692, 0.3675]","[0.4704, 0.33]","[0.4436, 0.4802]","[0.4344, 0.4334]","[0.434, 0.466]","[0.4376, 0.4951]","[0.4281, 0.495]","[0.4213, 0.4623]","[0.4233, 0.4825]","[0.4278, 0.5038]"
"[0.4433, 0.6131]","[0.4651, 0.583]","[0.4738, 0.5345]","[0.4595, 0.4918]","[0.4426, 0.4566]","[0.4763, 0.4773]","[0.4731, 0.4184]","[0.4681, 0.3785]","[0.4627, 0.3433]","[0.4602, 0.4736]","[0.4672, 0.4092]","[0.4689, 0.3683]","[0.4701, 0.3312]","[0.444, 0.481]","[0.4341, 0.4356]","[0.4347, 0.468]","[0.4395, 0.4963]","[0.4287, 0.4933]","[0.4213, 0.4631]","[0.4238, 0.4839]","[0.4291, 0.5046]"
"[0.4436, 0.6143]","[0.4656, 0.5847]","[0.4746, 0.5349]","[0.46, 0.4915]","[0.443, 0.4577]","[0.4767, 0.4785]","[0.4732, 0.4198]","[0.4678, 0.3806]","[0.4621, 0.3449]","[0.4604, 0.4736]","[0.4676, 0.409]","[0.4695, 0.3678]","[0.4708, 0.3304]","[0.4439, 0.4811]","[0.4342, 0.4345]","[0.4345, 0.4678]","[0.4385, 0.4974]","[0.4284, 0.4953]","[0.4215, 0.4628]","[0.4237, 0.4843]","[0.4283, 0.5064]"
"[0.4437, 0.6132]","[0.4648, 0.5848]","[0.474, 0.5356]","[0.4604, 0.4916]","[0.4438, 0.4551]","[0.4763, 0.4767]","[0.473, 0.418]","[0.4675, 0.3787]","[0.4617, 0.3436]","[0.4603, 0.4726]","[0.4677, 0.4077]","[0.4695, 0.366]","[0.4707, 0.3293]","[0.444, 0.4806]","[0.4341, 0.4354]","[0.4344, 0.4683]","[0.4385, 0.4969]","[0.4286, 0.4942]","[0.4215, 0.4629]","[0.4233, 0.4844]","[0.4278, 0.5057]"
"[0.4436, 0.6135]","[0.465, 0.5856]","[0.4755, 0.5357]","[0.461, 0.4907]","[0.4434, 0.4578]","[0.4766, 0.4778]","[0.4736, 0.4186]","[0.468, 0.3796]","[0.462, 0.3439]","[0.4604, 0.473]","[0.4685, 0.4086]","[0.4702, 0.3668]","[0.4711, 0.3297]","[0.4442, 0.4807]","[0.4349, 0.4358]","[0.4348, 0.4682]","[0.4387, 0.4974]","[0.4289, 0.4944]","[0.422, 0.4628]","[0.4236, 0.4833]","[0.428, 0.5047]"
"[0.4438, 0.6142]","[0.4657, 0.5854]","[0.4758, 0.5356]","[0.4613, 0.4922]","[0.4445, 0.4603]","[0.4768, 0.4773]","[0.4739, 0.4186]","[0.4686, 0.3797]","[0.4629, 0.3439]","[0.4606, 0.4725]","[0.4682, 0.4088]","[0.4702, 0.3671]","[0.4716, 0.3295]","[0.4442, 0.4803]","[0.435, 0.4328]","[0.4344, 0.4662]","[0.4377, 0.4968]","[0.4286, 0.4947]","[0.4221, 0.4619]","[0.4234, 0.4819]","[0.4272, 0.5035]"
"[0.4437, 0.6139]","[0.4658, 0.5844]","[0.4757, 0.5352]","[0.461, 0.492]","[0.4439, 0.4593]","[0.4766, 0.4769]","[0.4737, 0.419]","[0.4682, 0.3802]","[0.4625, 0.3445]","[0.4605, 0.4719]","[0.468, 0.4085]","[0.4699, 0.3664]","[0.4712, 0.3291]","[0.4442, 0.4794]","[0.4348, 0.4339]","[0.4342, 0.4672]","[0.4374, 0.4973]","[0.4286, 0.4932]","[0.422, 0.4621]","[0.4232, 0.4825]","[0.4268, 0.5037]"
"[0.4435, 0.6146]","[0.465, 0.5851]","[0.4751, 0.5363]","[0.4612, 0.4927]","[0.4442, 0.46]","[0.4768, 0.4774]","[0.4736, 0.4196]","[0.4681, 0.3807]","[0.4622, 0.3451]","[0.4607, 0.472]","[0.4681, 0.4086]","[0.4699, 0.3671]","[0.4714, 0.3301]","[0.4443, 0.4794]","[0.4348, 0.4328]","[0.4338, 0.4659]","[0.437, 0.4958]","[0.4286, 0.4935]","[0.4218, 0.462]","[0.4228, 0.482]","[0.4266, 0.503]"
"[0.4439, 0.6159]","[0.466, 0.5857]","[0.4756, 0.5364]","[0.4607, 0.4935]","[0.4438, 0.4614]","[0.4767, 0.4782]","[0.4738, 0.4199]","[0.4686, 0.3806]","[0.4631, 0.3449]","[0.4604, 0.4727]","[0.4677, 0.409]","[0.4695, 0.3682]","[0.4711, 0.3313]","[0.444, 0.4802]","[0.4348, 0.4324]","[0.4343, 0.4646]","[0.4378, 0.4946]","[0.4283, 0.4952]","[0.4219, 0.4615]","[0.4237, 0.4805]","[0.4278, 0.5021]"
"[0.444, 0.6164]","[0.4658, 0.5858]","[0.4754, 0.5358]","[0.4604, 0.4911]","[0.4434, 0.4578]","[0.4772, 0.4786]","[0.4744, 0.4196]","[0.4691, 0.3803]","[0.4636, 0.3444]","[0.4607, 0.4735]","[0.4682, 0.4094]","[0.4701, 0.3683]","[0.4716, 0.3306]","[0.4441, 0.4812]","[0.4353, 0.4356]","[0.4357, 0.4682]","[0.4396, 0.4971]","[0.4282, 0.4959]","[0.4222, 0.4628]","[0.4245, 0.4824]","[0.429, 0.5032]"
"[0.4439, 0.6165]","[0.4657, 0.5867]","[0.4757, 0.5358]","[0.4601, 0.4904]","[0.4425, 0.4571]","[0.4774, 0.4786]","[0.4746, 0.4193]","[0.4695, 0.3798]","[0.464, 0.3439]","[0.4607, 0.4738]","[0.4684, 0.4099]","[0.4705, 0.3684]","[0.472, 0.3304]","[0.4439, 0.4816]","[0.4355, 0.4363]","[0.4359, 0.4694]","[0.4396, 0.4985]","[0.4279, 0.4964]","[0.4222, 0.4637]","[0.4245, 0.4838]","[0.4288, 0.5047]"
"[0.4438, 0.615]","[0.4654, 0.5858]","[0.4757, 0.5364]","[0.4602, 0.4916]","[0.443, 0.4586]","[0.4775, 0.4787]","[0.4749, 0.4196]","[0.4697, 0.3807]","[0.464, 0.3452]","[0.4608, 0.4735]","[0.4687, 0.4094]","[0.4705, 0.3684]","[0.4716, 0.331]","[0.4441, 0.4811]","[0.4351, 0.4365]","[0.4352, 0.4693]","[0.4388, 0.4985]","[0.4282, 0.496]","[0.4221, 0.4639]","[0.4242, 0.4838]","[0.4283, 0.5048]"
"[0.444, 0.615]","[0.4655, 0.5859]","[0.4757, 0.5355]","[0.4606, 0.4912]","[0.4428, 0.4599]","[0.477, 0.4783]","[0.4741, 0.4192]","[0.469, 0.3803]","[0.4637, 0.3447]","[0.4605, 0.4735]","[0.4679, 0.4096]","[0.4699, 0.3687]","[0.4715, 0.3315]","[0.444, 0.4813]","[0.435, 0.4347]","[0.4349, 0.468]","[0.4383, 0.4983]","[0.4282, 0.4961]","[0.4222, 0.4627]","[0.424, 0.4826]","[0.4279, 0.5041]"
"[0.4447, 0.6157]","[0.4657, 0.5842]","[0.4739, 0.5321]","[0.4591, 0.4883]","[0.4419, 0.4569]","[0.4771, 0.4775]","[0.4734, 0.4187]","[0.4681, 0.3792]","[0.4623, 0.344]","[0.4608, 0.4733]","[0.4676, 0.4097]","[0.4693, 0.369]","[0.4705, 0.3315]","[0.4446, 0.4812]","[0.4343, 0.4348]","[0.4348, 0.4681]","[0.4392, 0.4974]","[0.4291, 0.4952]","[0.4213, 0.4628]","[0.4234, 0.4825]","[0.4282, 0.503]"
"[0.4439, 0.6154]","[0.4663, 0.5836]","[0.4752, 0.5324]","[0.4603, 0.4901]","[0.4436, 0.4584]","[0.4768, 0.4774]","[0.4727, 0.4194]","[0.4671, 0.38]","[0.4611, 0.3448]","[0.4606, 0.4734]","[0.4676, 0.4096]","[0.4696, 0.368]","[0.4709, 0.3303]","[0.4442, 0.4811]","[0.4347, 0.4345]","[0.4355, 0.4689]","[0.4399, 0.4986]","[0.4289, 0.4945]","[0.4212, 0.463]","[0.4241, 0.4833]","[0.4293, 0.5035]"
"[0.4431, 0.6154]","[0.4653, 0.5838]","[0.4748, 0.5329]","[0.4596, 0.4897]","[0.4425, 0.4589]","[0.4765, 0.4769]","[0.4732, 0.4182]","[0.4679, 0.3796]","[0.4621, 0.3444]","[0.4601, 0.4726]","[0.467, 0.4091]","[0.4689, 0.3683]","[0.4699, 0.3309]","[0.4437, 0.4809]","[0.4345, 0.4354]","[0.4358, 0.4686]","[0.4402, 0.4976]","[0.4281, 0.496]","[0.4215, 0.4636]","[0.4244, 0.4842]","[0.4295, 0.5052]"
"[0.4428, 0.6148]","[0.465, 0.5828]","[0.4743, 0.5326]","[0.459, 0.4901]","[0.4419, 0.4597]","[0.4761, 0.4766]","[0.4726, 0.419]","[0.4674, 0.3803]","[0.4616, 0.3451]","[0.4597, 0.4718]","[0.4668, 0.4087]","[0.4686, 0.3681]","[0.47, 0.3306]","[0.4435, 0.4796]","[0.4339, 0.4343]","[0.4348, 0.4677]","[0.4393, 0.4968]","[0.4282, 0.4941]","[0.4209, 0.4621]","[0.4234, 0.4824]","[0.4285, 0.5033]"
"[0.4431, 0.6146]","[0.4647, 0.5834]","[0.4731, 0.535]","[0.4597, 0.493]","[0.4436, 0.4597]","[0.4754, 0.4769]","[0.4724, 0.4191]","[0.4671, 0.3795]","[0.4611, 0.344]","[0.4594, 0.4726]","[0.467, 0.4092]","[0.4688, 0.3676]","[0.4698, 0.3298]","[0.4432, 0.4803]","[0.4342, 0.4353]","[0.4344, 0.4682]","[0.4384, 0.4977]","[0.4281, 0.4933]","[0.421, 0.4621]","[0.4228, 0.4825]","[0.4274, 0.5038]"
"[0.4428, 0.6155]","[0.4643, 0.5844]","[0.4728, 0.5353]","[0.4592, 0.4934]","[0.443, 0.4612]","[0.4753, 0.4776]","[0.4723, 0.4193]","[0.4672, 0.38]","[0.4616, 0.345]","[0.4592, 0.4733]","[0.4664, 0.4105]","[0.4679, 0.3691]","[0.4691, 0.331]","[0.4429, 0.4812]","[0.4344, 0.4357]","[0.435, 0.4669]","[0.4393, 0.4953]","[0.4279, 0.4946]","[0.4205, 0.4626]","[0.4227, 0.4812]","[0.4278, 0.5016]"
