[0.2805, 0.4246],[0.2766, 0.5582],[0.2256, 0.7333],[0.2149, 0.8863],[0.2212, 0.9994],[0.0, 0.6167],[0.0, 0.8705],[0.0, 0.9986],[0.0, 1.0],[0.0, 0.6101],[0.0, 0.8361],[0.092, 0.7962],[0.1119, 0.7153],[0.0, 0.6306],[0.0017, 0.8186],[0.0818, 0.7784],[0.0828, 0.7158],[0.0, 0.6505],[0.0, 0.7839],[0.0313, 0.7702],[0.0595, 0.7292]
[0.2843, 0.435],[0.2746, 0.5609],[0.2304, 0.7262],[0.2261, 0.8757],[0.2236, 0.9975],[0.0, 0.6109],[0.0, 0.8642],[0.0, 0.9934],[0.0, 1.0],[0.0, 0.6011],[0.0012, 0.8371],[0.1051, 0.7945],[0.1148, 0.7161],[0.0, 0.6268],[0.0065, 0.824],[0.0949, 0.7779],[0.0833, 0.7161],[0.0, 0.6552],[0.0, 0.7863],[0.0318, 0.7656],[0.0541, 0.721]
[0.2707, 0.4352],[0.2722, 0.5443],[0.2314, 0.7057],[0.2275, 0.8647],[0.2251, 0.9934],[0.0, 0.5967],[0.0, 0.8503],[0.0, 0.9871],[0.0, 1.0],[0.0, 0.5929],[0.0, 0.8344],[0.1066, 0.7948],[0.1279, 0.7123],[0.0, 0.624],[0.0, 0.8194],[0.093, 0.768],[0.0905, 0.7025],[0.0, 0.6552],[0.0, 0.7811],[0.0293, 0.7535],[0.057, 0.7071]
[0.2834, 0.4281],[0.2761, 0.5388],[0.2295, 0.7033],[0.2265, 0.8636],[0.2304, 0.9869],[0.0, 0.5989],[0.0, 0.8478],[0.0, 0.9822],[0.0, 1.0],[0.0, 0.5978],[0.0026, 0.8322],[0.11, 0.7893],[0.127, 0.7068],[0.0, 0.6279],[0.008, 0.8156],[0.0973, 0.762],[0.0886, 0.6964],[0.0, 0.6533],[0.0, 0.7776],[0.04, 0.7462],[0.0629, 0.6992]
[0.2892, 0.4167],[0.2814, 0.5377],[0.2387, 0.7022],[0.2329, 0.8574],[0.2265, 0.9784],[0.0, 0.5831],[0.0, 0.8314],[0.0, 0.9664],[0.0, 1.0],[0.0, 0.5809],[0.0055, 0.8169],[0.1066, 0.7779],[0.1197, 0.7005],[0.0, 0.6068],[0.007, 0.8024],[0.092, 0.7546],[0.0833, 0.6945],[0.0, 0.6322],[0.0, 0.7667],[0.0366, 0.741],[0.0565, 0.697]
[0.3004, 0.418],[0.2902, 0.5219],[0.244, 0.6779],[0.2392, 0.8339],[0.2353, 0.962],[0.0, 0.5757],[0.0, 0.8208],[0.0, 0.9538],[0.0, 1.0],[0.0, 0.5779],[0.0094, 0.809],[0.1168, 0.7705],[0.1372, 0.6923],[0.0, 0.6107],[0.0182, 0.797],[0.1109, 0.7475],[0.1051, 0.6852],[0.0, 0.6393],[0.0, 0.7587],[0.059, 0.73],[0.0842, 0.6825]
[0.2999, 0.424],[0.2907, 0.5298],[0.2445, 0.6831],[0.2421, 0.8352],[0.2397, 0.9617],[0.0, 0.5795],[0.0, 0.8281],[0.0, 0.9563],[0.0, 1.0],[0.0, 0.5787],[0.0289, 0.8074],[0.1333, 0.7598],[0.1415, 0.682],[0.0, 0.6128],[0.0361, 0.7948],[0.1245, 0.7385],[0.1085, 0.6768],[0.0, 0.6456],[0.0002, 0.7596],[0.0653, 0.7287],[0.0881, 0.6831]
[0.3125, 0.4169],[0.2989, 0.5284],[0.2528, 0.6847],[0.2465, 0.8388],[0.2465, 0.962],[0.0, 0.5757],[0.0, 0.8191],[0.0, 0.9492],[0.0, 1.0],[0.0, 0.5776],[0.0298, 0.8068],[0.1328, 0.768],[0.1464, 0.6899],[0.0, 0.6076],[0.0357, 0.7921],[0.1192, 0.7445],[0.1105, 0.6825],[0.0, 0.6333],[0.0026, 0.7516],[0.0648, 0.7254],[0.0886, 0.6806]
[0.3081, 0.4273],[0.2999, 0.5339],[0.2533, 0.6896],[0.2518, 0.8358],[0.2503, 0.959],[0.0, 0.574],[0.0, 0.8199],[0.0, 0.947],[0.0, 1.0],[0.0, 0.574],[0.04, 0.8082],[0.1454, 0.7626],[0.1537, 0.6822],[0.0, 0.6096],[0.0502, 0.7962],[0.1391, 0.7399],[0.1182, 0.676],[0.0, 0.6437],[0.0133, 0.7598],[0.075, 0.7268],[0.0935, 0.6779]
[0.3067, 0.4276],[0.3004, 0.541],[0.2518, 0.697],[0.2518, 0.841],[0.2503, 0.9617],[0.0, 0.5787],[0.0, 0.8218],[0.0, 0.9505],[0.0, 1.0],[0.0, 0.577],[0.0371, 0.8123],[0.1445, 0.7688],[0.1576, 0.6882],[0.0, 0.6117],[0.0502, 0.7983],[0.1411, 0.7434],[0.1241, 0.6798],[0.0, 0.6454],[0.0138, 0.7615],[0.0779, 0.7303],[0.0998, 0.6828]
[0.3115, 0.4197],[0.3052, 0.5369],[0.2567, 0.6943],[0.2508, 0.8402],[0.2508, 0.9598],[0.0, 0.5716],[0.0, 0.8216],[0.0, 0.9508],[0.0, 1.0],[0.0, 0.5664],[0.0376, 0.8055],[0.1425, 0.7661],[0.1522, 0.6877],[0.0, 0.5956],[0.0468, 0.7877],[0.1338, 0.7396],[0.1158, 0.6792],[0.0, 0.6257],[0.0041, 0.7505],[0.0667, 0.7276],[0.0881, 0.6863]
[0.3159, 0.4131],[0.3072, 0.5361],[0.2581, 0.6948],[0.2523, 0.8382],[0.2513, 0.9527],[0.0, 0.5719],[0.0, 0.8186],[0.0, 0.9486],[0.0, 1.0],[0.0, 0.5656],[0.0366, 0.8065],[0.1411, 0.7699],[0.1551, 0.6904],[0.0, 0.5918],[0.0449, 0.7839],[0.1318, 0.7377],[0.1177, 0.676],[0.0, 0.6169],[0.0055, 0.7421],[0.0692, 0.7208],[0.0925, 0.6787]
[0.3101, 0.4167],[0.3023, 0.5172],[0.2581, 0.674],[0.2571, 0.8229],[0.2503, 0.9464],[0.0, 0.568],[0.0, 0.8197],[0.0, 0.9456],[0.0, 1.0],[0.0, 0.5683],[0.0444, 0.8008],[0.1479, 0.7552],[0.1556, 0.6757],[0.0, 0.6041],[0.0551, 0.785],[0.143, 0.7306],[0.1231, 0.6683],[0.0, 0.6382],[0.0157, 0.7489],[0.0774, 0.7216],[0.0988, 0.6784]
[0.3062, 0.4093],[0.3072, 0.5131],[0.2635, 0.6678],[0.2571, 0.8147],[0.2503, 0.9404],[0.0, 0.5645],[0.0, 0.8172],[0.0, 0.9415],[0.0, 1.0],[0.0, 0.5617],[0.0386, 0.7959],[0.1449, 0.7508],[0.1547, 0.6729],[0.0, 0.5937],[0.0497, 0.7779],[0.1411, 0.7251],[0.1231, 0.6645],[0.0, 0.6251],[0.0094, 0.7407],[0.074, 0.7147],[0.0969, 0.6699]
[0.3174, 0.4016],[0.312, 0.5186],[0.2654, 0.677],[0.2576, 0.824],[0.2571, 0.9432],[0.0, 0.5634],[0.0, 0.8126],[0.0, 0.9366],[0.0, 1.0],[0.0, 0.5604],[0.0439, 0.7962],[0.1513, 0.7511],[0.1566, 0.6743],[0.0, 0.5866],[0.0527, 0.7749],[0.1396, 0.7257],[0.1211, 0.6669],[0.0, 0.612],[0.0036, 0.7396],[0.0663, 0.7219],[0.0881, 0.6852]
[0.3111, 0.4164],[0.3038, 0.5194],[0.2576, 0.6738],[0.261, 0.8183],[0.2605, 0.9434],[0.0, 0.5708],[0.0, 0.8218],[0.0, 0.9448],[0.0, 1.0],[0.0, 0.5716],[0.0522, 0.8003],[0.1566, 0.7459],[0.161, 0.6658],[0.0, 0.6068],[0.0706, 0.7839],[0.1561, 0.7216],[0.1294, 0.6587],[0.0, 0.6418],[0.0255, 0.7538],[0.0847, 0.7243],[0.1037, 0.68]
[0.3149, 0.4087],[0.3101, 0.5167],[0.2635, 0.674],[0.2639, 0.8235],[0.2639, 0.9453],[0.0, 0.5598],[0.0, 0.8136],[0.0, 0.9363],[0.0, 1.0],[0.0, 0.5576],[0.0536, 0.7945],[0.16, 0.7448],[0.1619, 0.6697],[0.0, 0.588],[0.0667, 0.7751],[0.1537, 0.718],[0.1289, 0.6593],[0.0, 0.6208],[0.0, 0.7459],[0.0512, 0.7377],[0.0672, 0.7137]
[0.3154, 0.4087],[0.3164, 0.5219],[0.2693, 0.6779],[0.2678, 0.8197],[0.2669, 0.9385],[0.0, 0.5585],[0.0, 0.8098],[0.0, 0.9317],[0.0, 1.0],[0.0, 0.5525],[0.0493, 0.7948],[0.16, 0.7481],[0.1639, 0.6729],[0.0, 0.5803],[0.0638, 0.7699],[0.1561, 0.7161],[0.1313, 0.6585],[0.0, 0.6107],[0.0051, 0.7352],[0.0687, 0.7191],[0.0896, 0.6855]
[0.3276, 0.3959],[0.3256, 0.5134],[0.28, 0.6705],[0.2746, 0.8197],[0.2751, 0.9391],[0.0, 0.5538],[0.0, 0.8019],[0.0, 0.9289],[0.0, 1.0],[0.0, 0.5525],[0.0527, 0.7863],[0.1581, 0.7443],[0.1619, 0.668],[0.0, 0.579],[0.059, 0.7664],[0.1474, 0.7188],[0.1275, 0.6606],[0.0, 0.6038],[0.0157, 0.7317],[0.0818, 0.7093],[0.1017, 0.6683]
[0.329, 0.3954],[0.3247, 0.5044],[0.2805, 0.6631],[0.2751, 0.8202],[0.2732, 0.9459],[0.0, 0.5579],[0.0, 0.8049],[0.0, 0.933],[0.0, 1.0],[0.0, 0.5607],[0.0551, 0.7863],[0.1576, 0.7423],[0.1687, 0.6642],[0.0, 0.5902],[0.0619, 0.7729],[0.1469, 0.7219],[0.1362, 0.6596],[0.0, 0.6172],[0.0225, 0.7423],[0.0871, 0.715],[0.1095, 0.6697]
[0.3315, 0.3967],[0.3247, 0.5044],[0.28, 0.6653],[0.2795, 0.8205],[0.2741, 0.9459],[0.0, 0.5576],[0.0, 0.8076],[0.0, 0.9341],[0.0, 1.0],[0.0, 0.5576],[0.0556, 0.7869],[0.1595, 0.7412],[0.1697, 0.6626],[0.0, 0.5899],[0.0653, 0.7754],[0.1532, 0.7221],[0.1396, 0.6582],[0.0, 0.6199],[0.0342, 0.7434],[0.0978, 0.712],[0.1182, 0.6623]
[0.3353, 0.3978],[0.3256, 0.512],[0.2809, 0.6724],[0.278, 0.8218],[0.2814, 0.9393],[0.0, 0.5538],[0.0, 0.8],[0.0, 0.9306],[0.0, 1.0],[0.0, 0.5522],[0.0536, 0.7828],[0.1605, 0.7443],[0.1765, 0.6658],[0.0, 0.5825],[0.059, 0.7697],[0.1488, 0.7191],[0.1406, 0.6555],[0.0, 0.6082],[0.0284, 0.7333],[0.0944, 0.7019],[0.1187, 0.6544]
[0.3363, 0.3986],[0.3305, 0.5128],[0.2853, 0.6683],[0.2829, 0.8186],[0.2843, 0.9369],[0.0, 0.5544],[0.0, 0.7997],[0.0, 0.9238],[0.0, 1.0],[0.0, 0.5544],[0.0614, 0.7784],[0.1615, 0.7314],[0.1663, 0.6566],[0.0, 0.5811],[0.0687, 0.7637],[0.1532, 0.7128],[0.1391, 0.6535],[0.0, 0.6074],[0.0298, 0.7322],[0.0978, 0.7038],[0.1187, 0.659]
[0.3324, 0.3959],[0.3271, 0.5093],[0.2829, 0.6672],[0.2819, 0.8098],[0.2809, 0.9273],[0.0, 0.5484],[0.0, 0.7989],[0.0, 0.9243],[0.0, 1.0],[0.0, 0.5421],[0.0595, 0.7759],[0.1653, 0.7339],[0.1794, 0.6574],[0.0, 0.5716],[0.0682, 0.7587],[0.1581, 0.7079],[0.1454, 0.6462],[0.0, 0.5992],[0.0289, 0.7221],[0.0939, 0.6951],[0.1192, 0.6503]
[0.3305, 0.394],[0.3266, 0.497],[0.2829, 0.6549],[0.2843, 0.8068],[0.2848, 0.9279],[0.0, 0.5508],[0.0, 0.8011],[0.0, 0.924],[0.0, 1.0],[0.0, 0.55],[0.058, 0.7814],[0.1668, 0.7366],[0.1828, 0.659],[0.0, 0.5831],[0.0697, 0.7677],[0.1605, 0.7145],[0.1537, 0.6497],[0.0, 0.6131],[0.0371, 0.7328],[0.1012, 0.703],[0.127, 0.6563]
[0.3324, 0.3929],[0.3266, 0.4962],[0.2843, 0.6549],[0.2848, 0.8098],[0.2848, 0.9311],[0.0, 0.5464],[0.0, 0.7973],[0.0, 0.9251],[0.0, 1.0],[0.0, 0.5484],[0.0648, 0.7806],[0.1707, 0.7388],[0.1819, 0.6601],[0.0, 0.5825],[0.0721, 0.7664],[0.1605, 0.7134],[0.1469, 0.65],[0.0, 0.6128],[0.0337, 0.732],[0.0959, 0.7044],[0.1187, 0.6615]
[0.3329, 0.3918],[0.329, 0.4945],[0.2853, 0.6525],[0.2858, 0.8098],[0.2853, 0.935],[0.0, 0.5462],[0.0, 0.7975],[0.0, 0.924],[0.0, 1.0],[0.0, 0.5486],[0.0633, 0.7798],[0.1658, 0.7358],[0.1755, 0.6587],[0.0, 0.5822],[0.0716, 0.7664],[0.1571, 0.7145],[0.1454, 0.6525],[0.0, 0.6134],[0.0342, 0.735],[0.0969, 0.7096],[0.1211, 0.6686]
[0.33, 0.3896],[0.33, 0.4896],[0.2882, 0.6478],[0.2848, 0.8104],[0.2843, 0.9369],[0.0, 0.5481],[0.0, 0.797],[0.0, 0.9279],[0.0, 1.0],[0.0, 0.5546],[0.0624, 0.7852],[0.1629, 0.7448],[0.176, 0.6658],[0.0, 0.5882],[0.0663, 0.7729],[0.1483, 0.721],[0.1406, 0.6574],[0.0, 0.6183],[0.0323, 0.7418],[0.0925, 0.7164],[0.1163, 0.6749]
[0.3261, 0.3913],[0.3295, 0.4926],[0.2907, 0.6489],[0.2882, 0.8068],[0.2863, 0.9333],[0.0, 0.5503],[0.0, 0.8008],[0.0, 0.9309],[0.0, 1.0],[0.0, 0.5519],[0.0633, 0.7828],[0.1644, 0.7426],[0.1765, 0.6642],[0.0, 0.5833],[0.0667, 0.7688],[0.1517, 0.7175],[0.142, 0.6555],[0.0, 0.612],[0.0327, 0.7344],[0.0954, 0.7057],[0.1182, 0.6615]
[0.33, 0.3918],[0.3266, 0.4893],[0.2887, 0.6434],[0.2926, 0.8016],[0.2916, 0.9306],[0.0, 0.5456],[0.0, 0.7926],[0.0, 0.924],[0.0, 1.0],[0.0, 0.5508],[0.0624, 0.7882],[0.1717, 0.7451],[0.1896, 0.6634],[0.0, 0.5861],[0.0731, 0.7718],[0.1615, 0.7158],[0.1488, 0.6527],[0.0, 0.6175],[0.0371, 0.7355],[0.0988, 0.7041],[0.1216, 0.6579]
[0.3281, 0.3899],[0.3285, 0.4926],[0.2902, 0.6497],[0.2931, 0.8033],[0.2897, 0.9289],[0.0, 0.5454],[0.0, 0.7926],[0.0, 0.9213],[0.0, 1.0],[0.0, 0.5443],[0.0672, 0.779],[0.1746, 0.738],[0.1935, 0.6582],[0.0, 0.5779],[0.0745, 0.7631],[0.1653, 0.7101],[0.1571, 0.6464],[0.0, 0.6087],[0.0381, 0.7254],[0.1027, 0.6959],[0.1289, 0.6492]
[0.3285, 0.3896],[0.3242, 0.4964],[0.2843, 0.6549],[0.296, 0.8011],[0.2955, 0.9213],[0.0, 0.5459],[0.0, 0.7929],[0.0, 0.9227],[0.0, 1.0],[0.0, 0.5434],[0.0663, 0.7784],[0.1746, 0.735],[0.1945, 0.6546],[0.0075, 0.5779],[0.0803, 0.7612],[0.1702, 0.706],[0.1585, 0.6429],[0.0085, 0.6109],[0.0473, 0.7208],[0.1105, 0.6888],[0.1338, 0.641]
[0.3358, 0.3822],[0.3397, 0.4877],[0.3023, 0.6443],[0.3023, 0.7983],[0.3004, 0.9224],[0.0065, 0.5393],[0.0, 0.7871],[0.0, 0.9156],[0.0, 1.0],[0.0, 0.5377],[0.0731, 0.7718],[0.1799, 0.732],[0.1945, 0.6541],[0.0, 0.5672],[0.0779, 0.7546],[0.1668, 0.7038],[0.1561, 0.6434],[0.0, 0.5956],[0.0347, 0.7208],[0.0969, 0.6959],[0.1202, 0.6541]
[0.3417, 0.3768],[0.3441, 0.4828],[0.3052, 0.6385],[0.3057, 0.7904],[0.3057, 0.9139],[0.0094, 0.5366],[0.0, 0.7869],[0.0, 0.9175],[0.0, 1.0],[0.0, 0.5336],[0.0799, 0.7677],[0.1833, 0.7268],[0.1998, 0.647],[0.0021, 0.5639],[0.0871, 0.7511],[0.1717, 0.6992],[0.1658, 0.6366],[0.0065, 0.5932],[0.0517, 0.7147],[0.1143, 0.6839],[0.1391, 0.6372]
[0.348, 0.3738],[0.3509, 0.4839],[0.3111, 0.641],[0.3091, 0.7951],[0.3106, 0.9205],[0.0128, 0.532],[0.0, 0.777],[0.0, 0.9087],[0.0, 1.0],[0.0, 0.5331],[0.0803, 0.7677],[0.1828, 0.7292],[0.1955, 0.6514],[0.0, 0.5639],[0.0857, 0.7541],[0.1697, 0.7033],[0.1605, 0.6415],[0.0012, 0.5921],[0.0463, 0.7199],[0.11, 0.6951],[0.1347, 0.6549]
[0.346, 0.3743],[0.3523, 0.4831],[0.3125, 0.6399],[0.3081, 0.797],[0.3086, 0.9243],[0.0109, 0.5328],[0.0, 0.7806],[0.0, 0.9095],[0.0, 1.0],[0.0, 0.5344],[0.0813, 0.7705],[0.1838, 0.7303],[0.1921, 0.6533],[0.0, 0.565],[0.0862, 0.7568],[0.1697, 0.7066],[0.1576, 0.6454],[0.0, 0.5962],[0.0434, 0.7292],[0.1061, 0.7093],[0.1289, 0.6716]
[0.3528, 0.382],[0.3494, 0.4825],[0.3081, 0.638],[0.3101, 0.7904],[0.3091, 0.9177],[0.0051, 0.5317],[0.0, 0.7831],[0.007, 0.9101],[0.0, 1.0],[0.0012, 0.5355],[0.0847, 0.7667],[0.1906, 0.7202],[0.2018, 0.6421],[0.0094, 0.5724],[0.0959, 0.7555],[0.1833, 0.6984],[0.1692, 0.6361],[0.0119, 0.6074],[0.0551, 0.7249],[0.1177, 0.6937],[0.1401, 0.6484]
[0.3528, 0.3817],[0.3499, 0.4828],[0.3091, 0.638],[0.3115, 0.7902],[0.3135, 0.9167],[0.007, 0.5331],[0.0, 0.7852],[0.0075, 0.915],[0.0, 1.0],[0.0051, 0.5366],[0.0871, 0.7702],[0.1935, 0.7254],[0.21, 0.6445],[0.0138, 0.5732],[0.0998, 0.7565],[0.1877, 0.7019],[0.177, 0.6374],[0.0177, 0.6076],[0.0614, 0.7254],[0.125, 0.6956],[0.1498, 0.6494]
[0.3514, 0.3817],[0.3533, 0.4852],[0.3125, 0.6399],[0.3149, 0.7896],[0.3154, 0.9158],[0.0143, 0.5363],[0.0, 0.7852],[0.0094, 0.9139],[0.0, 1.0],[0.0094, 0.5382],[0.0901, 0.771],[0.1964, 0.7265],[0.2115, 0.6464],[0.0157, 0.5729],[0.1022, 0.756],[0.1906, 0.6997],[0.1765, 0.6369],[0.0172, 0.6044],[0.0629, 0.7224],[0.1265, 0.6896],[0.1498, 0.6426]
[0.3553, 0.3773],[0.3582, 0.4874],[0.3174, 0.6464],[0.3159, 0.8011],[0.3183, 0.9243],[0.0172, 0.5377],[0.0, 0.7877],[0.007, 0.9175],[0.0, 1.0],[0.0031, 0.5399],[0.0939, 0.7683],[0.1989, 0.7262],[0.2081, 0.6486],[0.0051, 0.571],[0.1007, 0.7541],[0.1867, 0.7027],[0.1751, 0.641],[0.008, 0.5997],[0.0595, 0.7246],[0.125, 0.6956],[0.1479, 0.65]
[0.3557, 0.3831],[0.3562, 0.4926],[0.313, 0.6514],[0.3111, 0.8065],[0.3145, 0.9303],[0.0109, 0.5421],[0.0, 0.7904],[0.0036, 0.9183],[0.0, 1.0],[0.0, 0.5445],[0.092, 0.774],[0.1945, 0.727],[0.1969, 0.6486],[0.0012, 0.5765],[0.0988, 0.7631],[0.1809, 0.7071],[0.161, 0.6459],[0.006, 0.6068],[0.0575, 0.7355],[0.1168, 0.7033],[0.1343, 0.6576]
[0.3504, 0.3926],[0.3514, 0.4869],[0.3101, 0.6426],[0.3135, 0.7975],[0.3106, 0.9265],[0.0065, 0.5393],[0.0, 0.7948],[0.0123, 0.9175],[0.0, 1.0],[0.0036, 0.5459],[0.0954, 0.7781],[0.1993, 0.7246],[0.2023, 0.6459],[0.0119, 0.5828],[0.1075, 0.765],[0.1911, 0.7003],[0.1649, 0.6391],[0.0148, 0.6178],[0.059, 0.7396],[0.1168, 0.7049],[0.1328, 0.6615]
[0.3475, 0.394],[0.3489, 0.4891],[0.3091, 0.644],[0.3135, 0.7986],[0.3154, 0.9276],[0.0065, 0.5421],[0.0, 0.7896],[0.0065, 0.9188],[0.0, 1.0],[0.0007, 0.5497],[0.0867, 0.782],[0.194, 0.735],[0.2057, 0.6557],[0.007, 0.5872],[0.0983, 0.7718],[0.1848, 0.7128],[0.1678, 0.65],[0.0094, 0.6227],[0.0527, 0.747],[0.1134, 0.7183],[0.1347, 0.6762]
[0.3455, 0.3954],[0.3412, 0.4855],[0.3018, 0.641],[0.3115, 0.7959],[0.3145, 0.924],[0.0051, 0.5429],[0.0, 0.7948],[0.0128, 0.9202],[0.0, 1.0],[0.0089, 0.5503],[0.0862, 0.7795],[0.1935, 0.7262],[0.2037, 0.6462],[0.0206, 0.5893],[0.1027, 0.7675],[0.1896, 0.7044],[0.1717, 0.6399],[0.0235, 0.6265],[0.059, 0.7432],[0.1177, 0.7117],[0.1381, 0.6664]
[0.3441, 0.3891],[0.3441, 0.4893],[0.3077, 0.6459],[0.313, 0.8005],[0.3135, 0.9248],[0.0075, 0.544],[0.0, 0.794],[0.0065, 0.9227],[0.0, 1.0],[0.0, 0.5454],[0.0837, 0.777],[0.1911, 0.7333],[0.2037, 0.6546],[0.0041, 0.5792],[0.0915, 0.7623],[0.1804, 0.7079],[0.1678, 0.6454],[0.0075, 0.6117],[0.0531, 0.7328],[0.1168, 0.7025],[0.1386, 0.6563]
[0.346, 0.3784],[0.3489, 0.4885],[0.3091, 0.6497],[0.3115, 0.8046],[0.3179, 0.9259],[0.0133, 0.5402],[0.0, 0.7915],[0.0051, 0.9202],[0.0, 1.0],[0.0, 0.5382],[0.0828, 0.7716],[0.1896, 0.732],[0.2037, 0.6538],[0.0007, 0.5686],[0.0862, 0.7552],[0.1755, 0.7049],[0.1673, 0.6432],[0.0041, 0.5973],[0.0493, 0.721],[0.1158, 0.6904],[0.1406, 0.6437]
[0.3514, 0.3828],[0.3528, 0.4852],[0.3135, 0.6391],[0.3154, 0.7918],[0.3159, 0.9169],[0.0157, 0.5366],[0.0, 0.7861],[0.0051, 0.9161],[0.0, 1.0],[0.0055, 0.5382],[0.0896, 0.7713],[0.1945, 0.7298],[0.2042, 0.6533],[0.0104, 0.5708],[0.0969, 0.7538],[0.1857, 0.7008],[0.1697, 0.6415],[0.0114, 0.6019],[0.0561, 0.7221],[0.1221, 0.6937],[0.1449, 0.6508]
[0.3475, 0.3795],[0.3465, 0.4839],[0.3067, 0.6421],[0.3164, 0.7959],[0.3222, 0.9186],[0.0148, 0.5396],[0.0, 0.7902],[0.0153, 0.9205],[0.0, 1.0],[0.0099, 0.538],[0.0896, 0.7713],[0.1945, 0.7251],[0.2095, 0.644],[0.0167, 0.5719],[0.0998, 0.756],[0.1862, 0.6986],[0.176, 0.6336],[0.0191, 0.6041],[0.0614, 0.721],[0.1221, 0.6877],[0.1469, 0.6396]
[0.3548, 0.3861],[0.3519, 0.4781],[0.3154, 0.6317],[0.3203, 0.7896],[0.3188, 0.9188],[0.0157, 0.5372],[0.0, 0.7833],[0.0055, 0.9139],[0.0, 1.0],[0.0099, 0.5486],[0.0944, 0.7754],[0.2013, 0.7281],[0.2095, 0.6492],[0.0177, 0.5858],[0.1032, 0.7626],[0.1906, 0.7033],[0.1712, 0.6432],[0.0211, 0.6161],[0.0604, 0.7298],[0.1226, 0.6981],[0.1445, 0.6557]
[0.3504, 0.3784],[0.3548, 0.4751],[0.3174, 0.63],[0.3227, 0.7852],[0.3227, 0.9161],[0.0191, 0.5363],[0.0036, 0.7874],[0.0167, 0.9134],[0.0, 1.0],[0.0109, 0.5385],[0.0935, 0.7702],[0.2023, 0.7229],[0.2139, 0.6443],[0.0172, 0.5724],[0.1032, 0.7538],[0.1945, 0.6948],[0.1765, 0.6336],[0.0177, 0.6035],[0.0614, 0.7186],[0.126, 0.6836],[0.1483, 0.6358]
[0.3528, 0.3795],[0.3557, 0.4713],[0.3174, 0.6254],[0.3242, 0.7817],[0.3281, 0.9128],[0.0211, 0.5374],[0.0046, 0.7863],[0.0187, 0.9158],[0.0, 1.0],[0.0172, 0.5454],[0.0964, 0.7762],[0.2042, 0.7249],[0.2144, 0.6448],[0.0284, 0.5833],[0.1129, 0.7617],[0.1979, 0.6981],[0.176, 0.6358],[0.0318, 0.6178],[0.0721, 0.7333],[0.1318, 0.6984],[0.1513, 0.6525]
[0.3572, 0.3702],[0.3587, 0.471],[0.3208, 0.6298],[0.3261, 0.7863],[0.3315, 0.9106],[0.0284, 0.5344],[0.0055, 0.7844],[0.0143, 0.9164],[0.0, 1.0],[0.0187, 0.5382],[0.0998, 0.7699],[0.2066, 0.7243],[0.2202, 0.6429],[0.0264, 0.5738],[0.1095, 0.7549],[0.1955, 0.6951],[0.1794, 0.6317],[0.0289, 0.6055],[0.0735, 0.721],[0.1343, 0.6833],[0.1542, 0.6333]
[0.3601, 0.3787],[0.3601, 0.4716],[0.3222, 0.6251],[0.3256, 0.7817],[0.3295, 0.9115],[0.025, 0.5355],[0.0089, 0.7836],[0.0201, 0.9139],[0.0, 1.0],[0.0172, 0.5426],[0.1071, 0.7699],[0.2081, 0.7219],[0.2125, 0.6429],[0.0274, 0.5806],[0.1153, 0.7604],[0.1959, 0.6997],[0.1746, 0.6382],[0.0347, 0.6145],[0.0784, 0.7325],[0.1347, 0.697],[0.1513, 0.6516]
[0.3625, 0.373],[0.3601, 0.4658],[0.3227, 0.6254],[0.3285, 0.7893],[0.3324, 0.9164],[0.0264, 0.5331],[0.0046, 0.7855],[0.0167, 0.9197],[0.0012, 1.0],[0.0191, 0.5443],[0.1027, 0.7735],[0.2071, 0.7251],[0.2178, 0.6434],[0.0293, 0.5836],[0.1119, 0.7634],[0.1935, 0.7019],[0.177, 0.6361],[0.0361, 0.6172],[0.0769, 0.7344],[0.1343, 0.6989],[0.1532, 0.6505]
[0.3596, 0.382],[0.3606, 0.4817],[0.3193, 0.635],[0.3256, 0.7822],[0.3305, 0.9098],[0.0211, 0.5413],[0.0109, 0.7918],[0.0318, 0.9205],[0.0104, 1.0],[0.0225, 0.5434],[0.1056, 0.7718],[0.211, 0.7208],[0.2246, 0.6391],[0.0332, 0.5814],[0.1163, 0.7593],[0.2047, 0.6956],[0.1891, 0.6298],[0.0361, 0.6169],[0.0818, 0.7246],[0.143, 0.6858],[0.1644, 0.635]
[0.3475, 0.3883],[0.3548, 0.4831],[0.3164, 0.6344],[0.3213, 0.7817],[0.3222, 0.9131],[0.0167, 0.5459],[0.0012, 0.791],[0.0182, 0.9284],[0.0026, 1.0],[0.0133, 0.5505],[0.0915, 0.777],[0.1969, 0.7341],[0.2202, 0.6527],[0.025, 0.5907],[0.1022, 0.7683],[0.1916, 0.7087],[0.1848, 0.6437],[0.0298, 0.627],[0.0794, 0.7331],[0.1415, 0.6921],[0.1639, 0.6396]
[0.3465, 0.4],[0.3514, 0.491],[0.3115, 0.6437],[0.3179, 0.7981],[0.3203, 0.9314],[0.0085, 0.553],[0.0, 0.8022],[0.0177, 0.9347],[0.0, 1.0],[0.0075, 0.5631],[0.0944, 0.794],[0.2018, 0.7391],[0.2071, 0.6566],[0.0196, 0.6052],[0.1114, 0.782],[0.1984, 0.7126],[0.1731, 0.647],[0.025, 0.6451],[0.0774, 0.753],[0.1377, 0.709],[0.1532, 0.6563]
[0.3387, 0.3929],[0.346, 0.4913],[0.3096, 0.6451],[0.3213, 0.7937],[0.3276, 0.9224],[0.0162, 0.5579],[0.006, 0.8046],[0.0216, 0.932],[0.0, 1.0],[0.0177, 0.5612],[0.0959, 0.7888],[0.1993, 0.7371],[0.2081, 0.6568],[0.0284, 0.5962],[0.1139, 0.7688],[0.1993, 0.7052],[0.176, 0.644],[0.0298, 0.6295],[0.0731, 0.7391],[0.1338, 0.7057],[0.1532, 0.6609]
[0.3407, 0.3926],[0.3523, 0.4943],[0.3145, 0.6467],[0.3198, 0.7937],[0.3256, 0.9221],[0.0196, 0.5549],[0.0099, 0.8],[0.0284, 0.9279],[0.007, 1.0],[0.0148, 0.5576],[0.0988, 0.7863],[0.2081, 0.7363],[0.2193, 0.6563],[0.0221, 0.5929],[0.1114, 0.7675],[0.1998, 0.7063],[0.1823, 0.6456],[0.0216, 0.6281],[0.0638, 0.7366],[0.1245, 0.7027],[0.1464, 0.6563]
[0.3514, 0.3934],[0.3557, 0.4923],[0.3183, 0.6451],[0.3227, 0.7986],[0.329, 0.9268],[0.0128, 0.5516],[0.0114, 0.8011],[0.0332, 0.924],[0.0104, 1.0],[0.007, 0.5555],[0.1012, 0.7839],[0.2052, 0.7344],[0.2086, 0.659],[0.0172, 0.5896],[0.1134, 0.7705],[0.1959, 0.7139],[0.177, 0.6541],[0.0225, 0.6254],[0.0614, 0.7475],[0.1177, 0.7265],[0.1381, 0.6893]
[0.3499, 0.3883],[0.3577, 0.4842],[0.3237, 0.6382],[0.3295, 0.7973],[0.33, 0.93],[0.0167, 0.5489],[0.0012, 0.7978],[0.0148, 0.9289],[0.0, 1.0],[0.0051, 0.5555],[0.0949, 0.7825],[0.2013, 0.7363],[0.2095, 0.659],[0.0109, 0.5882],[0.1032, 0.7708],[0.1921, 0.715],[0.177, 0.6546],[0.0128, 0.6202],[0.0599, 0.7448],[0.1265, 0.7153],[0.1474, 0.6699]
[0.3567, 0.3847],[0.3557, 0.4855],[0.3169, 0.6434],[0.3247, 0.8019],[0.3324, 0.9281],[0.0196, 0.544],[0.0046, 0.7934],[0.0143, 0.9235],[0.0, 1.0],[0.0094, 0.5481],[0.0949, 0.7803],[0.2032, 0.735],[0.2144, 0.6555],[0.0167, 0.5811],[0.1037, 0.7639],[0.1916, 0.7074],[0.1755, 0.6462],[0.0211, 0.6126],[0.0658, 0.7325],[0.1284, 0.697],[0.1488, 0.6486]
[0.3562, 0.3891],[0.3606, 0.4899],[0.3232, 0.6429],[0.3271, 0.7964],[0.3319, 0.9235],[0.025, 0.5415],[0.006, 0.7882],[0.0157, 0.9191],[0.0, 1.0],[0.0109, 0.5467],[0.0978, 0.7798],[0.2066, 0.7358],[0.2178, 0.6568],[0.0157, 0.5806],[0.1066, 0.7626],[0.1945, 0.7066],[0.1775, 0.6467],[0.0177, 0.6123],[0.0629, 0.7331],[0.1245, 0.703],[0.1464, 0.6601]
[0.3499, 0.3883],[0.3548, 0.4874],[0.3179, 0.6434],[0.329, 0.7943],[0.3334, 0.9194],[0.0221, 0.5456],[0.0075, 0.797],[0.0289, 0.924],[0.0094, 1.0],[0.0172, 0.5454],[0.1022, 0.7803],[0.2091, 0.7306],[0.2154, 0.6535],[0.024, 0.579],[0.1129, 0.7617],[0.2008, 0.7014],[0.1789, 0.6404],[0.0221, 0.6134],[0.0643, 0.7325],[0.1279, 0.7016],[0.1479, 0.6579]
[0.3596, 0.3716],[0.3591, 0.4787],[0.3232, 0.6388],[0.3315, 0.7948],[0.3387, 0.9167],[0.0298, 0.5421],[0.007, 0.7893],[0.0128, 0.9246],[0.0, 1.0],[0.0162, 0.5448],[0.0973, 0.7773],[0.2013, 0.7396],[0.2193, 0.6609],[0.023, 0.5746],[0.1022, 0.7596],[0.1862, 0.7109],[0.1799, 0.6497],[0.0269, 0.603],[0.0682, 0.7254],[0.1304, 0.6986],[0.1542, 0.6544]
[0.3679, 0.3771],[0.3664, 0.4689],[0.3295, 0.6232],[0.3324, 0.7839],[0.3368, 0.9145],[0.0274, 0.5374],[0.0119, 0.7858],[0.0216, 0.9156],[0.0012, 1.0],[0.0191, 0.5484],[0.1061, 0.7735],[0.2076, 0.7249],[0.2134, 0.647],[0.0289, 0.5842],[0.1143, 0.7615],[0.1969, 0.7022],[0.178, 0.6432],[0.0366, 0.6161],[0.0774, 0.7369],[0.1333, 0.7041],[0.1488, 0.6612]
[0.364, 0.379],[0.3664, 0.4727],[0.3315, 0.6295],[0.3329, 0.7874],[0.3353, 0.9139],[0.0308, 0.5382],[0.0133, 0.7885],[0.0245, 0.9199],[0.0065, 1.0],[0.0128, 0.5429],[0.1046, 0.7705],[0.2071, 0.7284],[0.2183, 0.6516],[0.0182, 0.5773],[0.1095, 0.7585],[0.1916, 0.703],[0.178, 0.6432],[0.025, 0.6076],[0.0716, 0.7292],[0.1294, 0.6981],[0.1508, 0.656]
[0.3562, 0.3839],[0.3625, 0.482],[0.329, 0.6388],[0.3339, 0.7929],[0.3358, 0.9183],[0.0293, 0.5418],[0.0138, 0.7918],[0.0274, 0.9259],[0.0138, 1.0],[0.0162, 0.5456],[0.1056, 0.7765],[0.2115, 0.729],[0.2261, 0.6473],[0.0216, 0.5831],[0.1139, 0.7634],[0.2008, 0.7008],[0.1882, 0.6363],[0.0264, 0.6164],[0.0784, 0.7325],[0.1406, 0.6932],[0.1629, 0.6451]
[0.3591, 0.3771],[0.3625, 0.4811],[0.33, 0.6407],[0.3353, 0.7959],[0.3363, 0.9213],[0.0342, 0.5415],[0.0148, 0.7915],[0.0264, 0.9257],[0.0114, 1.0],[0.0191, 0.5434],[0.1037, 0.7749],[0.2081, 0.73],[0.2217, 0.6492],[0.024, 0.5784],[0.109, 0.7609],[0.1945, 0.7022],[0.1823, 0.6388],[0.0274, 0.6096],[0.0755, 0.7259],[0.1367, 0.6893],[0.159, 0.6413]
[0.3679, 0.3844],[0.3645, 0.4803],[0.329, 0.6374],[0.3353, 0.7953],[0.3392, 0.9218],[0.0298, 0.544],[0.0191, 0.7937],[0.0347, 0.9221],[0.0143, 1.0],[0.023, 0.5525],[0.1124, 0.7776],[0.2139, 0.7279],[0.2178, 0.6494],[0.0318, 0.5899],[0.1207, 0.7683],[0.2027, 0.7076],[0.1833, 0.6467],[0.0376, 0.6232],[0.0818, 0.7415],[0.1406, 0.7096],[0.1615, 0.6664]
[0.365, 0.3795],[0.3664, 0.4787],[0.3285, 0.6358],[0.3329, 0.7863],[0.3373, 0.9112],[0.0269, 0.5418],[0.0206, 0.7934],[0.0361, 0.9232],[0.0162, 1.0],[0.0225, 0.544],[0.1105, 0.7721],[0.212, 0.724],[0.2207, 0.6429],[0.0337, 0.5806],[0.1187, 0.7615],[0.2032, 0.7022],[0.1857, 0.6385],[0.0415, 0.6145],[0.0867, 0.7292],[0.1454, 0.6915],[0.1644, 0.6423]
[0.363, 0.3792],[0.3664, 0.4792],[0.3305, 0.6377],[0.3319, 0.7975],[0.3373, 0.9259],[0.0284, 0.5434],[0.0182, 0.7956],[0.0342, 0.9268],[0.0177, 1.0],[0.0138, 0.5505],[0.1095, 0.7795],[0.2086, 0.7303],[0.2154, 0.6478],[0.0211, 0.5874],[0.1168, 0.7708],[0.1945, 0.7117],[0.1799, 0.6462],[0.0289, 0.6213],[0.0765, 0.7464],[0.1323, 0.7156],[0.1542, 0.6708]
[0.3655, 0.3847],[0.3664, 0.4781],[0.3247, 0.6325],[0.3271, 0.7869],[0.3392, 0.9167],[0.0191, 0.5451],[0.0133, 0.7964],[0.0357, 0.9243],[0.0182, 1.0],[0.0172, 0.553],[0.1109, 0.7795],[0.2149, 0.7229],[0.2168, 0.6421],[0.0313, 0.591],[0.126, 0.7683],[0.2071, 0.7044],[0.1833, 0.6426],[0.0405, 0.6276],[0.0847, 0.7443],[0.1411, 0.7068],[0.1585, 0.6585]
[0.3577, 0.382],[0.3635, 0.477],[0.3261, 0.6341],[0.3266, 0.7926],[0.3329, 0.9213],[0.0221, 0.5459],[0.0119, 0.7983],[0.0293, 0.9289],[0.0148, 1.0],[0.0094, 0.5519],[0.1056, 0.785],[0.2115, 0.7385],[0.2256, 0.6576],[0.0177, 0.5877],[0.1163, 0.7694],[0.1993, 0.7085],[0.1862, 0.6451],[0.0255, 0.6197],[0.0779, 0.7412],[0.1362, 0.7087],[0.16, 0.6656]
[0.3557, 0.3861],[0.3621, 0.4874],[0.3237, 0.6421],[0.3266, 0.794],[0.3319, 0.9207],[0.023, 0.55],[0.0123, 0.7997],[0.0289, 0.9289],[0.0109, 1.0],[0.0133, 0.5535],[0.1085, 0.7836],[0.2134, 0.7358],[0.2212, 0.6552],[0.0206, 0.5882],[0.1182, 0.7677],[0.2032, 0.7071],[0.1823, 0.6454],[0.024, 0.6197],[0.076, 0.7358],[0.1372, 0.7003],[0.1576, 0.6541]
[0.3509, 0.3902],[0.3591, 0.494],[0.3203, 0.6505],[0.3285, 0.7989],[0.3349, 0.9259],[0.0206, 0.5566],[0.0167, 0.8079],[0.042, 0.9311],[0.0206, 1.0],[0.0182, 0.5546],[0.109, 0.7844],[0.2134, 0.732],[0.2178, 0.6533],[0.0264, 0.5882],[0.1207, 0.7683],[0.2095, 0.706],[0.1867, 0.644],[0.0279, 0.6213],[0.0774, 0.7361],[0.1406, 0.7003],[0.161, 0.6522]
[0.3523, 0.3863],[0.364, 0.4964],[0.3251, 0.6538],[0.3305, 0.7992],[0.3344, 0.921],[0.0235, 0.556],[0.0177, 0.8079],[0.0381, 0.9306],[0.0153, 1.0],[0.0128, 0.5495],[0.1071, 0.7814],[0.2134, 0.7298],[0.2159, 0.6538],[0.0167, 0.5779],[0.1158, 0.7615],[0.2047, 0.7022],[0.1799, 0.644],[0.0172, 0.6074],[0.0687, 0.729],[0.1338, 0.6967],[0.1522, 0.6519]
[0.3587, 0.3893],[0.3611, 0.4945],[0.3222, 0.6514],[0.3349, 0.7989],[0.3402, 0.9194],[0.0289, 0.5538],[0.0187, 0.7997],[0.0337, 0.9265],[0.0133, 1.0],[0.0264, 0.5522],[0.1105, 0.7814],[0.2159, 0.729],[0.2231, 0.6494],[0.0332, 0.5833],[0.1211, 0.762],[0.2071, 0.6997],[0.1833, 0.6391],[0.0337, 0.6126],[0.0784, 0.7279],[0.1401, 0.6912],[0.1576, 0.6445]
[0.3553, 0.385],[0.3591, 0.4913],[0.3213, 0.6464],[0.3324, 0.791],[0.3407, 0.9109],[0.0245, 0.5495],[0.023, 0.7983],[0.0459, 0.9218],[0.0245, 1.0],[0.0245, 0.5459],[0.1119, 0.7776],[0.2183, 0.7262],[0.2261, 0.6492],[0.0327, 0.5762],[0.125, 0.7571],[0.2115, 0.6975],[0.1906, 0.6388],[0.0332, 0.6085],[0.0745, 0.7249],[0.1347, 0.6962],[0.1556, 0.6535]
[0.3596, 0.3943],[0.3635, 0.4883],[0.3271, 0.6404],[0.3368, 0.7869],[0.3431, 0.9126],[0.0289, 0.5514],[0.023, 0.7953],[0.041, 0.921],[0.0191, 1.0],[0.0318, 0.5593],[0.1148, 0.7822],[0.2207, 0.7287],[0.2256, 0.6522],[0.0434, 0.5948],[0.1309, 0.765],[0.2173, 0.7019],[0.1916, 0.6445],[0.0459, 0.6281],[0.0857, 0.7377],[0.1474, 0.7052],[0.1663, 0.6623]
[0.3596, 0.3959],[0.3669, 0.4904],[0.3319, 0.6388],[0.3397, 0.7855],[0.3455, 0.9128],[0.0318, 0.5495],[0.025, 0.7973],[0.0473, 0.9216],[0.0259, 1.0],[0.0289, 0.5541],[0.1187, 0.78],[0.2231, 0.7273],[0.2256, 0.6533],[0.0371, 0.588],[0.1304, 0.7639],[0.2168, 0.7033],[0.1921, 0.6478],[0.0352, 0.6232],[0.0765, 0.741],[0.1391, 0.7134],[0.159, 0.6738]
[0.3606, 0.3926],[0.3655, 0.4836],[0.329, 0.6358],[0.3421, 0.785],[0.3528, 0.912],[0.0342, 0.55],[0.0245, 0.7967],[0.0425, 0.9257],[0.0206, 1.0],[0.0366, 0.5585],[0.1187, 0.7822],[0.2261, 0.7273],[0.2358, 0.647],[0.0507, 0.5967],[0.1381, 0.7661],[0.2231, 0.7003],[0.2018, 0.638],[0.0556, 0.6336],[0.0993, 0.7391],[0.159, 0.7005],[0.1785, 0.6516]
[0.3684, 0.3795],[0.3732, 0.4795],[0.3373, 0.635],[0.3412, 0.7882],[0.3499, 0.9139],[0.0361, 0.5478],[0.0264, 0.7975],[0.0439, 0.9229],[0.023, 1.0],[0.0298, 0.5511],[0.125, 0.7787],[0.2295, 0.7254],[0.2314, 0.6464],[0.0386, 0.5833],[0.1357, 0.7609],[0.2193, 0.6994],[0.1969, 0.6393],[0.042, 0.6147],[0.0871, 0.7347],[0.1464, 0.703],[0.1649, 0.6585]
[0.3684, 0.379],[0.3718, 0.473],[0.3358, 0.6281],[0.3426, 0.7858],[0.3509, 0.915],[0.0371, 0.5456],[0.0255, 0.7956],[0.0386, 0.9254],[0.0182, 1.0],[0.0289, 0.5522],[0.1241, 0.7776],[0.228, 0.7249],[0.2348, 0.6429],[0.0391, 0.588],[0.1357, 0.7642],[0.2178, 0.7008],[0.1969, 0.6374],[0.0468, 0.6205],[0.0983, 0.7361],[0.1556, 0.6964],[0.1726, 0.6464]
[0.3708, 0.3762],[0.3732, 0.476],[0.3402, 0.6344],[0.346, 0.7945],[0.3504, 0.9224],[0.0429, 0.5423],[0.0308, 0.7893],[0.0376, 0.9232],[0.0206, 1.0],[0.0259, 0.5495],[0.1173, 0.779],[0.2193, 0.7355],[0.2324, 0.6552],[0.0327, 0.5844],[0.1236, 0.7677],[0.2057, 0.7117],[0.1925, 0.6508],[0.0391, 0.6145],[0.0862, 0.738],[0.1445, 0.7082],[0.1653, 0.6664]
[0.3674, 0.3809],[0.3757, 0.4784],[0.3426, 0.6306],[0.346, 0.7828],[0.3494, 0.9128],[0.041, 0.5418],[0.0323, 0.7934],[0.0478, 0.9205],[0.0255, 1.0],[0.0293, 0.5437],[0.1236, 0.771],[0.2236, 0.7232],[0.229, 0.6451],[0.0376, 0.579],[0.1299, 0.7606],[0.2115, 0.703],[0.194, 0.6426],[0.042, 0.6142],[0.0857, 0.7336],[0.1425, 0.7025],[0.1624, 0.6576]
[0.3655, 0.3765],[0.3684, 0.4776],[0.3358, 0.6347],[0.346, 0.7893],[0.3533, 0.9145],[0.0391, 0.5399],[0.0274, 0.7904],[0.041, 0.9243],[0.0264, 1.0],[0.0308, 0.5434],[0.1173, 0.7773],[0.2227, 0.7331],[0.2431, 0.6497],[0.041, 0.5798],[0.1284, 0.7628],[0.211, 0.7052],[0.2023, 0.6404],[0.0459, 0.6134],[0.091, 0.7292],[0.1493, 0.6951],[0.1721, 0.6464]
[0.3684, 0.3792],[0.3732, 0.4809],[0.3387, 0.638],[0.3431, 0.794],[0.3494, 0.9207],[0.0391, 0.5429],[0.0279, 0.7918],[0.0415, 0.9207],[0.024, 1.0],[0.0245, 0.547],[0.1197, 0.7779],[0.2227, 0.7309],[0.2314, 0.6514],[0.0308, 0.5803],[0.1255, 0.765],[0.2061, 0.7068],[0.1887, 0.6464],[0.0347, 0.6117],[0.0808, 0.7361],[0.1381, 0.7074],[0.1581, 0.6669]
[0.3674, 0.3795],[0.3732, 0.4811],[0.3363, 0.6391],[0.3378, 0.7959],[0.3455, 0.921],[0.0391, 0.5429],[0.0225, 0.7929],[0.0352, 0.9235],[0.0177, 1.0],[0.0255, 0.5503],[0.1173, 0.7762],[0.2217, 0.7292],[0.2343, 0.6481],[0.0327, 0.5861],[0.1245, 0.7661],[0.2061, 0.7068],[0.1945, 0.6423],[0.0386, 0.6188],[0.0857, 0.7366],[0.144, 0.7022],[0.1663, 0.6549]
[0.3703, 0.3762],[0.3679, 0.4768],[0.3305, 0.6355],[0.3353, 0.7902],[0.3465, 0.9128],[0.0366, 0.5459],[0.0216, 0.7891],[0.0332, 0.9216],[0.0177, 1.0],[0.0332, 0.5538],[0.1187, 0.7773],[0.2217, 0.7295],[0.2343, 0.6464],[0.0459, 0.5907],[0.1294, 0.768],[0.2095, 0.7076],[0.1964, 0.6421],[0.0551, 0.6221],[0.0969, 0.7363],[0.1522, 0.6997],[0.1726, 0.6508]
[0.3664, 0.3787],[0.3655, 0.4781],[0.329, 0.6363],[0.3349, 0.791],[0.347, 0.9145],[0.0332, 0.5451],[0.0255, 0.7915],[0.0391, 0.9213],[0.0225, 1.0],[0.0259, 0.5505],[0.1182, 0.774],[0.2168, 0.7262],[0.2251, 0.644],[0.0371, 0.5872],[0.1255, 0.7658],[0.2023, 0.7076],[0.1867, 0.6437],[0.0463, 0.6191],[0.0881, 0.7358],[0.1411, 0.7033],[0.1615, 0.6576]
[0.3674, 0.3798],[0.3674, 0.4801],[0.3305, 0.638],[0.3353, 0.7899],[0.3441, 0.9136],[0.0313, 0.5489],[0.024, 0.7937],[0.04, 0.9232],[0.0225, 1.0],[0.025, 0.5508],[0.1158, 0.7738],[0.2183, 0.7268],[0.2299, 0.6454],[0.0357, 0.5855],[0.1231, 0.765],[0.2061, 0.7076],[0.1945, 0.6426],[0.0434, 0.6164],[0.0891, 0.732],[0.1469, 0.6964],[0.1687, 0.6464]
[0.3669, 0.3809],[0.3693, 0.4768],[0.3319, 0.6322],[0.3368, 0.7869],[0.3441, 0.9139],[0.0347, 0.5451],[0.0259, 0.7921],[0.0381, 0.9207],[0.0177, 1.0],[0.0303, 0.5516],[0.1211, 0.7798],[0.2227, 0.7281],[0.2265, 0.647],[0.042, 0.5888],[0.1309, 0.7675],[0.212, 0.7046],[0.1887, 0.6423],[0.0488, 0.6224],[0.0925, 0.7396],[0.1493, 0.7049],[0.1658, 0.6604]
[0.3669, 0.3787],[0.3674, 0.4708],[0.331, 0.627],[0.3363, 0.7855],[0.3436, 0.9161],[0.0323, 0.5462],[0.023, 0.7953],[0.0405, 0.9218],[0.0221, 1.0],[0.0284, 0.5555],[0.1202, 0.78],[0.2188, 0.7265],[0.2197, 0.6464],[0.0415, 0.5926],[0.1309, 0.7691],[0.2086, 0.706],[0.1853, 0.6432],[0.0502, 0.6273],[0.0915, 0.7443],[0.1469, 0.7126],[0.1634, 0.6675]
[0.3723, 0.3809],[0.3718, 0.4773],[0.3339, 0.6311],[0.3358, 0.7882],[0.3451, 0.915],[0.0352, 0.5467],[0.0269, 0.7953],[0.0415, 0.9221],[0.0225, 1.0],[0.0269, 0.5549],[0.125, 0.7773],[0.2231, 0.7265],[0.227, 0.6467],[0.0381, 0.5893],[0.1328, 0.7645],[0.2091, 0.7046],[0.1901, 0.6443],[0.0468, 0.6191],[0.0925, 0.7355],[0.1479, 0.7038],[0.1673, 0.6609]
[0.3659, 0.3814],[0.3664, 0.4795],[0.33, 0.6352],[0.3378, 0.788],[0.3475, 0.912],[0.0342, 0.5492],[0.0298, 0.8016],[0.0483, 0.927],[0.0284, 1.0],[0.0279, 0.5486],[0.1192, 0.7738],[0.2207, 0.7251],[0.2333, 0.6451],[0.0381, 0.582],[0.126, 0.7628],[0.2081, 0.7057],[0.1969, 0.6418],[0.0444, 0.6131],[0.0905, 0.7298],[0.1479, 0.6937],[0.1683, 0.644]
[0.382, 0.3836],[0.3747, 0.4874],[0.3397, 0.6432],[0.346, 0.8011],[0.3553, 0.9224],[0.0444, 0.5519],[0.0313, 0.7888],[0.0425, 0.9169],[0.0259, 1.0],[0.0371, 0.5656],[0.1255, 0.7828],[0.2217, 0.7339],[0.2212, 0.6571],[0.0444, 0.5984],[0.1318, 0.771],[0.2095, 0.7178],[0.1906, 0.6601],[0.0497, 0.6268],[0.0867, 0.7497],[0.144, 0.732],[0.1615, 0.6992]
[0.3805, 0.3937],[0.381, 0.4918],[0.346, 0.6429],[0.3485, 0.7929],[0.3557, 0.9199],[0.0405, 0.5492],[0.0391, 0.7962],[0.0575, 0.9161],[0.0332, 1.0],[0.0352, 0.5555],[0.1318, 0.7784],[0.2304, 0.727],[0.2212, 0.6552],[0.0429, 0.5888],[0.1406, 0.768],[0.2217, 0.7104],[0.193, 0.6544],[0.0454, 0.6227],[0.0784, 0.7505],[0.1304, 0.7374],[0.144, 0.7096]
[0.3747, 0.3844],[0.3747, 0.488],[0.3368, 0.6478],[0.346, 0.8008],[0.3577, 0.9199],[0.0463, 0.5484],[0.0313, 0.7943],[0.0463, 0.9216],[0.0279, 1.0],[0.0386, 0.5533],[0.1284, 0.7779],[0.2304, 0.7279],[0.2338, 0.6481],[0.0449, 0.5882],[0.1357, 0.7656],[0.2173, 0.7046],[0.1964, 0.6415],[0.0478, 0.6202],[0.0905, 0.7388],[0.1488, 0.7052],[0.1673, 0.6598]
[0.3742, 0.3814],[0.3757, 0.4836],[0.3417, 0.6426],[0.3499, 0.797],[0.3572, 0.9205],[0.0444, 0.5478],[0.0352, 0.7986],[0.0517, 0.9213],[0.0293, 1.0],[0.0347, 0.5503],[0.1275, 0.7779],[0.227, 0.7281],[0.2261, 0.6511],[0.0405, 0.5833],[0.1299, 0.7664],[0.211, 0.7101],[0.1887, 0.6516],[0.0425, 0.6145],[0.0774, 0.7385],[0.1338, 0.7139],[0.1517, 0.6746]
[0.3766, 0.3754],[0.3781, 0.4781],[0.3412, 0.6385],[0.347, 0.7973],[0.3582, 0.9232],[0.0454, 0.5462],[0.0308, 0.7978],[0.0449, 0.9251],[0.0264, 1.0],[0.0327, 0.5511],[0.1275, 0.7781],[0.2261, 0.7281],[0.227, 0.6484],[0.04, 0.5836],[0.1313, 0.7664],[0.2091, 0.7079],[0.1896, 0.6464],[0.0444, 0.6145],[0.0857, 0.7393],[0.142, 0.7115],[0.1605, 0.6694]
[0.3805, 0.3798],[0.3776, 0.479],[0.3402, 0.635],[0.3485, 0.7882],[0.3572, 0.9145],[0.0449, 0.5443],[0.0313, 0.7932],[0.0468, 0.9229],[0.0284, 1.0],[0.0415, 0.5505],[0.1294, 0.7803],[0.2309, 0.7292],[0.2348, 0.6484],[0.0522, 0.5882],[0.1391, 0.768],[0.2197, 0.7071],[0.1979, 0.6462],[0.0565, 0.6221],[0.0959, 0.7404],[0.1522, 0.7093],[0.1717, 0.6669]
[0.3829, 0.373],[0.3825, 0.473],[0.3441, 0.6309],[0.3485, 0.7869],[0.3572, 0.9131],[0.0478, 0.5399],[0.0313, 0.7912],[0.0439, 0.9218],[0.0284, 1.0],[0.0371, 0.5456],[0.127, 0.7781],[0.2319, 0.7322],[0.2435, 0.6505],[0.0473, 0.5798],[0.1362, 0.7617],[0.2193, 0.703],[0.2047, 0.6407],[0.0551, 0.6096],[0.1017, 0.7273],[0.1605, 0.6912],[0.1804, 0.6434]
[0.3781, 0.3754],[0.3771, 0.4852],[0.3402, 0.6423],[0.347, 0.7934],[0.3577, 0.9145],[0.0444, 0.5475],[0.0323, 0.7934],[0.0444, 0.9229],[0.0269, 1.0],[0.0327, 0.5464],[0.1279, 0.774],[0.2309, 0.729],[0.2421, 0.6492],[0.0391, 0.5773],[0.1328, 0.7601],[0.2168, 0.7052],[0.2057, 0.6432],[0.0449, 0.6044],[0.0954, 0.7246],[0.1561, 0.6929],[0.1789, 0.6486]
[0.3761, 0.3801],[0.3727, 0.485],[0.3358, 0.6434],[0.3441, 0.7983],[0.3567, 0.9199],[0.0376, 0.5519],[0.0293, 0.7962],[0.0429, 0.9232],[0.024, 1.0],[0.0293, 0.5546],[0.125, 0.7757],[0.2236, 0.73],[0.2333, 0.6525],[0.0395, 0.5861],[0.1328, 0.7631],[0.212, 0.7098],[0.2023, 0.6489],[0.0478, 0.615],[0.0954, 0.7322],[0.1537, 0.7035],[0.1755, 0.6601]
[0.3708, 0.3904],[0.3727, 0.4896],[0.3373, 0.6426],[0.3431, 0.7921],[0.3509, 0.9194],[0.0318, 0.55],[0.0284, 0.7983],[0.0468, 0.9254],[0.0264, 1.0],[0.0279, 0.5522],[0.1231, 0.779],[0.2261, 0.7311],[0.2329, 0.6519],[0.0376, 0.5869],[0.1338, 0.7664],[0.2183, 0.7093],[0.2013, 0.6475],[0.0429, 0.6205],[0.0915, 0.7371],[0.1517, 0.7082],[0.1736, 0.6653]
[0.3659, 0.3885],[0.3718, 0.4915],[0.3368, 0.644],[0.3417, 0.7902],[0.3514, 0.9131],[0.0332, 0.5522],[0.0279, 0.8014],[0.0478, 0.9273],[0.0284, 1.0],[0.0264, 0.5527],[0.1182, 0.779],[0.2197, 0.7344],[0.227, 0.6593],[0.0352, 0.585],[0.1299, 0.7667],[0.2144, 0.7158],[0.2013, 0.6568],[0.04, 0.6172],[0.0876, 0.7402],[0.1508, 0.718],[0.1741, 0.6779]
[0.3645, 0.3814],[0.3655, 0.4874],[0.331, 0.6492],[0.3421, 0.8049],[0.3523, 0.9279],[0.0332, 0.5544],[0.0221, 0.8022],[0.0366, 0.9358],[0.0221, 1.0],[0.023, 0.5587],[0.1148, 0.7825],[0.2139, 0.7369],[0.2261, 0.6552],[0.0327, 0.5926],[0.1221, 0.7724],[0.2023, 0.715],[0.1921, 0.6511],[0.041, 0.621],[0.0905, 0.7412],[0.1483, 0.7038],[0.1687, 0.6538]
[0.3679, 0.3825],[0.3723, 0.4918],[0.3378, 0.6492],[0.3446, 0.8044],[0.3509, 0.9279],[0.0361, 0.5601],[0.0318, 0.8112],[0.0517, 0.9322],[0.0303, 1.0],[0.025, 0.5637],[0.1207, 0.7866],[0.2193, 0.7314],[0.2173, 0.6541],[0.0318, 0.5937],[0.1289, 0.774],[0.211, 0.7137],[0.1911, 0.6519],[0.0371, 0.6227],[0.0857, 0.7478],[0.1483, 0.7153],[0.1663, 0.6672]
[0.3635, 0.3855],[0.3669, 0.4822],[0.3363, 0.6374],[0.346, 0.7943],[0.3519, 0.9262],[0.0347, 0.5544],[0.0269, 0.8024],[0.042, 0.932],[0.0245, 1.0],[0.0279, 0.5582],[0.1177, 0.7866],[0.2197, 0.7361],[0.229, 0.6568],[0.0386, 0.5932],[0.1299, 0.7743],[0.212, 0.7117],[0.1955, 0.6494],[0.0454, 0.6279],[0.091, 0.7478],[0.1488, 0.7128],[0.1687, 0.6653]
[0.3664, 0.3798],[0.3693, 0.4795],[0.3358, 0.6358],[0.3431, 0.7912],[0.3489, 0.9191],[0.0352, 0.5527],[0.025, 0.8016],[0.0434, 0.9295],[0.0245, 1.0],[0.0332, 0.5587],[0.1221, 0.7831],[0.2241, 0.7309],[0.2265, 0.653],[0.0449, 0.5945],[0.1357, 0.7732],[0.2193, 0.7115],[0.1998, 0.6489],[0.0531, 0.6281],[0.1007, 0.7451],[0.16, 0.7076],[0.177, 0.6566]
[0.3713, 0.3842],[0.3713, 0.4866],[0.3353, 0.6413],[0.3426, 0.7945],[0.3523, 0.9205],[0.0323, 0.5555],[0.0298, 0.8044],[0.0497, 0.927],[0.0293, 1.0],[0.0298, 0.5596],[0.1279, 0.7828],[0.2251, 0.7311],[0.2231, 0.6546],[0.0425, 0.5934],[0.1381, 0.7713],[0.2168, 0.7134],[0.194, 0.6546],[0.0502, 0.6262],[0.093, 0.7478],[0.1479, 0.7205],[0.1644, 0.679]
[0.3732, 0.3812],[0.3727, 0.4825],[0.3358, 0.6391],[0.3421, 0.7902],[0.3519, 0.9145],[0.0361, 0.5508],[0.0293, 0.8003],[0.0459, 0.9262],[0.0259, 1.0],[0.0318, 0.5552],[0.1275, 0.7822],[0.2275, 0.7328],[0.2314, 0.6535],[0.0434, 0.5904],[0.1362, 0.7686],[0.2168, 0.7101],[0.1959, 0.6503],[0.0512, 0.6227],[0.0964, 0.7377],[0.1522, 0.706],[0.1697, 0.6626]
[0.3737, 0.3833],[0.3732, 0.4844],[0.3383, 0.6396],[0.3436, 0.7918],[0.3543, 0.9145],[0.04, 0.5497],[0.0308, 0.797],[0.0463, 0.9235],[0.0274, 1.0],[0.0332, 0.5566],[0.127, 0.782],[0.227, 0.7317],[0.2314, 0.6522],[0.0429, 0.5923],[0.1362, 0.7688],[0.2159, 0.7087],[0.1955, 0.6481],[0.0493, 0.6232],[0.0949, 0.7407],[0.1517, 0.7101],[0.1707, 0.6678]
[0.3776, 0.379],[0.381, 0.4784],[0.3431, 0.6352],[0.346, 0.7921],[0.3562, 0.9175],[0.0425, 0.5486],[0.0313, 0.7992],[0.0473, 0.9238],[0.0284, 1.0],[0.0323, 0.5571],[0.1294, 0.7822],[0.229, 0.7306],[0.2285, 0.6527],[0.0415, 0.5907],[0.1386, 0.768],[0.2173, 0.7087],[0.195, 0.65],[0.0483, 0.6219],[0.093, 0.744],[0.1483, 0.7169],[0.1649, 0.6779]
[0.3771, 0.3833],[0.3781, 0.4863],[0.3412, 0.641],[0.3446, 0.7953],[0.3567, 0.9194],[0.0415, 0.559],[0.0332, 0.8079],[0.0522, 0.9311],[0.0323, 1.0],[0.0327, 0.5645],[0.1299, 0.7841],[0.2246, 0.732],[0.2222, 0.6549],[0.04, 0.5956],[0.1372, 0.7729],[0.2144, 0.7169],[0.195, 0.6574],[0.0454, 0.6251],[0.091, 0.7503],[0.1464, 0.7273],[0.1649, 0.6899]
[0.3776, 0.3828],[0.3791, 0.4825],[0.3431, 0.6352],[0.3465, 0.7885],[0.3591, 0.915],[0.0391, 0.5598],[0.0357, 0.8063],[0.0546, 0.9265],[0.0337, 1.0],[0.0347, 0.5664],[0.1318, 0.7822],[0.2256, 0.7279],[0.2222, 0.653],[0.0459, 0.5973],[0.1435, 0.7697],[0.2202, 0.7128],[0.1993, 0.6563],[0.0536, 0.627],[0.0954, 0.7494],[0.1503, 0.7259],[0.1668, 0.6882]
[0.3776, 0.3801],[0.3791, 0.4798],[0.3441, 0.6361],[0.3494, 0.7929],[0.3596, 0.9202],[0.0425, 0.5535],[0.0352, 0.8024],[0.0512, 0.9281],[0.0323, 1.0],[0.0342, 0.5607],[0.1338, 0.7833],[0.2295, 0.7306],[0.228, 0.6519],[0.0449, 0.5926],[0.1396, 0.7702],[0.2163, 0.7109],[0.195, 0.6516],[0.0531, 0.6224],[0.0969, 0.7462],[0.1522, 0.7167],[0.1678, 0.674]
[0.3766, 0.3771],[0.3771, 0.4844],[0.3407, 0.6432],[0.3431, 0.7973],[0.3548, 0.9183],[0.0405, 0.5492],[0.0352, 0.7948],[0.0449, 0.9213],[0.0235, 1.0],[0.0279, 0.5516],[0.1231, 0.7743],[0.2236, 0.7309],[0.2299, 0.6519],[0.0347, 0.5814],[0.1284, 0.762],[0.2091, 0.712],[0.194, 0.6511],[0.0415, 0.6087],[0.0823, 0.7361],[0.1396, 0.7134],[0.16, 0.6721]
[0.3659, 0.3844],[0.3708, 0.4809],[0.3358, 0.6347],[0.3436, 0.7882],[0.3504, 0.9197],[0.0318, 0.5522],[0.0269, 0.7973],[0.0434, 0.924],[0.023, 1.0],[0.0289, 0.5555],[0.1226, 0.7814],[0.2261, 0.7281],[0.2329, 0.6494],[0.041, 0.5902],[0.1386, 0.7688],[0.2202, 0.7052],[0.1993, 0.6434],[0.0468, 0.6262],[0.092, 0.7467],[0.1488, 0.7158],[0.1678, 0.6724]
[0.3684, 0.3773],[0.3742, 0.4945],[0.3373, 0.6541],[0.3407, 0.8098],[0.3523, 0.9289],[0.04, 0.5593],[0.0289, 0.8068],[0.0444, 0.9298],[0.0259, 1.0],[0.0201, 0.5574],[0.1187, 0.7773],[0.2149, 0.73],[0.2149, 0.6571],[0.0216, 0.5806],[0.125, 0.7626],[0.2052, 0.7131],[0.1896, 0.6538],[0.0269, 0.6063],[0.0847, 0.7358],[0.1498, 0.7131],[0.1692, 0.6697]
[0.3703, 0.3847],[0.3689, 0.4883],[0.3334, 0.6473],[0.3383, 0.8041],[0.3485, 0.9281],[0.0332, 0.5527],[0.025, 0.7989],[0.0361, 0.9281],[0.0182, 1.0],[0.0196, 0.5582],[0.1158, 0.7833],[0.2159, 0.7421],[0.2227, 0.6653],[0.0284, 0.5907],[0.1241, 0.7724],[0.2047, 0.7202],[0.1901, 0.6601],[0.0376, 0.6202],[0.0847, 0.7437],[0.1435, 0.718],[0.1644, 0.6762]
[0.3625, 0.3852],[0.363, 0.485],[0.3276, 0.6443],[0.3368, 0.8],[0.3431, 0.9281],[0.0289, 0.5566],[0.0201, 0.8041],[0.0381, 0.9287],[0.0187, 1.0],[0.0255, 0.5617],[0.1148, 0.7833],[0.211, 0.7298],[0.2095, 0.6538],[0.0366, 0.5967],[0.1279, 0.7721],[0.2071, 0.7112],[0.1823, 0.6527],[0.042, 0.6309],[0.0842, 0.7505],[0.1411, 0.7221],[0.1571, 0.6817]
[0.3645, 0.3844],[0.3669, 0.4844],[0.3319, 0.641],[0.3353, 0.8003],[0.3436, 0.9303],[0.0274, 0.5609],[0.0216, 0.8106],[0.0386, 0.932],[0.0177, 1.0],[0.0162, 0.5669],[0.1168, 0.7861],[0.2125, 0.7331],[0.2061, 0.6582],[0.0245, 0.5964],[0.1241, 0.7718],[0.2027, 0.7153],[0.177, 0.6606],[0.0293, 0.6251],[0.076, 0.7481],[0.1338, 0.7208],[0.1493, 0.68]
[0.365, 0.3833],[0.3645, 0.4891],[0.329, 0.6456],[0.3334, 0.8],[0.3451, 0.9232],[0.0298, 0.5563],[0.0191, 0.8003],[0.0318, 0.9281],[0.0157, 1.0],[0.0177, 0.5609],[0.1105, 0.7831],[0.211, 0.7399],[0.2168, 0.6626],[0.0259, 0.5926],[0.1173, 0.7713],[0.1993, 0.7186],[0.1843, 0.6587],[0.0342, 0.6221],[0.0789, 0.7448],[0.1362, 0.7191],[0.1556, 0.6779]
[0.3621, 0.3937],[0.364, 0.4844],[0.3276, 0.6361],[0.3339, 0.7915],[0.3431, 0.924],[0.0255, 0.5598],[0.0177, 0.8115],[0.04, 0.9339],[0.0206, 1.0],[0.023, 0.5686],[0.1207, 0.7926],[0.2207, 0.7328],[0.2144, 0.656],[0.0352, 0.6055],[0.1338, 0.7798],[0.2134, 0.7126],[0.1814, 0.6546],[0.04, 0.6415],[0.0847, 0.759],[0.1411, 0.7262],[0.1551, 0.6841]
[0.3611, 0.3896],[0.3601, 0.4943],[0.3242, 0.6533],[0.329, 0.8057],[0.3373, 0.9268],[0.0255, 0.562],[0.0167, 0.8098],[0.0332, 0.935],[0.0148, 1.0],[0.0172, 0.5642],[0.1158, 0.7869],[0.2163, 0.7358],[0.2173, 0.6571],[0.0255, 0.5967],[0.1216, 0.7718],[0.2018, 0.712],[0.1794, 0.6516],[0.0327, 0.6251],[0.0803, 0.7404],[0.1386, 0.7079],[0.1576, 0.665]
[0.3572, 0.3869],[0.3596, 0.4934],[0.3242, 0.6516],[0.3319, 0.8],[0.3387, 0.9197],[0.0245, 0.5601],[0.0182, 0.8071],[0.0386, 0.9317],[0.0201, 1.0],[0.0191, 0.5571],[0.1085, 0.7809],[0.2091, 0.7344],[0.2154, 0.6587],[0.0274, 0.588],[0.1148, 0.7675],[0.1993, 0.7126],[0.1833, 0.6516],[0.0332, 0.6183],[0.0779, 0.7358],[0.1377, 0.7049],[0.1571, 0.659]
[0.3611, 0.3858],[0.3606, 0.491],[0.3261, 0.6503],[0.3358, 0.7986],[0.3465, 0.9158],[0.0269, 0.5552],[0.0216, 0.8011],[0.0371, 0.927],[0.0182, 1.0],[0.0182, 0.5552],[0.108, 0.7792],[0.211, 0.7374],[0.2207, 0.6628],[0.025, 0.5852],[0.1139, 0.7637],[0.2003, 0.7131],[0.1877, 0.6541],[0.0303, 0.612],[0.0755, 0.729],[0.1396, 0.7035],[0.1629, 0.6615]
[0.3669, 0.379],[0.3655, 0.4754],[0.3295, 0.6336],[0.3392, 0.7934],[0.3514, 0.9175],[0.0371, 0.5525],[0.025, 0.7943],[0.0347, 0.9218],[0.0162, 1.0],[0.0279, 0.5601],[0.1148, 0.7817],[0.2178, 0.735],[0.229, 0.6552],[0.0381, 0.594],[0.1231, 0.7661],[0.2057, 0.7079],[0.1911, 0.6467],[0.0473, 0.6216],[0.0896, 0.7333],[0.1474, 0.7016],[0.1697, 0.6593]
[0.3674, 0.3792],[0.3737, 0.471],[0.3392, 0.6238],[0.3446, 0.7795],[0.3494, 0.9106],[0.0357, 0.5459],[0.0313, 0.7953],[0.0502, 0.9175],[0.0279, 1.0],[0.0289, 0.5511],[0.1231, 0.7754],[0.2241, 0.7208],[0.2227, 0.6445],[0.0391, 0.585],[0.1299, 0.7623],[0.2139, 0.7003],[0.1882, 0.6432],[0.0439, 0.6188],[0.0818, 0.7393],[0.1386, 0.7101],[0.1537, 0.6683]
[0.3718, 0.3691],[0.3737, 0.4678],[0.3407, 0.6251],[0.348, 0.7861],[0.3582, 0.9106],[0.0473, 0.5358],[0.0308, 0.7795],[0.04, 0.9087],[0.024, 1.0],[0.0303, 0.5423],[0.1211, 0.7656],[0.2212, 0.7235],[0.2314, 0.6459],[0.0357, 0.5738],[0.1226, 0.7511],[0.2023, 0.6989],[0.1901, 0.6407],[0.0405, 0.6022],[0.0818, 0.7229],[0.1386, 0.694],[0.159, 0.6514]
[0.381, 0.3639],[0.3771, 0.4571],[0.3402, 0.6145],[0.3499, 0.7784],[0.3635, 0.9038],[0.0459, 0.5388],[0.0347, 0.7877],[0.0483, 0.9104],[0.0284, 1.0],[0.0371, 0.5443],[0.1304, 0.7653],[0.2241, 0.7161],[0.2265, 0.6407],[0.0483, 0.574],[0.1415, 0.7492],[0.2139, 0.6948],[0.1955, 0.6382],[0.0561, 0.6055],[0.0944, 0.7284],[0.1464, 0.7076],[0.1619, 0.6716]
[0.3795, 0.3656],[0.3747, 0.4574],[0.3417, 0.6128],[0.3519, 0.7765],[0.3621, 0.9049],[0.0459, 0.5374],[0.0366, 0.7809],[0.0459, 0.9076],[0.0274, 1.0],[0.0381, 0.5448],[0.1299, 0.7647],[0.2256, 0.7172],[0.2314, 0.6399],[0.0493, 0.579],[0.1372, 0.7555],[0.2125, 0.6975],[0.195, 0.6372],[0.058, 0.6115],[0.1003, 0.7309],[0.1542, 0.6975],[0.1697, 0.6519]
[0.3781, 0.3686],[0.3713, 0.4672],[0.3344, 0.6287],[0.3451, 0.7915],[0.3567, 0.9142],[0.041, 0.5478],[0.0327, 0.7891],[0.0483, 0.9167],[0.0298, 1.0],[0.0337, 0.5563],[0.1333, 0.7688],[0.2261, 0.718],[0.2212, 0.6399],[0.0459, 0.5907],[0.1445, 0.7612],[0.2159, 0.7025],[0.1921, 0.6418],[0.058, 0.6213],[0.1075, 0.7388],[0.159, 0.7066],[0.1751, 0.6626]
[0.3771, 0.3705],[0.3742, 0.4724],[0.3387, 0.6298],[0.3446, 0.7891],[0.3553, 0.9145],[0.0425, 0.5473],[0.0332, 0.7912],[0.0429, 0.918],[0.0216, 1.0],[0.0269, 0.5516],[0.1245, 0.7669],[0.2197, 0.7188],[0.2241, 0.6402],[0.0352, 0.5822],[0.1284, 0.759],[0.2032, 0.7035],[0.1882, 0.6423],[0.0449, 0.6117],[0.092, 0.7344],[0.1474, 0.6989],[0.1644, 0.6475]
[0.3727, 0.3812],[0.3742, 0.4749],[0.3368, 0.6273],[0.3426, 0.782],[0.3519, 0.9106],[0.0371, 0.5404],[0.0298, 0.7891],[0.0459, 0.9117],[0.0235, 1.0],[0.0298, 0.547],[0.125, 0.7708],[0.2261, 0.7167],[0.2236, 0.6399],[0.0391, 0.5822],[0.1343, 0.7593],[0.2154, 0.6967],[0.1887, 0.6388],[0.0425, 0.618],[0.0833, 0.7388],[0.1367, 0.7087],[0.1522, 0.6675]
[0.3732, 0.3727],[0.3708, 0.4678],[0.3324, 0.6265],[0.3402, 0.7847],[0.3504, 0.9101],[0.0391, 0.5393],[0.0259, 0.7844],[0.041, 0.9093],[0.0201, 1.0],[0.0361, 0.55],[0.126, 0.7672],[0.227, 0.7139],[0.229, 0.6344],[0.0468, 0.5869],[0.1357, 0.7582],[0.2168, 0.6959],[0.1955, 0.6344],[0.0536, 0.6188],[0.0954, 0.7339],[0.1517, 0.6989],[0.1707, 0.653]
[0.3732, 0.3732],[0.3693, 0.4658],[0.3329, 0.6208],[0.3417, 0.7746],[0.3485, 0.9019],[0.0308, 0.5377],[0.0293, 0.7874],[0.0502, 0.9076],[0.0284, 1.0],[0.0332, 0.5445],[0.1245, 0.7677],[0.2227, 0.7128],[0.2222, 0.6358],[0.0473, 0.5806],[0.1352, 0.7574],[0.2134, 0.6953],[0.1877, 0.6366],[0.0541, 0.6161],[0.0891, 0.7352],[0.1406, 0.7063],[0.1542, 0.6647]
[0.3684, 0.3719],[0.3669, 0.4716],[0.331, 0.6262],[0.3397, 0.7757],[0.3499, 0.8997],[0.0347, 0.5366],[0.0274, 0.7792],[0.0454, 0.9057],[0.0279, 1.0],[0.0332, 0.5399],[0.1187, 0.7661],[0.2212, 0.718],[0.2314, 0.6385],[0.0439, 0.5751],[0.1294, 0.7552],[0.211, 0.6967],[0.1935, 0.635],[0.0497, 0.6087],[0.0925, 0.7273],[0.1493, 0.6964],[0.1697, 0.6511]
[0.3723, 0.365],[0.3708, 0.4664],[0.3353, 0.6213],[0.3431, 0.7718],[0.3499, 0.8951],[0.0381, 0.5342],[0.0293, 0.7781],[0.0425, 0.9052],[0.0235, 1.0],[0.0308, 0.5347],[0.1197, 0.7634],[0.2231, 0.7183],[0.2372, 0.6388],[0.0395, 0.5664],[0.1279, 0.7475],[0.2105, 0.6923],[0.1969, 0.6317],[0.0439, 0.5981],[0.0886, 0.7164],[0.1483, 0.6861],[0.1692, 0.6407]
[0.3718, 0.3724],[0.3693, 0.474],[0.33, 0.6273],[0.3378, 0.7724],[0.3494, 0.8923],[0.0386, 0.535],[0.0279, 0.7768],[0.042, 0.9035],[0.0225, 1.0],[0.0376, 0.5388],[0.1231, 0.7631],[0.227, 0.7128],[0.2372, 0.6314],[0.0493, 0.5746],[0.1362, 0.7508],[0.2188, 0.6896],[0.1989, 0.6273],[0.0541, 0.6085],[0.1003, 0.7199],[0.1576, 0.6825],[0.1751, 0.6333]
[0.3737, 0.3656],[0.3703, 0.4697],[0.331, 0.627],[0.3407, 0.7784],[0.3538, 0.8975],[0.0444, 0.5344],[0.0269, 0.7724],[0.0371, 0.9022],[0.0211, 1.0],[0.0386, 0.5366],[0.1216, 0.7593],[0.2256, 0.7115],[0.2377, 0.6292],[0.0463, 0.5697],[0.1294, 0.744],[0.21, 0.6833],[0.193, 0.6197],[0.0512, 0.5992],[0.092, 0.7109],[0.1488, 0.6732],[0.1687, 0.624]
[0.381, 0.3637],[0.3781, 0.4656],[0.3397, 0.6199],[0.3451, 0.7724],[0.3562, 0.8951],[0.0459, 0.532],[0.0327, 0.7699],[0.0439, 0.8956],[0.025, 0.9942],[0.0395, 0.5363],[0.126, 0.7565],[0.2261, 0.7085],[0.2319, 0.6309],[0.0488, 0.5686],[0.1347, 0.744],[0.2144, 0.6855],[0.195, 0.626],[0.0561, 0.5984],[0.0978, 0.7169],[0.1547, 0.6836],[0.1712, 0.6385]
[0.3844, 0.3566],[0.3795, 0.4519],[0.3407, 0.6079],[0.3489, 0.7672],[0.3557, 0.8915],[0.0434, 0.5314],[0.0361, 0.7721],[0.0449, 0.8981],[0.025, 0.9948],[0.0381, 0.5388],[0.1304, 0.7549],[0.2256, 0.7068],[0.2314, 0.6295],[0.0527, 0.5716],[0.1445, 0.7423],[0.2202, 0.6855],[0.2008, 0.6268],[0.0658, 0.6019],[0.1163, 0.7172],[0.1692, 0.6814],[0.1823, 0.6355]
[0.38, 0.3593],[0.3786, 0.4541],[0.3421, 0.6079],[0.347, 0.771],[0.3557, 0.9005],[0.042, 0.5328],[0.0361, 0.7751],[0.0468, 0.9011],[0.0259, 0.9953],[0.0308, 0.5434],[0.1294, 0.7571],[0.2212, 0.7117],[0.2265, 0.6352],[0.0429, 0.5757],[0.1386, 0.7484],[0.212, 0.6959],[0.1974, 0.6369],[0.0551, 0.606],[0.1061, 0.7259],[0.1595, 0.6978],[0.1765, 0.6541]
[0.3727, 0.3683],[0.3723, 0.4618],[0.3397, 0.6175],[0.346, 0.7746],[0.3528, 0.9019],[0.0429, 0.5344],[0.0352, 0.7776],[0.0483, 0.9046],[0.0279, 1.0],[0.0313, 0.538],[0.1279, 0.7576],[0.2251, 0.7104],[0.2285, 0.6317],[0.0391, 0.5716],[0.1318, 0.7475],[0.2095, 0.6904],[0.1901, 0.629],[0.0454, 0.6008],[0.0925, 0.7167],[0.1483, 0.6831],[0.1673, 0.6363]
[0.3737, 0.3705],[0.3718, 0.4582],[0.3378, 0.6112],[0.3446, 0.771],[0.3519, 0.9005],[0.0444, 0.5339],[0.0308, 0.7759],[0.041, 0.9027],[0.0216, 0.9997],[0.0366, 0.5451],[0.1279, 0.7609],[0.2251, 0.7123],[0.2324, 0.6331],[0.0488, 0.5825],[0.1357, 0.7533],[0.2115, 0.6923],[0.194, 0.6306],[0.059, 0.615],[0.1041, 0.7268],[0.1566, 0.6872],[0.1721, 0.6385]
[0.3708, 0.3656],[0.3737, 0.4585],[0.3412, 0.612],[0.3465, 0.7702],[0.3528, 0.8975],[0.0468, 0.5347],[0.0323, 0.7773],[0.0415, 0.9038],[0.023, 1.0],[0.0337, 0.5421],[0.1313, 0.7598],[0.2285, 0.7117],[0.2333, 0.6336],[0.042, 0.5754],[0.1367, 0.7475],[0.2129, 0.6858],[0.1921, 0.626],[0.0497, 0.6046],[0.0998, 0.7199],[0.1537, 0.6792],[0.1683, 0.6306]
[0.3713, 0.3672],[0.3698, 0.4593],[0.3368, 0.6134],[0.3446, 0.7729],[0.3538, 0.9],[0.0425, 0.5358],[0.0318, 0.7811],[0.0444, 0.9074],[0.025, 1.0],[0.0352, 0.5451],[0.1313, 0.7604],[0.2285, 0.7093],[0.2324, 0.6314],[0.0473, 0.5809],[0.1406, 0.7503],[0.2163, 0.6877],[0.1959, 0.6273],[0.0561, 0.6123],[0.1022, 0.7243],[0.1556, 0.6847],[0.1717, 0.6355]