[0.4791, 0.3301],[0.5243, 0.4178],[0.5777, 0.5598],[0.6103, 0.685],[0.6399, 0.7831],[0.7113, 0.5817],[0.7137, 0.7708],[0.7113, 0.8828],[0.7123, 0.9809],[0.6545, 0.5989],[0.5903, 0.7563],[0.5165, 0.8429],[0.4573, 0.9049],[0.5937, 0.6057],[0.5029, 0.6814],[0.4451, 0.6019],[0.4165, 0.529],[0.5418, 0.606],[0.484, 0.638],[0.448, 0.5727],[0.4335, 0.5197]
[0.4694, 0.3312],[0.5306, 0.4142],[0.5835, 0.5593],[0.6146, 0.6923],[0.6467, 0.7967],[0.7147, 0.5882],[0.7171, 0.7831],[0.7127, 0.8989],[0.7113, 0.9997],[0.6496, 0.6057],[0.5928, 0.7702],[0.5194, 0.8661],[0.4563, 0.9352],[0.584, 0.6109],[0.5107, 0.7019],[0.467, 0.6169],[0.4456, 0.541],[0.5311, 0.6145],[0.4874, 0.6626],[0.4568, 0.5975],[0.4427, 0.5456]
[0.466, 0.3161],[0.5403, 0.4112],[0.5937, 0.5544],[0.618, 0.6811],[0.6457, 0.7861],[0.7176, 0.5842],[0.722, 0.7852],[0.72, 0.9022],[0.7191, 1.0],[0.6423, 0.5986],[0.5903, 0.7672],[0.5296, 0.8691],[0.4713, 0.9445],[0.5665, 0.6],[0.5126, 0.7104],[0.4947, 0.6251],[0.4869, 0.5473],[0.5053, 0.5994],[0.4747, 0.6669],[0.4645, 0.6101],[0.4631, 0.5607]
[0.4631, 0.3101],[0.5238, 0.4057],[0.5806, 0.5522],[0.6156, 0.6844],[0.6501, 0.7918],[0.7176, 0.5803],[0.7273, 0.7806],[0.7259, 0.8934],[0.7283, 0.991],[0.653, 0.5984],[0.5947, 0.7623],[0.5257, 0.862],[0.4675, 0.9339],[0.5879, 0.6057],[0.5151, 0.6877],[0.4762, 0.6057],[0.4587, 0.5328],[0.5355, 0.6126],[0.4869, 0.6544],[0.4592, 0.5926],[0.4495, 0.5423]
[0.4553, 0.2967],[0.516, 0.3962],[0.5695, 0.5391],[0.6073, 0.6656],[0.6496, 0.7675],[0.7166, 0.5803],[0.7263, 0.7738],[0.7249, 0.8822],[0.7229, 0.9768],[0.6525, 0.5926],[0.5996, 0.7473],[0.533, 0.8432],[0.4718, 0.9131],[0.5879, 0.5943],[0.5204, 0.6724],[0.4772, 0.6008],[0.4548, 0.5388],[0.5359, 0.5964],[0.4917, 0.6336],[0.4631, 0.5842],[0.4529, 0.544]
[0.4417, 0.2831],[0.5015, 0.3959],[0.5597, 0.5388],[0.5996, 0.6587],[0.6447, 0.7598],[0.7118, 0.5713],[0.721, 0.7675],[0.7215, 0.8768],[0.72, 0.9727],[0.6491, 0.5751],[0.5986, 0.7347],[0.5359, 0.8322],[0.4738, 0.9019],[0.585, 0.5735],[0.5126, 0.6563],[0.4616, 0.5806],[0.4364, 0.518],[0.5364, 0.5749],[0.4849, 0.6147],[0.4505, 0.5656],[0.4364, 0.5243]
[0.4349, 0.2776],[0.5, 0.3973],[0.5573, 0.5363],[0.5971, 0.6535],[0.6413, 0.753],[0.7069, 0.5724],[0.7181, 0.7653],[0.7195, 0.8738],[0.7186, 0.968],[0.6462, 0.5757],[0.5918, 0.7396],[0.5282, 0.841],[0.4675, 0.9126],[0.5821, 0.5716],[0.5049, 0.6522],[0.4563, 0.5749],[0.4349, 0.5104],[0.5325, 0.5694],[0.4781, 0.609],[0.4437, 0.5587],[0.431, 0.5172]
[0.4286, 0.2716],[0.4869, 0.3885],[0.5447, 0.5306],[0.5879, 0.65],[0.636, 0.7505],[0.7006, 0.565],[0.7132, 0.7628],[0.7152, 0.8716],[0.7147, 0.9653],[0.6443, 0.5689],[0.5942, 0.7363],[0.5272, 0.835],[0.4641, 0.9024],[0.5855, 0.5667],[0.5097, 0.6467],[0.4519, 0.5724],[0.4252, 0.5101],[0.5408, 0.5672],[0.4854, 0.6046],[0.4432, 0.5563],[0.4267, 0.5153]
[0.4247, 0.2675],[0.4932, 0.3921],[0.5529, 0.5342],[0.5947, 0.65],[0.6389, 0.7508],[0.7016, 0.5689],[0.7118, 0.7639],[0.7127, 0.8708],[0.7108, 0.9645],[0.6423, 0.5675],[0.5899, 0.7322],[0.5277, 0.8306],[0.467, 0.8983],[0.5811, 0.5612],[0.5092, 0.6535],[0.4539, 0.5831],[0.4257, 0.5216],[0.5325, 0.5596],[0.4781, 0.6035],[0.4398, 0.5609],[0.4237, 0.5216]
[0.4242, 0.2741],[0.5005, 0.3907],[0.5578, 0.5284],[0.5933, 0.6492],[0.6311, 0.7568],[0.6977, 0.5697],[0.7103, 0.7683],[0.7137, 0.8768],[0.7137, 0.9718],[0.636, 0.571],[0.5884, 0.7363],[0.5291, 0.8363],[0.4679, 0.9014],[0.5714, 0.5669],[0.5107, 0.6634],[0.4568, 0.6],[0.4233, 0.5372],[0.5248, 0.5683],[0.4728, 0.6104],[0.4335, 0.5694],[0.4126, 0.5303]
[0.4242, 0.2801],[0.4956, 0.3945],[0.5563, 0.5355],[0.5933, 0.6574],[0.6321, 0.765],[0.6943, 0.5721],[0.7093, 0.7724],[0.7123, 0.8814],[0.7152, 0.9765],[0.6355, 0.5768],[0.5816, 0.7434],[0.5185, 0.8503],[0.4573, 0.9224],[0.5758, 0.5729],[0.5049, 0.6639],[0.4509, 0.5962],[0.4199, 0.5314],[0.5311, 0.5743],[0.4733, 0.6188],[0.4339, 0.5746],[0.4155, 0.5328]
[0.414, 0.285],[0.4917, 0.3967],[0.552, 0.5361],[0.5879, 0.6546],[0.6302, 0.7612],[0.6894, 0.5735],[0.7074, 0.7716],[0.7127, 0.8811],[0.7147, 0.9768],[0.6263, 0.5784],[0.5753, 0.7464],[0.5141, 0.8552],[0.4539, 0.9279],[0.5627, 0.5754],[0.4966, 0.6675],[0.4485, 0.5896],[0.4242, 0.5205],[0.516, 0.5792],[0.4645, 0.6224],[0.4301, 0.5729],[0.4179, 0.5303]
[0.4169, 0.2888],[0.4801, 0.4022],[0.5408, 0.541],[0.5821, 0.656],[0.6287, 0.756],[0.6889, 0.5754],[0.705, 0.774],[0.7064, 0.8836],[0.7074, 0.9789],[0.6302, 0.5809],[0.5772, 0.7464],[0.5141, 0.8475],[0.4548, 0.9177],[0.569, 0.5776],[0.4961, 0.6672],[0.449, 0.5945],[0.4291, 0.5301],[0.5204, 0.576],[0.4626, 0.6213],[0.4267, 0.5746],[0.416, 0.5347]
[0.4169, 0.2951],[0.4883, 0.4057],[0.5466, 0.5462],[0.5831, 0.6612],[0.6268, 0.765],[0.6865, 0.5852],[0.7016, 0.7776],[0.7059, 0.8858],[0.7064, 0.9811],[0.6258, 0.5866],[0.5709, 0.7497],[0.5078, 0.8533],[0.4461, 0.9248],[0.5636, 0.5814],[0.4913, 0.6664],[0.4369, 0.591],[0.4116, 0.5287],[0.518, 0.5825],[0.4645, 0.6227],[0.4247, 0.5757],[0.4097, 0.5374]
[0.4145, 0.2975],[0.4781, 0.4087],[0.5379, 0.5481],[0.5782, 0.6626],[0.6219, 0.7669],[0.6821, 0.5902],[0.6967, 0.7839],[0.7006, 0.8915],[0.7001, 0.9866],[0.6209, 0.5915],[0.568, 0.7552],[0.5049, 0.8557],[0.4427, 0.9254],[0.5612, 0.5885],[0.4864, 0.6688],[0.4301, 0.5915],[0.4043, 0.5292],[0.5175, 0.5913],[0.4611, 0.6281],[0.4203, 0.5781],[0.4058, 0.5361]
[0.4077, 0.2956],[0.4796, 0.4115],[0.5374, 0.5503],[0.5729, 0.6672],[0.6141, 0.7686],[0.6807, 0.5902],[0.6977, 0.7833],[0.7001, 0.8929],[0.7001, 0.9871],[0.6171, 0.5967],[0.5617, 0.7596],[0.499, 0.8623],[0.4393, 0.9325],[0.5515, 0.5926],[0.4811, 0.679],[0.4412, 0.597],[0.4267, 0.5273],[0.4995, 0.5902],[0.448, 0.6352],[0.4194, 0.5844],[0.4131, 0.5429]
[0.4106, 0.2981],[0.484, 0.4115],[0.5408, 0.5519],[0.5738, 0.6702],[0.6175, 0.7735],[0.6821, 0.5844],[0.6967, 0.7828],[0.6991, 0.8929],[0.7006, 0.9871],[0.6137, 0.5929],[0.5573, 0.7555],[0.4956, 0.8598],[0.4369, 0.9317],[0.5457, 0.5918],[0.4811, 0.6872],[0.4495, 0.6104],[0.4373, 0.5413],[0.4917, 0.5943],[0.4466, 0.647],[0.4237, 0.5975],[0.4189, 0.5544]
[0.4043, 0.3008],[0.4713, 0.4137],[0.5291, 0.5546],[0.567, 0.674],[0.6112, 0.7759],[0.6753, 0.5874],[0.6928, 0.785],[0.6972, 0.8945],[0.6987, 0.9893],[0.6141, 0.5923],[0.5597, 0.7544],[0.4956, 0.8587],[0.4325, 0.93],[0.552, 0.5888],[0.4757, 0.6765],[0.4305, 0.5962],[0.4106, 0.5262],[0.5049, 0.5874],[0.449, 0.6331],[0.4169, 0.5842],[0.4077, 0.5407]
[0.4063, 0.3016],[0.4675, 0.4118],[0.5253, 0.5508],[0.5651, 0.6702],[0.6107, 0.7702],[0.6753, 0.585],[0.6938, 0.7836],[0.6987, 0.8926],[0.7035, 0.9852],[0.6161, 0.5926],[0.5612, 0.7596],[0.4976, 0.8606],[0.4378, 0.9306],[0.5549, 0.5902],[0.483, 0.6836],[0.4446, 0.6052],[0.4286, 0.5366],[0.5049, 0.5885],[0.4524, 0.6404],[0.4242, 0.5921],[0.4169, 0.55]
[0.4043, 0.3044],[0.4675, 0.4175],[0.5238, 0.5568],[0.5631, 0.6729],[0.6117, 0.7713],[0.6734, 0.5934],[0.6923, 0.7871],[0.6982, 0.8948],[0.703, 0.9869],[0.6137, 0.6],[0.5573, 0.7639],[0.4927, 0.8634],[0.4335, 0.9328],[0.5529, 0.5962],[0.4762, 0.6822],[0.4349, 0.5989],[0.4223, 0.5306],[0.5044, 0.5932],[0.449, 0.6399],[0.4208, 0.5891],[0.4179, 0.5464]
[0.4014, 0.3082],[0.4743, 0.4175],[0.5291, 0.5522],[0.5651, 0.6702],[0.6112, 0.7724],[0.6734, 0.5913],[0.6928, 0.7874],[0.6991, 0.8973],[0.7011, 0.9932],[0.6078, 0.5986],[0.5559, 0.7617],[0.4981, 0.865],[0.4393, 0.936],[0.5408, 0.5967],[0.4767, 0.6893],[0.4451, 0.6074],[0.432, 0.5369],[0.4898, 0.5981],[0.4417, 0.6473],[0.4179, 0.5959],[0.4116, 0.5522]
[0.3961, 0.3107],[0.4626, 0.4265],[0.5219, 0.5648],[0.5631, 0.6833],[0.6093, 0.7828],[0.67, 0.5959],[0.6885, 0.7904],[0.6933, 0.8983],[0.6962, 0.9912],[0.6093, 0.603],[0.5573, 0.7631],[0.4922, 0.8656],[0.431, 0.9363],[0.5476, 0.6003],[0.4723, 0.6814],[0.4237, 0.6052],[0.4019, 0.5388],[0.5, 0.5994],[0.4456, 0.6434],[0.4131, 0.5964],[0.4033, 0.5546]
[0.3956, 0.3077],[0.4611, 0.424],[0.5185, 0.5604],[0.5578, 0.6784],[0.5996, 0.78],[0.6681, 0.5959],[0.6851, 0.7885],[0.6904, 0.8964],[0.6943, 0.9885],[0.6093, 0.5973],[0.5559, 0.7628],[0.4893, 0.8634],[0.4247, 0.9311],[0.5481, 0.5899],[0.4709, 0.679],[0.4199, 0.6066],[0.3956, 0.5421],[0.5015, 0.5855],[0.4471, 0.6372],[0.4092, 0.5934],[0.3941, 0.5538]
[0.3961, 0.3057],[0.4675, 0.4115],[0.5243, 0.5464],[0.5612, 0.6694],[0.6025, 0.7729],[0.6671, 0.5893],[0.6855, 0.7831],[0.6909, 0.8929],[0.6943, 0.9863],[0.6005, 0.5975],[0.5505, 0.7653],[0.4893, 0.8642],[0.4296, 0.9306],[0.5335, 0.5943],[0.467, 0.688],[0.4247, 0.609],[0.4043, 0.5399],[0.4811, 0.5915],[0.4359, 0.6473],[0.4058, 0.6005],[0.3951, 0.5587]
[0.3907, 0.3085],[0.4534, 0.4191],[0.5117, 0.559],[0.5549, 0.6806],[0.603, 0.782],[0.6593, 0.591],[0.6826, 0.7833],[0.6923, 0.8915],[0.6996, 0.9858],[0.6025, 0.5959],[0.5461, 0.7568],[0.482, 0.8606],[0.4213, 0.9344],[0.5442, 0.591],[0.466, 0.6746],[0.4174, 0.5994],[0.3956, 0.5358],[0.5005, 0.5874],[0.4427, 0.6344],[0.4058, 0.5882],[0.3931, 0.5489]
[0.3912, 0.3077],[0.4602, 0.4153],[0.518, 0.5552],[0.5563, 0.6765],[0.6015, 0.7779],[0.6627, 0.5918],[0.6855, 0.7847],[0.6933, 0.8932],[0.6987, 0.9885],[0.601, 0.6014],[0.5505, 0.7609],[0.4893, 0.8609],[0.4301, 0.9314],[0.5374, 0.6008],[0.4704, 0.688],[0.4301, 0.6082],[0.4116, 0.5399],[0.4874, 0.6005],[0.4388, 0.6489],[0.4097, 0.5967],[0.4009, 0.5525]
[0.3931, 0.3079],[0.4616, 0.4208],[0.5185, 0.5587],[0.5578, 0.677],[0.6025, 0.7803],[0.6637, 0.5956],[0.6865, 0.7871],[0.6948, 0.8953],[0.6996, 0.9904],[0.6015, 0.6038],[0.551, 0.7626],[0.4888, 0.8639],[0.4271, 0.9341],[0.5374, 0.6014],[0.4665, 0.6872],[0.4223, 0.6057],[0.4033, 0.5366],[0.4883, 0.6005],[0.4359, 0.6434],[0.4033, 0.5937],[0.3936, 0.5527]
[0.3854, 0.3063],[0.4626, 0.415],[0.5219, 0.5522],[0.5583, 0.6743],[0.5996, 0.7781],[0.6637, 0.5921],[0.6846, 0.7869],[0.6904, 0.897],[0.6938, 0.9918],[0.5967, 0.6019],[0.5495, 0.7645],[0.4888, 0.8642],[0.4291, 0.9325],[0.5277, 0.6003],[0.465, 0.6937],[0.431, 0.6109],[0.4189, 0.5393],[0.4733, 0.5989],[0.4262, 0.6497],[0.4029, 0.5951],[0.399, 0.5492]
[0.3849, 0.3153],[0.4611, 0.4205],[0.5214, 0.5579],[0.5559, 0.6817],[0.5981, 0.7855],[0.6598, 0.5956],[0.6812, 0.7932],[0.687, 0.9033],[0.6904, 0.9986],[0.5937, 0.6052],[0.5418, 0.7677],[0.4806, 0.8699],[0.4203, 0.9415],[0.5272, 0.6033],[0.4631, 0.6984],[0.431, 0.6188],[0.4174, 0.5495],[0.4733, 0.6016],[0.4271, 0.656],[0.4038, 0.603],[0.398, 0.5587]
[0.3868, 0.3153],[0.4475, 0.429],[0.5049, 0.5669],[0.5486, 0.6841],[0.5981, 0.7836],[0.6545, 0.5997],[0.6753, 0.794],[0.6821, 0.9016],[0.687, 0.9956],[0.5981, 0.6057],[0.5457, 0.7672],[0.4815, 0.8675],[0.4203, 0.9377],[0.5389, 0.6022],[0.4621, 0.6874],[0.4179, 0.6112],[0.3995, 0.5454],[0.4932, 0.5989],[0.4354, 0.6448],[0.4009, 0.5964],[0.3902, 0.5549]
[0.3878, 0.3118],[0.45, 0.4227],[0.5073, 0.5587],[0.5491, 0.6762],[0.5986, 0.7768],[0.6554, 0.5967],[0.6763, 0.7937],[0.6831, 0.9024],[0.6865, 0.9978],[0.5981, 0.6038],[0.5452, 0.7656],[0.4854, 0.8658],[0.4257, 0.935],[0.5369, 0.6019],[0.4621, 0.6863],[0.4237, 0.6068],[0.4101, 0.5402],[0.4888, 0.6014],[0.432, 0.6443],[0.4004, 0.5964],[0.3931, 0.5571]
[0.3888, 0.3148],[0.4534, 0.4249],[0.5112, 0.5607],[0.5505, 0.6784],[0.5962, 0.7781],[0.6554, 0.6033],[0.6758, 0.7948],[0.6817, 0.9024],[0.6855, 0.9953],[0.5957, 0.6128],[0.5418, 0.7708],[0.4806, 0.8675],[0.4228, 0.9355],[0.533, 0.6104],[0.4616, 0.6891],[0.4223, 0.6082],[0.4067, 0.5415],[0.482, 0.6082],[0.4325, 0.65],[0.4043, 0.6008],[0.397, 0.5607]
[0.3936, 0.3131],[0.4539, 0.4208],[0.5107, 0.5587],[0.5515, 0.6784],[0.5962, 0.78],[0.6525, 0.5951],[0.6758, 0.7926],[0.6841, 0.9014],[0.6899, 0.9953],[0.5937, 0.6055],[0.5418, 0.7672],[0.4811, 0.8669],[0.4228, 0.9371],[0.5325, 0.6057],[0.4655, 0.6934],[0.4291, 0.6147],[0.4131, 0.547],[0.4835, 0.6076],[0.4359, 0.6552],[0.4092, 0.6057],[0.4019, 0.5634]
[0.3951, 0.3104],[0.4514, 0.4213],[0.5053, 0.559],[0.5447, 0.6773],[0.5918, 0.7759],[0.6501, 0.5956],[0.6719, 0.7904],[0.6783, 0.8986],[0.6846, 0.9942],[0.5908, 0.6079],[0.5384, 0.768],[0.4743, 0.8669],[0.415, 0.9377],[0.5296, 0.6087],[0.4568, 0.6882],[0.4155, 0.6087],[0.3975, 0.5407],[0.4806, 0.609],[0.4271, 0.6516],[0.3975, 0.5989],[0.3888, 0.556]
[0.3936, 0.3139],[0.4558, 0.4161],[0.5155, 0.5587],[0.5563, 0.6811],[0.603, 0.7828],[0.653, 0.5921],[0.6739, 0.7902],[0.6802, 0.8994],[0.686, 0.9959],[0.5903, 0.6057],[0.534, 0.7628],[0.4738, 0.8642],[0.4179, 0.9388],[0.5287, 0.6087],[0.4621, 0.6978],[0.432, 0.6164],[0.4208, 0.5454],[0.4791, 0.6131],[0.4276, 0.656],[0.4038, 0.5967],[0.3995, 0.5495]
[0.3951, 0.3164],[0.4621, 0.4156],[0.5199, 0.5593],[0.5554, 0.6833],[0.602, 0.7858],[0.6559, 0.5904],[0.6773, 0.7896],[0.6836, 0.9],[0.6889, 0.9975],[0.5908, 0.6055],[0.5389, 0.7653],[0.4806, 0.865],[0.4252, 0.9391],[0.5262, 0.6093],[0.465, 0.7063],[0.4403, 0.6224],[0.431, 0.55],[0.4743, 0.6134],[0.4301, 0.6637],[0.4121, 0.6063],[0.4106, 0.5612]
[0.3941, 0.3246],[0.4568, 0.4273],[0.5136, 0.5675],[0.5505, 0.6852],[0.5952, 0.7866],[0.6613, 0.6003],[0.6783, 0.7975],[0.6821, 0.9071],[0.687, 1.0],[0.5967, 0.6142],[0.5442, 0.7735],[0.4825, 0.8708],[0.4262, 0.9404],[0.5321, 0.6175],[0.4699, 0.7082],[0.4359, 0.6243],[0.4233, 0.5535],[0.4811, 0.6221],[0.4364, 0.6691],[0.4145, 0.615],[0.4116, 0.5729]
[0.3975, 0.3213],[0.4645, 0.4235],[0.5219, 0.5634],[0.5588, 0.6844],[0.5996, 0.7888],[0.6569, 0.5967],[0.6768, 0.7973],[0.6831, 0.9085],[0.6894, 1.0],[0.5937, 0.6128],[0.5442, 0.7757],[0.4859, 0.8773],[0.431, 0.9486],[0.5282, 0.6172],[0.4723, 0.7126],[0.4451, 0.6333],[0.433, 0.5626],[0.4762, 0.6221],[0.4344, 0.6724],[0.4155, 0.6167],[0.4106, 0.5719]
[0.3917, 0.3284],[0.4592, 0.4363],[0.5165, 0.5751],[0.5534, 0.6951],[0.5928, 0.7978],[0.6598, 0.6085],[0.6758, 0.8024],[0.6797, 0.9112],[0.6846, 1.0],[0.5967, 0.618],[0.5408, 0.7787],[0.4762, 0.8789],[0.4174, 0.9483],[0.5321, 0.6164],[0.4611, 0.7066],[0.4203, 0.6276],[0.4029, 0.5585],[0.4825, 0.6164],[0.432, 0.6678],[0.4038, 0.6147],[0.3965, 0.5697]
[0.3888, 0.3219],[0.4553, 0.4344],[0.5151, 0.5724],[0.5549, 0.6891],[0.5971, 0.7891],[0.654, 0.6038],[0.6719, 0.8],[0.6768, 0.9095],[0.6812, 1.0],[0.5913, 0.6139],[0.5403, 0.7735],[0.4796, 0.8738],[0.4213, 0.9426],[0.5253, 0.6134],[0.4611, 0.6992],[0.4233, 0.6292],[0.4048, 0.5645],[0.4713, 0.6142],[0.4257, 0.6617],[0.3999, 0.6147],[0.3907, 0.5721]
[0.3868, 0.3227],[0.4461, 0.4369],[0.5049, 0.5743],[0.5481, 0.6907],[0.5913, 0.7912],[0.6496, 0.6126],[0.67, 0.8027],[0.6763, 0.9087],[0.6812, 1.0],[0.5923, 0.6169],[0.5369, 0.7757],[0.4689, 0.8759],[0.4063, 0.9453],[0.5321, 0.6115],[0.4539, 0.6888],[0.4043, 0.6145],[0.3829, 0.5508],[0.4859, 0.6076],[0.4286, 0.6497],[0.3931, 0.6041],[0.382, 0.5642]
[0.3844, 0.3227],[0.4592, 0.4333],[0.518, 0.5689],[0.5515, 0.6866],[0.5889, 0.7885],[0.653, 0.6098],[0.669, 0.8022],[0.6739, 0.9104],[0.6768, 1.0],[0.585, 0.6175],[0.5335, 0.7735],[0.4738, 0.8732],[0.4169, 0.9426],[0.5155, 0.6147],[0.4573, 0.7019],[0.4233, 0.6292],[0.4072, 0.5642],[0.4592, 0.615],[0.4179, 0.6637],[0.3941, 0.6137],[0.3854, 0.5699]
[0.3825, 0.3227],[0.4422, 0.4331],[0.5005, 0.5719],[0.5432, 0.6926],[0.5884, 0.7953],[0.6452, 0.6052],[0.6661, 0.8003],[0.6729, 0.9079],[0.6787, 1.0],[0.585, 0.615],[0.534, 0.7757],[0.4704, 0.8746],[0.4116, 0.9421],[0.5233, 0.6142],[0.4543, 0.6978],[0.4077, 0.6219],[0.3849, 0.5538],[0.4757, 0.6145],[0.4252, 0.6598],[0.3922, 0.6082],[0.3791, 0.5631]
[0.3825, 0.3221],[0.4441, 0.4391],[0.5, 0.5762],[0.5389, 0.6902],[0.5811, 0.7893],[0.6477, 0.6082],[0.6656, 0.8008],[0.6724, 0.909],[0.6768, 1.0],[0.5884, 0.6126],[0.5325, 0.7749],[0.4689, 0.8773],[0.4077, 0.9481],[0.5267, 0.6087],[0.4514, 0.6937],[0.4058, 0.6158],[0.3849, 0.5495],[0.4791, 0.6082],[0.4237, 0.6522],[0.3912, 0.6063],[0.3795, 0.5667]
[0.3795, 0.3213],[0.4412, 0.441],[0.4971, 0.5787],[0.5384, 0.6904],[0.5855, 0.7874],[0.6462, 0.6123],[0.6651, 0.8024],[0.6719, 0.909],[0.6763, 1.0],[0.585, 0.6167],[0.5316, 0.7787],[0.4679, 0.8768],[0.4087, 0.944],[0.5219, 0.6123],[0.4495, 0.6975],[0.4033, 0.6186],[0.3844, 0.5525],[0.4723, 0.6112],[0.4199, 0.6568],[0.3878, 0.6079],[0.3781, 0.5664]
[0.3795, 0.3172],[0.4315, 0.4369],[0.4883, 0.5779],[0.5306, 0.6937],[0.5743, 0.7926],[0.6423, 0.6082],[0.6613, 0.8003],[0.6695, 0.9065],[0.6768, 0.9989],[0.5899, 0.6096],[0.5321, 0.774],[0.4626, 0.8751],[0.3995, 0.9464],[0.5345, 0.603],[0.4471, 0.6882],[0.3961, 0.6112],[0.3791, 0.5484],[0.4908, 0.5967],[0.4267, 0.6434],[0.3868, 0.5973],[0.3761, 0.5566]
[0.3771, 0.3169],[0.431, 0.4284],[0.4879, 0.5672],[0.5306, 0.6861],[0.5777, 0.7874],[0.6404, 0.6035],[0.6627, 0.7953],[0.6715, 0.9035],[0.6802, 0.997],[0.5845, 0.6117],[0.5301, 0.7768],[0.4621, 0.877],[0.4009, 0.947],[0.5257, 0.6087],[0.4422, 0.6874],[0.3936, 0.6087],[0.3766, 0.5434],[0.4806, 0.6046],[0.4189, 0.6478],[0.3829, 0.5973],[0.3747, 0.556]
[0.3791, 0.3213],[0.4325, 0.4339],[0.4913, 0.5757],[0.535, 0.6948],[0.5821, 0.7926],[0.6413, 0.6049],[0.6642, 0.7975],[0.671, 0.9038],[0.6787, 0.997],[0.5865, 0.6147],[0.5335, 0.7762],[0.4655, 0.8727],[0.4048, 0.9418],[0.5291, 0.6131],[0.4514, 0.6953],[0.4014, 0.6186],[0.3795, 0.5533],[0.483, 0.6101],[0.4276, 0.6557],[0.3922, 0.6055],[0.3815, 0.5628]
[0.3805, 0.318],[0.4388, 0.4314],[0.4937, 0.5719],[0.5355, 0.6893],[0.584, 0.7896],[0.6462, 0.603],[0.6656, 0.7967],[0.6724, 0.906],[0.6768, 1.0],[0.5884, 0.6104],[0.5359, 0.7699],[0.4752, 0.8716],[0.4165, 0.9434],[0.5272, 0.6076],[0.4519, 0.6943],[0.4043, 0.6175],[0.382, 0.5505],[0.4801, 0.6074],[0.4242, 0.6516],[0.3907, 0.6057],[0.38, 0.5667]
[0.38, 0.3178],[0.449, 0.4227],[0.5049, 0.5593],[0.5398, 0.6787],[0.585, 0.7811],[0.6477, 0.5948],[0.6681, 0.7943],[0.6749, 0.9046],[0.6812, 1.0],[0.5831, 0.6068],[0.5325, 0.7708],[0.4762, 0.8738],[0.4213, 0.9464],[0.5155, 0.6079],[0.4568, 0.7071],[0.4281, 0.627],[0.416, 0.5568],[0.4621, 0.6109],[0.4179, 0.6653],[0.3985, 0.6134],[0.3956, 0.5702]
[0.3805, 0.3186],[0.4485, 0.423],[0.5044, 0.562],[0.5389, 0.6839],[0.5835, 0.7866],[0.6462, 0.5962],[0.6695, 0.7937],[0.6778, 0.9044],[0.6851, 1.0],[0.5801, 0.6096],[0.5311, 0.7718],[0.4733, 0.8721],[0.4174, 0.9434],[0.5136, 0.6104],[0.4524, 0.7046],[0.4208, 0.6273],[0.4053, 0.5587],[0.4607, 0.6117],[0.416, 0.6628],[0.3941, 0.6128],[0.3883, 0.5713]
[0.3791, 0.3221],[0.4427, 0.4249],[0.501, 0.5656],[0.5398, 0.6869],[0.5835, 0.7904],[0.6457, 0.5997],[0.6676, 0.7951],[0.6744, 0.9049],[0.6817, 1.0],[0.5821, 0.6158],[0.5321, 0.7751],[0.4718, 0.8751],[0.416, 0.9478],[0.5175, 0.6191],[0.4514, 0.7082],[0.414, 0.6268],[0.3975, 0.5566],[0.467, 0.6221],[0.4174, 0.6669],[0.3907, 0.6112],[0.3834, 0.5675]
[0.38, 0.3251],[0.4437, 0.4317],[0.5039, 0.5749],[0.5471, 0.6973],[0.5933, 0.8005],[0.6491, 0.6025],[0.669, 0.7975],[0.6758, 0.9074],[0.6817, 1.0],[0.586, 0.6137],[0.535, 0.7716],[0.4713, 0.8718],[0.4121, 0.9426],[0.5223, 0.6153],[0.4539, 0.7082],[0.4111, 0.6281],[0.3927, 0.5568],[0.4733, 0.6186],[0.4213, 0.665],[0.3917, 0.6055],[0.3834, 0.5568]
[0.3854, 0.3221],[0.4373, 0.4344],[0.4927, 0.5773],[0.5369, 0.6994],[0.5821, 0.7992],[0.6443, 0.6052],[0.6676, 0.7992],[0.6753, 0.9076],[0.6831, 1.0],[0.5899, 0.6147],[0.5369, 0.7773],[0.4704, 0.8787],[0.4101, 0.9503],[0.5325, 0.6128],[0.4495, 0.6899],[0.3936, 0.618],[0.3655, 0.5533],[0.4888, 0.6085],[0.4267, 0.6486],[0.3873, 0.6016],[0.3718, 0.5607]
[0.3849, 0.321],[0.4398, 0.4372],[0.4956, 0.5806],[0.5393, 0.7],[0.585, 0.7983],[0.6462, 0.6071],[0.6671, 0.8],[0.6758, 0.9079],[0.6836, 1.0],[0.5899, 0.6139],[0.5321, 0.7749],[0.4679, 0.8759],[0.4092, 0.9489],[0.5311, 0.6101],[0.4451, 0.6872],[0.3912, 0.6123],[0.3659, 0.5478],[0.4859, 0.606],[0.4247, 0.647],[0.3883, 0.5989],[0.3761, 0.5576]
[0.3805, 0.3178],[0.4388, 0.4298],[0.4956, 0.5716],[0.5379, 0.691],[0.5835, 0.791],[0.6443, 0.6027],[0.6666, 0.797],[0.6758, 0.9065],[0.6846, 1.0],[0.5826, 0.6134],[0.535, 0.7746],[0.4723, 0.8748],[0.4155, 0.9445],[0.5194, 0.6128],[0.4495, 0.6964],[0.4024, 0.6216],[0.38, 0.5552],[0.4694, 0.6117],[0.4174, 0.6571],[0.3873, 0.6055],[0.3776, 0.5609]
[0.3776, 0.3172],[0.4344, 0.4238],[0.4956, 0.5664],[0.5413, 0.6874],[0.5889, 0.7888],[0.6428, 0.5978],[0.6642, 0.7921],[0.6719, 0.9003],[0.6807, 0.9951],[0.5835, 0.6096],[0.5306, 0.7716],[0.466, 0.8716],[0.4087, 0.9432],[0.5238, 0.609],[0.4495, 0.6937],[0.3995, 0.6139],[0.3771, 0.5454],[0.4767, 0.6096],[0.4237, 0.6541],[0.3883, 0.5994],[0.3757, 0.5552]
[0.3795, 0.3145],[0.4422, 0.4257],[0.4985, 0.5609],[0.5355, 0.6798],[0.5782, 0.7817],[0.6452, 0.5954],[0.6671, 0.7893],[0.6758, 0.8983],[0.6826, 0.9932],[0.5835, 0.6063],[0.5301, 0.7691],[0.4684, 0.8691],[0.4111, 0.9385],[0.5189, 0.606],[0.4471, 0.6937],[0.4058, 0.612],[0.3878, 0.5418],[0.4684, 0.6068],[0.4179, 0.6544],[0.3897, 0.6027],[0.3815, 0.5601]
[0.3766, 0.3137],[0.4441, 0.4249],[0.5034, 0.5628],[0.5408, 0.6803],[0.5835, 0.7839],[0.6428, 0.5954],[0.6666, 0.7904],[0.6753, 0.8997],[0.6836, 0.9959],[0.5777, 0.606],[0.5267, 0.7675],[0.4665, 0.8718],[0.4097, 0.9451],[0.5107, 0.6066],[0.4446, 0.6997],[0.4097, 0.6164],[0.3951, 0.5434],[0.4592, 0.609],[0.4087, 0.6582],[0.3854, 0.6014],[0.3805, 0.5557]
[0.3747, 0.318],[0.4398, 0.4235],[0.5019, 0.5656],[0.5442, 0.6844],[0.5923, 0.7888],[0.6423, 0.5959],[0.6661, 0.791],[0.6763, 0.9014],[0.6851, 0.9983],[0.5787, 0.606],[0.5277, 0.7628],[0.467, 0.8656],[0.4121, 0.9382],[0.5141, 0.6071],[0.4456, 0.6962],[0.4053, 0.6107],[0.3907, 0.538],[0.4645, 0.6117],[0.4111, 0.6516],[0.3805, 0.5929],[0.3737, 0.5486]
[0.3761, 0.3194],[0.4335, 0.4199],[0.499, 0.5615],[0.5491, 0.6847],[0.6001, 0.788],[0.6409, 0.597],[0.6661, 0.7907],[0.6724, 0.8989],[0.6797, 0.9942],[0.5831, 0.6117],[0.5296, 0.7672],[0.4641, 0.8691],[0.4067, 0.9445],[0.5253, 0.6126],[0.45, 0.6926],[0.4004, 0.6137],[0.3786, 0.547],[0.4777, 0.6123],[0.4199, 0.65],[0.3839, 0.5964],[0.3732, 0.5555]
[0.3791, 0.3241],[0.4359, 0.429],[0.4961, 0.5691],[0.5427, 0.6877],[0.5933, 0.7891],[0.6457, 0.6085],[0.6685, 0.7986],[0.6768, 0.9052],[0.6826, 1.0],[0.5894, 0.6169],[0.5359, 0.7738],[0.4718, 0.8716],[0.4111, 0.9423],[0.5311, 0.6156],[0.4534, 0.6959],[0.4004, 0.6123],[0.3757, 0.5454],[0.4859, 0.6156],[0.4305, 0.6535],[0.3931, 0.5978],[0.38, 0.5555]
[0.382, 0.3276],[0.4417, 0.435],[0.5, 0.5779],[0.5432, 0.6984],[0.5918, 0.7986],[0.6496, 0.6109],[0.6719, 0.8038],[0.6792, 0.9123],[0.6851, 1.0],[0.5903, 0.6205],[0.5389, 0.7781],[0.4762, 0.8773],[0.4179, 0.95],[0.5301, 0.6194],[0.4587, 0.7038],[0.414, 0.6268],[0.3951, 0.5628],[0.482, 0.6194],[0.4315, 0.6628],[0.4004, 0.6126],[0.3912, 0.5727]
[0.382, 0.3254],[0.4393, 0.4377],[0.4985, 0.5779],[0.5423, 0.6959],[0.5899, 0.7962],[0.6506, 0.6093],[0.6729, 0.8035],[0.6797, 0.9115],[0.687, 1.0],[0.5913, 0.6227],[0.5355, 0.7803],[0.4728, 0.8806],[0.4169, 0.9546],[0.5291, 0.6235],[0.4568, 0.7071],[0.416, 0.6298],[0.3999, 0.5642],[0.4781, 0.6232],[0.4228, 0.6653],[0.397, 0.6128],[0.3936, 0.5705]
[0.3854, 0.3241],[0.4403, 0.4377],[0.4981, 0.5817],[0.5432, 0.7011],[0.5913, 0.8014],[0.6511, 0.6066],[0.6734, 0.8027],[0.6807, 0.9106],[0.688, 1.0],[0.5952, 0.6153],[0.5398, 0.7751],[0.4738, 0.88],[0.4145, 0.9568],[0.5369, 0.6142],[0.4607, 0.7008],[0.414, 0.6246],[0.3956, 0.5596],[0.4913, 0.6142],[0.4315, 0.6593],[0.398, 0.6107],[0.3897, 0.5705]
[0.3868, 0.3235],[0.4456, 0.4344],[0.5019, 0.5746],[0.5423, 0.6918],[0.5928, 0.7907],[0.6515, 0.6049],[0.6734, 0.8022],[0.6807, 0.9109],[0.688, 1.0],[0.5937, 0.6164],[0.5418, 0.7779],[0.4801, 0.8787],[0.4223, 0.9508],[0.5316, 0.6178],[0.4636, 0.7074],[0.4252, 0.6284],[0.4092, 0.5604],[0.482, 0.6208],[0.4296, 0.6675],[0.4024, 0.6167],[0.3956, 0.5746]
[0.3815, 0.3251],[0.4422, 0.4331],[0.5005, 0.5754],[0.5408, 0.6932],[0.585, 0.7953],[0.6481, 0.6038],[0.67, 0.8011],[0.6787, 0.9112],[0.687, 1.0],[0.5889, 0.6153],[0.5364, 0.7773],[0.4757, 0.8809],[0.4199, 0.9568],[0.5277, 0.6175],[0.4573, 0.7087],[0.4194, 0.6281],[0.4053, 0.5593],[0.4796, 0.6221],[0.4208, 0.6656],[0.3941, 0.6101],[0.3902, 0.5667]
[0.382, 0.3347],[0.4461, 0.4391],[0.5034, 0.5768],[0.5427, 0.6945],[0.5908, 0.7973],[0.6491, 0.6098],[0.6719, 0.806],[0.6787, 0.9161],[0.6831, 1.0],[0.5869, 0.6221],[0.535, 0.7822],[0.4743, 0.8841],[0.416, 0.9557],[0.5243, 0.6249],[0.4539, 0.7098],[0.416, 0.6273],[0.4029, 0.5579],[0.4762, 0.6292],[0.4213, 0.6708],[0.3941, 0.615],[0.3902, 0.5713]
[0.3888, 0.3347],[0.449, 0.4437],[0.5053, 0.5839],[0.5442, 0.7027],[0.5918, 0.8055],[0.652, 0.6142],[0.6729, 0.8112],[0.6797, 0.9224],[0.6851, 1.0],[0.5913, 0.626],[0.5374, 0.788],[0.4762, 0.8918],[0.4174, 0.9634],[0.5287, 0.627],[0.4553, 0.7101],[0.416, 0.6341],[0.3995, 0.5667],[0.4801, 0.6298],[0.4242, 0.6713],[0.3936, 0.6191],[0.3859, 0.577]
[0.3854, 0.332],[0.4514, 0.4464],[0.5083, 0.5869],[0.5466, 0.7005],[0.5913, 0.8022],[0.653, 0.6194],[0.6734, 0.8112],[0.6812, 0.9205],[0.6855, 1.0],[0.5908, 0.6281],[0.5359, 0.7855],[0.4733, 0.8912],[0.4135, 0.9653],[0.5272, 0.6281],[0.4509, 0.7079],[0.4082, 0.626],[0.3936, 0.5574],[0.4796, 0.632],[0.4208, 0.6686],[0.3893, 0.6164],[0.3834, 0.5746]
[0.3844, 0.3271],[0.4446, 0.4385],[0.5053, 0.5787],[0.5491, 0.6989],[0.5957, 0.8022],[0.6501, 0.6052],[0.6724, 0.8041],[0.6792, 0.9128],[0.686, 1.0],[0.5874, 0.6172],[0.5408, 0.7781],[0.4762, 0.8781],[0.416, 0.9481],[0.5233, 0.6197],[0.4587, 0.7014],[0.4135, 0.6328],[0.3912, 0.5697],[0.4728, 0.6254],[0.4252, 0.6634],[0.3922, 0.6134],[0.3781, 0.571]
[0.3771, 0.3131],[0.4607, 0.4178],[0.5199, 0.5519],[0.5529, 0.674],[0.5894, 0.7795],[0.6462, 0.5915],[0.6676, 0.7912],[0.6778, 0.9038],[0.686, 1.0],[0.5709, 0.6025],[0.5355, 0.7718],[0.4845, 0.8694],[0.432, 0.938],[0.4937, 0.6025],[0.4524, 0.7145],[0.433, 0.6369],[0.4233, 0.565],[0.4315, 0.6041],[0.4053, 0.6675],[0.3936, 0.6145],[0.3902, 0.5694]
[0.3795, 0.3227],[0.4339, 0.4284],[0.4917, 0.5708],[0.533, 0.6945],[0.5782, 0.7956],[0.6438, 0.6008],[0.6651, 0.7997],[0.671, 0.909],[0.6773, 1.0],[0.585, 0.6137],[0.5316, 0.7773],[0.4665, 0.8784],[0.4072, 0.9519],[0.5253, 0.6147],[0.4495, 0.7046],[0.4058, 0.6251],[0.3863, 0.5544],[0.4781, 0.615],[0.4208, 0.6609],[0.3888, 0.6082],[0.3791, 0.5634]
[0.3718, 0.3235],[0.4378, 0.4306],[0.4956, 0.5699],[0.535, 0.688],[0.5826, 0.7882],[0.6404, 0.6038],[0.6632, 0.7973],[0.671, 0.9068],[0.6787, 1.0],[0.5753, 0.6175],[0.5248, 0.7792],[0.466, 0.8811],[0.4116, 0.9538],[0.5083, 0.6183],[0.4446, 0.7109],[0.414, 0.6292],[0.4053, 0.5587],[0.4543, 0.6191],[0.4033, 0.6686],[0.3825, 0.6112],[0.382, 0.565]
[0.3747, 0.329],[0.4359, 0.4311],[0.4976, 0.5732],[0.5423, 0.6984],[0.585, 0.8041],[0.6394, 0.6046],[0.6622, 0.8],[0.669, 0.9101],[0.6749, 1.0],[0.5787, 0.6178],[0.5301, 0.7811],[0.467, 0.8789],[0.4092, 0.9475],[0.517, 0.6194],[0.45, 0.7147],[0.4038, 0.6341],[0.381, 0.5626],[0.4694, 0.6213],[0.4189, 0.6699],[0.3854, 0.6126],[0.3737, 0.5637]
[0.3737, 0.3249],[0.4456, 0.4279],[0.5044, 0.5628],[0.5427, 0.6831],[0.5884, 0.7877],[0.6379, 0.5984],[0.6637, 0.7937],[0.6724, 0.9035],[0.6797, 1.0],[0.5699, 0.6137],[0.5233, 0.7795],[0.465, 0.8809],[0.4092, 0.9516],[0.5, 0.6167],[0.4427, 0.715],[0.414, 0.6287],[0.4033, 0.5544],[0.4451, 0.6191],[0.4024, 0.6732],[0.3829, 0.6134],[0.3805, 0.5667]
[0.3795, 0.3292],[0.4432, 0.4265],[0.5053, 0.565],[0.5476, 0.6902],[0.5899, 0.7994],[0.637, 0.5984],[0.6627, 0.7943],[0.6705, 0.9052],[0.6787, 1.0],[0.5738, 0.6134],[0.5253, 0.7765],[0.4626, 0.8781],[0.4072, 0.9494],[0.5107, 0.6175],[0.4451, 0.7093],[0.4024, 0.626],[0.3834, 0.5527],[0.4616, 0.6229],[0.4116, 0.6647],[0.3791, 0.6038],[0.3674, 0.556]
[0.3742, 0.3279],[0.4422, 0.4281],[0.5, 0.5653],[0.5355, 0.6877],[0.5733, 0.7932],[0.6404, 0.6022],[0.6632, 0.7945],[0.6719, 0.906],[0.6792, 1.0],[0.5743, 0.6172],[0.5253, 0.7787],[0.465, 0.8803],[0.4082, 0.9522],[0.5063, 0.6197],[0.4437, 0.7161],[0.4097, 0.6311],[0.3941, 0.5574],[0.4539, 0.6221],[0.4111, 0.6738],[0.3883, 0.6164],[0.3815, 0.5705]
[0.3752, 0.3312],[0.4393, 0.435],[0.4947, 0.5716],[0.5335, 0.6891],[0.5777, 0.7953],[0.6389, 0.6079],[0.6627, 0.8022],[0.6724, 0.9131],[0.6773, 1.0],[0.5763, 0.6183],[0.5243, 0.7806],[0.4631, 0.8866],[0.4033, 0.9582],[0.5117, 0.6208],[0.4446, 0.7104],[0.4053, 0.6249],[0.3897, 0.5519],[0.4655, 0.627],[0.4145, 0.6699],[0.3849, 0.6126],[0.3771, 0.5669]
[0.3752, 0.3287],[0.4359, 0.4355],[0.4917, 0.571],[0.5316, 0.6891],[0.5782, 0.7932],[0.6355, 0.6087],[0.6622, 0.8022],[0.6719, 0.9109],[0.6778, 1.0],[0.5767, 0.6219],[0.5228, 0.7817],[0.4616, 0.8858],[0.4014, 0.9568],[0.5146, 0.6235],[0.4427, 0.7063],[0.4029, 0.6216],[0.3844, 0.5497],[0.4679, 0.6273],[0.4165, 0.6691],[0.3859, 0.6167],[0.3757, 0.5751]
[0.3698, 0.3273],[0.4325, 0.4355],[0.4898, 0.576],[0.5301, 0.6929],[0.5738, 0.7959],[0.6375, 0.6033],[0.6617, 0.7992],[0.6705, 0.9095],[0.6778, 1.0],[0.5767, 0.6169],[0.5223, 0.7784],[0.4592, 0.8841],[0.4009, 0.9576],[0.5141, 0.6202],[0.4417, 0.7071],[0.398, 0.6227],[0.3805, 0.55],[0.4675, 0.6257],[0.4116, 0.6683],[0.381, 0.6137],[0.3737, 0.5689]
[0.3708, 0.3322],[0.4325, 0.4429],[0.4888, 0.5784],[0.5301, 0.6948],[0.5777, 0.7948],[0.6379, 0.6128],[0.6627, 0.8033],[0.6719, 0.9101],[0.6792, 1.0],[0.5797, 0.6235],[0.5257, 0.779],[0.4645, 0.8795],[0.4067, 0.9527],[0.517, 0.6227],[0.4432, 0.7049],[0.4048, 0.6213],[0.3917, 0.5522],[0.4684, 0.6221],[0.414, 0.6637],[0.3883, 0.6126],[0.3849, 0.5721]
[0.3732, 0.3303],[0.4325, 0.4448],[0.4888, 0.5817],[0.5306, 0.6962],[0.5801, 0.7945],[0.6384, 0.6139],[0.6637, 0.8038],[0.6724, 0.9115],[0.6797, 1.0],[0.5797, 0.626],[0.5282, 0.7874],[0.465, 0.8874],[0.4063, 0.9574],[0.5175, 0.6251],[0.4441, 0.7137],[0.4053, 0.632],[0.3917, 0.5623],[0.4679, 0.6238],[0.4116, 0.6724],[0.3849, 0.6219],[0.381, 0.5795]
[0.3708, 0.3336],[0.4291, 0.4467],[0.4883, 0.5844],[0.5335, 0.6992],[0.5797, 0.8005],[0.6375, 0.6134],[0.6617, 0.8071],[0.6695, 0.9156],[0.6753, 1.0],[0.5787, 0.6227],[0.5243, 0.7825],[0.4592, 0.8866],[0.3999, 0.9606],[0.5175, 0.6227],[0.4451, 0.7123],[0.4033, 0.6336],[0.3878, 0.5658],[0.4694, 0.624],[0.4106, 0.6713],[0.3805, 0.6175],[0.3747, 0.5719]
[0.3723, 0.3347],[0.4364, 0.4421],[0.4956, 0.5809],[0.5355, 0.7035],[0.5792, 0.8052],[0.6375, 0.6167],[0.6632, 0.8087],[0.6724, 0.9169],[0.6802, 1.0],[0.5758, 0.6281],[0.5272, 0.7902],[0.4636, 0.8904],[0.4029, 0.9598],[0.5136, 0.6273],[0.4407, 0.7096],[0.3965, 0.6328],[0.3737, 0.565],[0.4636, 0.6254],[0.4106, 0.668],[0.38, 0.618],[0.3689, 0.577]
[0.3708, 0.3374],[0.4354, 0.4456],[0.4951, 0.5831],[0.5379, 0.7022],[0.5845, 0.8027],[0.6389, 0.6205],[0.6637, 0.812],[0.6724, 0.9194],[0.6797, 1.0],[0.5758, 0.6322],[0.5272, 0.7888],[0.4675, 0.8871],[0.4106, 0.956],[0.5117, 0.6314],[0.4451, 0.7161],[0.4048, 0.6385],[0.3854, 0.5694],[0.4607, 0.6317],[0.4097, 0.6732],[0.3825, 0.6219],[0.3747, 0.5784]
[0.3732, 0.3366],[0.4325, 0.4399],[0.4937, 0.5773],[0.5379, 0.6981],[0.5869, 0.8011],[0.6365, 0.6126],[0.6627, 0.8101],[0.6715, 0.9191],[0.6807, 1.0],[0.5743, 0.6257],[0.5257, 0.7861],[0.466, 0.8869],[0.4106, 0.959],[0.5117, 0.6273],[0.4461, 0.7142],[0.4063, 0.6366],[0.3888, 0.5689],[0.4621, 0.6306],[0.4116, 0.6757],[0.3829, 0.6227],[0.3747, 0.579]
[0.3732, 0.3399],[0.431, 0.4486],[0.4874, 0.5847],[0.5306, 0.7014],[0.5826, 0.8016],[0.6394, 0.6191],[0.6642, 0.8126],[0.6734, 0.9216],[0.6797, 1.0],[0.5801, 0.6292],[0.5282, 0.7877],[0.4694, 0.8882],[0.4121, 0.9579],[0.5185, 0.6292],[0.4461, 0.7123],[0.4024, 0.632],[0.3815, 0.5634],[0.4709, 0.6317],[0.4169, 0.6713],[0.3859, 0.6224],[0.3761, 0.5822]
[0.3737, 0.3407],[0.4305, 0.45],[0.4874, 0.585],[0.5301, 0.7005],[0.5816, 0.8005],[0.637, 0.6208],[0.6613, 0.8131],[0.671, 0.9213],[0.6773, 1.0],[0.5797, 0.6295],[0.5291, 0.788],[0.4679, 0.8893],[0.4072, 0.9598],[0.5199, 0.6281],[0.4456, 0.7082],[0.398, 0.6298],[0.3747, 0.5637],[0.4747, 0.6292],[0.4199, 0.6672],[0.3854, 0.6208],[0.3723, 0.5833]
[0.3723, 0.3393],[0.4305, 0.4481],[0.4869, 0.5836],[0.5291, 0.6978],[0.5797, 0.7973],[0.636, 0.6202],[0.6613, 0.812],[0.6719, 0.9199],[0.6787, 1.0],[0.5782, 0.629],[0.5267, 0.7874],[0.465, 0.8904],[0.4048, 0.9631],[0.518, 0.6284],[0.4432, 0.7082],[0.397, 0.6265],[0.3771, 0.5593],[0.4728, 0.6309],[0.4184, 0.6686],[0.3849, 0.6199],[0.3747, 0.5814]
[0.3727, 0.3372],[0.4271, 0.4429],[0.4888, 0.5811],[0.5364, 0.6994],[0.5845, 0.8003],[0.6336, 0.6131],[0.6588, 0.8085],[0.6685, 0.9153],[0.6797, 1.0],[0.5801, 0.6246],[0.5282, 0.7828],[0.4626, 0.8852],[0.4043, 0.9587],[0.5233, 0.6249],[0.4495, 0.7074],[0.4004, 0.632],[0.3781, 0.5653],[0.4781, 0.6268],[0.4194, 0.6664],[0.382, 0.615],[0.3693, 0.574]
[0.3689, 0.3298],[0.4301, 0.4426],[0.4898, 0.5768],[0.5345, 0.6896],[0.5865, 0.7888],[0.635, 0.6109],[0.6579, 0.8027],[0.669, 0.9109],[0.6773, 1.0],[0.5772, 0.6167],[0.5277, 0.7751],[0.4689, 0.8776],[0.4116, 0.9492],[0.5155, 0.6153],[0.4475, 0.7014],[0.4077, 0.6235],[0.3936, 0.5598],[0.4679, 0.6183],[0.4145, 0.6585],[0.3829, 0.612],[0.3752, 0.5746]
[0.3659, 0.3279],[0.4398, 0.4331],[0.499, 0.5661],[0.5364, 0.6831],[0.5811, 0.7863],[0.6336, 0.6038],[0.6583, 0.7997],[0.6695, 0.9098],[0.6763, 1.0],[0.5695, 0.6137],[0.5243, 0.7735],[0.4675, 0.8765],[0.4111, 0.9473],[0.5034, 0.6169],[0.4461, 0.709],[0.4106, 0.6281],[0.3941, 0.5579],[0.4529, 0.6243],[0.4092, 0.6688],[0.3839, 0.615],[0.3761, 0.571]
[0.3737, 0.3284],[0.4558, 0.4251],[0.517, 0.5642],[0.5515, 0.6888],[0.5889, 0.7948],[0.6341, 0.5913],[0.6608, 0.7953],[0.6705, 0.9057],[0.6797, 1.0],[0.5617, 0.6041],[0.518, 0.7705],[0.4665, 0.8751],[0.4155, 0.9511],[0.4908, 0.6085],[0.4548, 0.7265],[0.4422, 0.6525],[0.4325, 0.5795],[0.4344, 0.6164],[0.4053, 0.6803],[0.3946, 0.624],[0.3902, 0.5743]
[0.3757, 0.3328],[0.4437, 0.4317],[0.5024, 0.5705],[0.5389, 0.6934],[0.5782, 0.7981],[0.636, 0.5994],[0.6598, 0.7992],[0.6681, 0.9098],[0.6763, 1.0],[0.5709, 0.615],[0.5185, 0.777],[0.4616, 0.8825],[0.4082, 0.9587],[0.5058, 0.6202],[0.4432, 0.7188],[0.414, 0.6344],[0.4019, 0.5576],[0.4548, 0.6276],[0.4072, 0.6798],[0.3859, 0.6191],[0.3805, 0.5678]
[0.3693, 0.3328],[0.4242, 0.4352],[0.482, 0.576],[0.5253, 0.6978],[0.5729, 0.7973],[0.6341, 0.6082],[0.6574, 0.8016],[0.6651, 0.9109],[0.6734, 1.0],[0.5738, 0.6243],[0.5287, 0.7825],[0.4675, 0.8776],[0.414, 0.9456],[0.5117, 0.6287],[0.4456, 0.715],[0.399, 0.6372],[0.3781, 0.5686],[0.4626, 0.6317],[0.4131, 0.6749],[0.3815, 0.6178],[0.3718, 0.5705]
[0.3664, 0.3249],[0.4466, 0.4202],[0.5063, 0.5664],[0.5408, 0.6956],[0.5767, 0.8019],[0.6331, 0.5926],[0.6603, 0.7934],[0.6681, 0.906],[0.6763, 1.0],[0.5602, 0.6123],[0.5131, 0.7806],[0.4573, 0.8874],[0.4048, 0.9677],[0.4888, 0.6178],[0.4437, 0.7295],[0.4315, 0.6492],[0.4276, 0.574],[0.4301, 0.6213],[0.4024, 0.691],[0.3961, 0.6352],[0.398, 0.585]
[0.3742, 0.3377],[0.4296, 0.4462],[0.4864, 0.5869],[0.5277, 0.709],[0.5714, 0.8096],[0.635, 0.6101],[0.6564, 0.8068],[0.6647, 0.9175],[0.6724, 1.0],[0.5787, 0.6238],[0.5262, 0.7877],[0.4621, 0.8923],[0.4033, 0.968],[0.5194, 0.626],[0.4412, 0.7194],[0.3961, 0.6415],[0.3747, 0.5705],[0.4738, 0.627],[0.4174, 0.6746],[0.3834, 0.6213],[0.3703, 0.5754]
[0.3718, 0.3424],[0.4291, 0.4492],[0.4869, 0.5893],[0.5267, 0.7087],[0.569, 0.8076],[0.6345, 0.6188],[0.6574, 0.8093],[0.6656, 0.918],[0.6724, 1.0],[0.5767, 0.6317],[0.5262, 0.7907],[0.4645, 0.8912],[0.4072, 0.9664],[0.517, 0.6333],[0.4432, 0.7156],[0.3946, 0.641],[0.3693, 0.5765],[0.4704, 0.6341],[0.4174, 0.6746],[0.3844, 0.6235],[0.3713, 0.5828]
[0.3684, 0.3413],[0.4281, 0.4467],[0.4854, 0.5861],[0.5257, 0.7082],[0.5661, 0.8093],[0.6321, 0.618],[0.6554, 0.8115],[0.6651, 0.9199],[0.6724, 1.0],[0.5763, 0.6298],[0.5262, 0.7918],[0.4655, 0.8926],[0.4072, 0.9653],[0.518, 0.6306],[0.4441, 0.7156],[0.3936, 0.6413],[0.3655, 0.5762],[0.4738, 0.6309],[0.4203, 0.674],[0.3844, 0.6246],[0.3684, 0.5842]
[0.3596, 0.3429],[0.4242, 0.4527],[0.484, 0.591],[0.5257, 0.7076],[0.5699, 0.8068],[0.6321, 0.6216],[0.6564, 0.8123],[0.6656, 0.9202],[0.6724, 1.0],[0.5724, 0.6314],[0.5223, 0.7929],[0.4611, 0.894],[0.4038, 0.9664],[0.5112, 0.6317],[0.4393, 0.7194],[0.3927, 0.6418],[0.3718, 0.5757],[0.4645, 0.6322],[0.4092, 0.6779],[0.3771, 0.6262],[0.3684, 0.5831]
[0.3606, 0.344],[0.4194, 0.4533],[0.4777, 0.5937],[0.5214, 0.7142],[0.568, 0.8128],[0.6297, 0.6227],[0.654, 0.8167],[0.6632, 0.9243],[0.671, 1.0],[0.5758, 0.6311],[0.5262, 0.7945],[0.4621, 0.8973],[0.4029, 0.971],[0.5199, 0.63],[0.4403, 0.7126],[0.3849, 0.6418],[0.3582, 0.5798],[0.4777, 0.6284],[0.4174, 0.6729],[0.3786, 0.6276],[0.365, 0.5872]
[0.3655, 0.3475],[0.4281, 0.4596],[0.4849, 0.5948],[0.5248, 0.7106],[0.569, 0.8104],[0.6316, 0.6276],[0.6554, 0.8199],[0.6637, 0.9273],[0.6695, 1.0],[0.5743, 0.6363],[0.5223, 0.8005],[0.4616, 0.9035],[0.4038, 0.9765],[0.5141, 0.6341],[0.4373, 0.7191],[0.3922, 0.6391],[0.3742, 0.5721],[0.4679, 0.6325],[0.4087, 0.679],[0.3761, 0.6295],[0.3684, 0.588]
[0.3655, 0.3481],[0.4252, 0.4642],[0.4811, 0.5997],[0.5233, 0.7131],[0.5719, 0.812],[0.6311, 0.6295],[0.6569, 0.8194],[0.6656, 0.9268],[0.6715, 1.0],[0.5748, 0.6352],[0.5253, 0.7986],[0.4602, 0.903],[0.3985, 0.9757],[0.5155, 0.6325],[0.4373, 0.7169],[0.3878, 0.6393],[0.3684, 0.5738],[0.4718, 0.6314],[0.4097, 0.6749],[0.3737, 0.6276],[0.3645, 0.5874]
[0.3669, 0.3443],[0.4237, 0.4593],[0.4801, 0.5994],[0.5243, 0.7147],[0.5714, 0.8117],[0.6292, 0.6281],[0.6545, 0.8191],[0.6632, 0.927],[0.671, 1.0],[0.5729, 0.6372],[0.5257, 0.8],[0.4592, 0.8989],[0.3985, 0.9664],[0.5146, 0.6355],[0.4393, 0.7142],[0.3829, 0.6404],[0.3567, 0.5754],[0.4699, 0.6347],[0.4131, 0.676],[0.3742, 0.6281],[0.3591, 0.5866]
[0.365, 0.3465],[0.4237, 0.4549],[0.483, 0.5907],[0.5267, 0.7087],[0.5772, 0.8082],[0.6302, 0.6243],[0.6559, 0.8167],[0.6642, 0.924],[0.671, 1.0],[0.5714, 0.635],[0.5253, 0.7929],[0.4611, 0.8915],[0.4004, 0.9598],[0.5097, 0.6347],[0.4388, 0.7156],[0.3917, 0.6372],[0.3713, 0.5697],[0.4621, 0.635],[0.4067, 0.6762],[0.3742, 0.6235],[0.3645, 0.5806]
[0.3664, 0.3432],[0.4233, 0.4557],[0.4801, 0.5943],[0.5223, 0.7098],[0.5699, 0.8085],[0.6282, 0.6219],[0.6559, 0.8136],[0.6656, 0.9218],[0.6734, 1.0],[0.5709, 0.6325],[0.5228, 0.7921],[0.4582, 0.8945],[0.397, 0.9664],[0.5107, 0.6325],[0.4383, 0.715],[0.3888, 0.6372],[0.3655, 0.5697],[0.4645, 0.6336],[0.4101, 0.677],[0.3747, 0.6265],[0.3621, 0.5855]
[0.3679, 0.3459],[0.4242, 0.4544],[0.4815, 0.591],[0.5233, 0.7046],[0.5719, 0.8049],[0.6321, 0.6205],[0.6559, 0.8139],[0.6642, 0.9224],[0.6715, 1.0],[0.5729, 0.6328],[0.5219, 0.7945],[0.4573, 0.8967],[0.397, 0.9686],[0.5112, 0.6355],[0.4407, 0.7205],[0.3975, 0.6369],[0.381, 0.5669],[0.4645, 0.6404],[0.4106, 0.6817],[0.3795, 0.6251],[0.3727, 0.5817]
[0.3582, 0.3399],[0.4242, 0.4445],[0.483, 0.5814],[0.5253, 0.7008],[0.5729, 0.8016],[0.6307, 0.6128],[0.6559, 0.8076],[0.6656, 0.9177],[0.6753, 1.0],[0.5646, 0.6268],[0.5189, 0.7891],[0.4607, 0.8885],[0.4053, 0.9595],[0.4971, 0.6292],[0.4359, 0.7213],[0.399, 0.6391],[0.3834, 0.5683],[0.4437, 0.6317],[0.4019, 0.6833],[0.3776, 0.6287],[0.3718, 0.5842]
[0.3557, 0.3407],[0.415, 0.4522],[0.4752, 0.5921],[0.5204, 0.7082],[0.5695, 0.8065],[0.6277, 0.6164],[0.6535, 0.812],[0.6647, 0.921],[0.6739, 1.0],[0.5709, 0.6246],[0.5199, 0.7882],[0.4563, 0.8923],[0.397, 0.9653],[0.5117, 0.6257],[0.4388, 0.7137],[0.3922, 0.6344],[0.3732, 0.565],[0.467, 0.6284],[0.4111, 0.6732],[0.3771, 0.6194],[0.3679, 0.5732]
[0.3577, 0.338],[0.416, 0.4538],[0.4747, 0.5921],[0.5199, 0.7055],[0.5675, 0.8011],[0.6277, 0.6178],[0.6535, 0.8115],[0.6632, 0.9207],[0.6705, 1.0],[0.5729, 0.624],[0.5233, 0.7902],[0.4607, 0.8942],[0.4004, 0.9661],[0.5136, 0.6221],[0.4349, 0.7076],[0.3839, 0.6311],[0.3611, 0.565],[0.4679, 0.621],[0.4077, 0.6669],[0.3698, 0.6194],[0.3562, 0.5792]
[0.3538, 0.3448],[0.4213, 0.456],[0.4864, 0.5929],[0.5291, 0.7057],[0.5733, 0.8044],[0.6273, 0.6219],[0.652, 0.8145],[0.6603, 0.9221],[0.6681, 1.0],[0.567, 0.6311],[0.5204, 0.7899],[0.4573, 0.8923],[0.399, 0.9639],[0.5039, 0.632],[0.4373, 0.7169],[0.3902, 0.638],[0.3689, 0.5697],[0.4529, 0.635],[0.4024, 0.6795],[0.3713, 0.6262],[0.3621, 0.5811]
[0.3519, 0.3432],[0.4184, 0.4596],[0.4777, 0.5973],[0.5185, 0.7123],[0.5661, 0.8101],[0.6268, 0.6268],[0.653, 0.8169],[0.6617, 0.9243],[0.6681, 1.0],[0.5675, 0.635],[0.5155, 0.7956],[0.4509, 0.8978],[0.3907, 0.9699],[0.5053, 0.6314],[0.4271, 0.7126],[0.3815, 0.6314],[0.3669, 0.565],[0.4568, 0.6265],[0.397, 0.6713],[0.3645, 0.621],[0.3591, 0.5787]
[0.3572, 0.3454],[0.415, 0.4607],[0.4738, 0.5994],[0.5194, 0.715],[0.5695, 0.8136],[0.6253, 0.6279],[0.653, 0.8199],[0.6637, 0.9279],[0.6719, 1.0],[0.5699, 0.6341],[0.5223, 0.7994],[0.4563, 0.8989],[0.3946, 0.9677],[0.5117, 0.6311],[0.4325, 0.7169],[0.3781, 0.6399],[0.3567, 0.5749],[0.4679, 0.6281],[0.4063, 0.6735],[0.3669, 0.6251],[0.3553, 0.5839]
[0.3577, 0.3478],[0.4155, 0.4604],[0.4747, 0.5986],[0.5204, 0.7158],[0.5665, 0.8142],[0.6239, 0.6292],[0.6496, 0.8208],[0.6593, 0.9281],[0.6671, 1.0],[0.568, 0.6352],[0.5194, 0.7978],[0.4534, 0.8959],[0.3922, 0.9647],[0.5092, 0.6314],[0.4325, 0.7178],[0.3776, 0.6404],[0.3523, 0.576],[0.4636, 0.6273],[0.4097, 0.677],[0.3708, 0.63],[0.3562, 0.5904]
[0.3557, 0.3462],[0.4179, 0.4571],[0.4772, 0.5937],[0.5214, 0.7128],[0.569, 0.8123],[0.6239, 0.629],[0.6511, 0.8186],[0.6603, 0.9262],[0.6676, 1.0],[0.5646, 0.6382],[0.5165, 0.8019],[0.4524, 0.9003],[0.3936, 0.9677],[0.5029, 0.635],[0.4281, 0.7199],[0.3825, 0.6399],[0.365, 0.5724],[0.4548, 0.6306],[0.399, 0.6798],[0.3659, 0.6284],[0.3572, 0.5861]
[0.3577, 0.3492],[0.4165, 0.4538],[0.4791, 0.5943],[0.5282, 0.7178],[0.5797, 0.818],[0.6258, 0.6276],[0.6515, 0.8202],[0.6593, 0.9276],[0.6661, 1.0],[0.5665, 0.6404],[0.5189, 0.7989],[0.4543, 0.8953],[0.3961, 0.9645],[0.5058, 0.641],[0.433, 0.7194],[0.3795, 0.6448],[0.3553, 0.5806],[0.4582, 0.6399],[0.4029, 0.6781],[0.3659, 0.6251],[0.3548, 0.5817]
[0.3591, 0.3484],[0.416, 0.4497],[0.4772, 0.5907],[0.5257, 0.7156],[0.5782, 0.8147],[0.6277, 0.6219],[0.6535, 0.8175],[0.6627, 0.9262],[0.6719, 1.0],[0.5709, 0.6355],[0.5233, 0.7959],[0.4616, 0.8948],[0.4053, 0.9664],[0.5126, 0.6374],[0.4437, 0.7186],[0.3956, 0.647],[0.3732, 0.5836],[0.4665, 0.638],[0.4126, 0.679],[0.3781, 0.63],[0.3669, 0.5885]
[0.3621, 0.3492],[0.4203, 0.4544],[0.4806, 0.5945],[0.5253, 0.7178],[0.5782, 0.8167],[0.6316, 0.626],[0.6579, 0.8183],[0.6676, 0.927],[0.6749, 1.0],[0.5767, 0.6352],[0.5277, 0.7967],[0.4641, 0.8967],[0.4029, 0.9683],[0.5189, 0.6331],[0.4403, 0.7139],[0.3863, 0.6418],[0.3606, 0.5809],[0.4757, 0.6298],[0.4179, 0.6746],[0.38, 0.6298],[0.3664, 0.5913]
[0.3611, 0.3445],[0.4262, 0.4552],[0.484, 0.591],[0.5248, 0.7085],[0.5719, 0.8079],[0.6336, 0.6254],[0.6603, 0.8164],[0.671, 0.9257],[0.6792, 1.0],[0.5724, 0.6355],[0.5248, 0.8005],[0.4621, 0.9005],[0.4033, 0.9691],[0.5078, 0.6341],[0.4349, 0.7229],[0.3902, 0.6421],[0.3713, 0.5743],[0.4582, 0.6311],[0.4048, 0.679],[0.3737, 0.6281],[0.3645, 0.5866]
[0.363, 0.3497],[0.4184, 0.459],[0.4762, 0.5964],[0.5209, 0.7134],[0.5753, 0.8131],[0.6302, 0.6276],[0.6579, 0.8188],[0.6681, 0.9265],[0.6773, 1.0],[0.5753, 0.6388],[0.5228, 0.7986],[0.4582, 0.9016],[0.4009, 0.9751],[0.518, 0.6377],[0.4359, 0.7131],[0.3839, 0.632],[0.365, 0.5658],[0.4747, 0.6372],[0.4111, 0.6732],[0.3723, 0.6208],[0.3635, 0.5809]
[0.3582, 0.3429],[0.4116, 0.4555],[0.4704, 0.5943],[0.517, 0.7104],[0.569, 0.8063],[0.6277, 0.6213],[0.6545, 0.8117],[0.6642, 0.9216],[0.6734, 1.0],[0.5714, 0.6317],[0.5267, 0.7967],[0.4592, 0.8978],[0.399, 0.968],[0.5121, 0.6311],[0.4325, 0.7126],[0.3795, 0.6355],[0.3596, 0.5702],[0.467, 0.6284],[0.4063, 0.6729],[0.3679, 0.6235],[0.3567, 0.582]
[0.3611, 0.3418],[0.4218, 0.4432],[0.4864, 0.5801],[0.535, 0.7025],[0.5782, 0.8065],[0.6258, 0.6101],[0.6545, 0.8052],[0.6637, 0.9142],[0.6744, 1.0],[0.5661, 0.6279],[0.5228, 0.7891],[0.4602, 0.8885],[0.4048, 0.9598],[0.5044, 0.6317],[0.4373, 0.7186],[0.3917, 0.6443],[0.3723, 0.5776],[0.4543, 0.6333],[0.3999, 0.6738],[0.3659, 0.621],[0.3553, 0.5792]
[0.363, 0.3434],[0.4179, 0.4505],[0.4786, 0.5874],[0.5253, 0.7038],[0.5753, 0.803],[0.6287, 0.6172],[0.6559, 0.8082],[0.6642, 0.9153],[0.6719, 1.0],[0.5709, 0.6279],[0.5189, 0.7861],[0.4553, 0.8874],[0.3985, 0.9612],[0.5112, 0.6276],[0.4354, 0.7068],[0.3863, 0.6273],[0.3664, 0.5623],[0.465, 0.6276],[0.4082, 0.6688],[0.3718, 0.6158],[0.3616, 0.5749]
[0.3621, 0.344],[0.4165, 0.4546],[0.4752, 0.5902],[0.5223, 0.7063],[0.5724, 0.8044],[0.6282, 0.6227],[0.654, 0.8096],[0.6642, 0.9156],[0.6734, 1.0],[0.5724, 0.6317],[0.5253, 0.7885],[0.4607, 0.8855],[0.4024, 0.9549],[0.5121, 0.6309],[0.4359, 0.7057],[0.3795, 0.6295],[0.3543, 0.5672],[0.4665, 0.6298],[0.4116, 0.6661],[0.3727, 0.6169],[0.3572, 0.5792]
[0.3587, 0.3363],[0.4135, 0.4462],[0.4713, 0.5839],[0.5175, 0.7022],[0.5641, 0.7994],[0.6248, 0.6096],[0.6486, 0.8014],[0.6598, 0.9082],[0.6705, 1.0],[0.5704, 0.6202],[0.5219, 0.7781],[0.4592, 0.8768],[0.4014, 0.9494],[0.5112, 0.621],[0.4359, 0.7003],[0.381, 0.6287],[0.3509, 0.5661],[0.465, 0.6221],[0.4131, 0.6593],[0.3737, 0.6123],[0.3528, 0.5749]
[0.3587, 0.3366],[0.4169, 0.4424],[0.4767, 0.5776],[0.5223, 0.6951],[0.5665, 0.7915],[0.6229, 0.6093],[0.6477, 0.7981],[0.6593, 0.9046],[0.67, 0.9981],[0.5656, 0.6216],[0.5204, 0.7776],[0.4587, 0.8708],[0.4029, 0.9388],[0.5044, 0.6229],[0.4291, 0.7003],[0.3723, 0.63],[0.3407, 0.5675],[0.4558, 0.6219],[0.4043, 0.6557],[0.3664, 0.6071],[0.3475, 0.5694]
[0.3538, 0.3339],[0.4116, 0.4415],[0.4709, 0.5773],[0.5155, 0.6932],[0.5631, 0.7907],[0.6219, 0.6063],[0.6462, 0.7951],[0.6569, 0.9024],[0.6676, 0.9967],[0.5641, 0.6194],[0.5155, 0.7743],[0.4539, 0.8721],[0.3975, 0.9437],[0.5029, 0.6216],[0.4276, 0.6975],[0.3752, 0.6213],[0.3489, 0.5576],[0.4548, 0.6235],[0.4048, 0.6585],[0.3689, 0.6098],[0.3538, 0.5721]
[0.3543, 0.3325],[0.4101, 0.4437],[0.467, 0.5801],[0.5121, 0.6934],[0.5612, 0.7907],[0.6195, 0.6087],[0.6457, 0.797],[0.6574, 0.9038],[0.6656, 0.9975],[0.5646, 0.6156],[0.5165, 0.7746],[0.4529, 0.8754],[0.3922, 0.947],[0.5073, 0.615],[0.4335, 0.694],[0.3757, 0.6188],[0.347, 0.5582],[0.4645, 0.6169],[0.4135, 0.6546],[0.3718, 0.6085],[0.3533, 0.5721]
[0.3538, 0.3322],[0.4101, 0.4426],[0.4684, 0.5773],[0.5131, 0.6904],[0.5612, 0.7869],[0.62, 0.6052],[0.6462, 0.7959],[0.6579, 0.903],[0.6681, 0.9964],[0.5631, 0.6164],[0.5141, 0.7779],[0.4524, 0.8762],[0.3946, 0.9462],[0.5029, 0.6175],[0.431, 0.7],[0.3795, 0.6219],[0.3543, 0.5571],[0.4563, 0.6194],[0.4077, 0.6634],[0.3723, 0.6158],[0.3577, 0.5781]
[0.3489, 0.3347],[0.4067, 0.4462],[0.467, 0.5822],[0.5126, 0.6951],[0.5612, 0.7902],[0.618, 0.6098],[0.6447, 0.7973],[0.6564, 0.9033],[0.6671, 0.9959],[0.5597, 0.6219],[0.5112, 0.78],[0.449, 0.8784],[0.3922, 0.9494],[0.4995, 0.6227],[0.4237, 0.7016],[0.3713, 0.6238],[0.3465, 0.5576],[0.4529, 0.6221],[0.3999, 0.6639],[0.3655, 0.6126],[0.3533, 0.5713]
[0.347, 0.3342],[0.4053, 0.4434],[0.4645, 0.5787],[0.5087, 0.6943],[0.5578, 0.7912],[0.6151, 0.6107],[0.6438, 0.797],[0.6549, 0.9033],[0.6651, 0.9967],[0.5583, 0.6235],[0.5102, 0.7831],[0.4485, 0.8822],[0.3931, 0.9533],[0.4985, 0.6246],[0.4208, 0.7041],[0.3693, 0.6243],[0.3465, 0.5576],[0.4529, 0.624],[0.3956, 0.6634],[0.3606, 0.6098],[0.3489, 0.5686]
[0.3373, 0.3333],[0.4121, 0.4306],[0.4733, 0.5667],[0.5131, 0.6907],[0.5563, 0.7937],[0.6132, 0.5975],[0.6443, 0.7926],[0.6549, 0.9027],[0.6651, 0.9981],[0.5447, 0.6147],[0.501, 0.7847],[0.4412, 0.8858],[0.3863, 0.9568],[0.4762, 0.6183],[0.4189, 0.7139],[0.3893, 0.6298],[0.38, 0.5587],[0.4223, 0.6188],[0.3795, 0.6754],[0.3596, 0.6178],[0.3577, 0.5713]
[0.3412, 0.3347],[0.4014, 0.4355],[0.4645, 0.5779],[0.5097, 0.7003],[0.5563, 0.8005],[0.6093, 0.6016],[0.6389, 0.7962],[0.6501, 0.9046],[0.6617, 0.9997],[0.5525, 0.6158],[0.5034, 0.7787],[0.4403, 0.8814],[0.3849, 0.9576],[0.4942, 0.618],[0.4203, 0.7109],[0.3766, 0.629],[0.3601, 0.5596],[0.4475, 0.6188],[0.3917, 0.6702],[0.3606, 0.6139],[0.3543, 0.5697]
[0.348, 0.341],[0.4087, 0.441],[0.4665, 0.577],[0.5073, 0.6989],[0.5559, 0.7986],[0.6122, 0.6096],[0.6413, 0.8003],[0.6525, 0.9074],[0.6617, 1.0],[0.5529, 0.624],[0.5044, 0.7863],[0.4432, 0.8858],[0.3868, 0.9574],[0.4922, 0.6254],[0.4179, 0.7093],[0.3747, 0.6311],[0.3572, 0.5656],[0.4446, 0.6243],[0.3897, 0.6686],[0.3577, 0.6164],[0.3499, 0.576]
[0.348, 0.3407],[0.4014, 0.4451],[0.4611, 0.5839],[0.5097, 0.7038],[0.5617, 0.8024],[0.6137, 0.6115],[0.6418, 0.8016],[0.652, 0.9095],[0.6613, 1.0],[0.5583, 0.621],[0.5136, 0.7817],[0.4505, 0.8811],[0.3922, 0.9519],[0.5005, 0.6208],[0.4271, 0.7079],[0.3747, 0.6322],[0.3504, 0.5669],[0.4568, 0.6213],[0.4009, 0.6658],[0.364, 0.6142],[0.3519, 0.5724]
[0.3489, 0.3396],[0.4033, 0.4424],[0.4621, 0.5781],[0.5097, 0.6984],[0.5607, 0.7962],[0.6137, 0.6115],[0.6433, 0.7981],[0.6545, 0.9046],[0.6661, 0.9983],[0.5578, 0.6249],[0.5146, 0.7847],[0.45, 0.8828],[0.3912, 0.953],[0.499, 0.6257],[0.4252, 0.7038],[0.3698, 0.6295],[0.3417, 0.5648],[0.4524, 0.624],[0.399, 0.6631],[0.3606, 0.615],[0.3431, 0.5765]
[0.3553, 0.3385],[0.4092, 0.441],[0.4684, 0.5795],[0.5151, 0.6989],[0.5641, 0.7978],[0.6166, 0.6093],[0.6447, 0.7992],[0.6559, 0.906],[0.6676, 1.0],[0.5617, 0.6202],[0.5141, 0.777],[0.4509, 0.8781],[0.3936, 0.9522],[0.5034, 0.6208],[0.4286, 0.7044],[0.3732, 0.6246],[0.347, 0.5568],[0.4582, 0.6213],[0.4019, 0.6628],[0.364, 0.6085],[0.3504, 0.5661]
[0.3538, 0.3363],[0.4106, 0.4402],[0.4704, 0.5776],[0.5141, 0.6962],[0.5617, 0.7945],[0.6175, 0.6085],[0.6452, 0.7967],[0.6564, 0.9033],[0.6685, 0.9981],[0.5622, 0.6227],[0.5131, 0.7803],[0.4519, 0.8817],[0.3965, 0.9563],[0.5024, 0.6249],[0.4291, 0.7055],[0.3776, 0.6249],[0.3519, 0.5571],[0.4563, 0.6262],[0.4029, 0.6667],[0.3669, 0.6147],[0.3523, 0.5749]
[0.3509, 0.3363],[0.4101, 0.4407],[0.4709, 0.576],[0.5155, 0.6907],[0.5661, 0.7893],[0.62, 0.6085],[0.6477, 0.7967],[0.6583, 0.9041],[0.6681, 0.9989],[0.5617, 0.621],[0.5146, 0.7795],[0.4534, 0.8806],[0.397, 0.9527],[0.5005, 0.6229],[0.4335, 0.7093],[0.3859, 0.6257],[0.365, 0.5576],[0.4529, 0.6262],[0.4019, 0.6686],[0.3689, 0.6161],[0.3596, 0.5757]
[0.3509, 0.3355],[0.4116, 0.4421],[0.4718, 0.577],[0.516, 0.6904],[0.5636, 0.7893],[0.618, 0.6079],[0.6462, 0.7962],[0.6579, 0.9035],[0.6671, 0.9992],[0.5597, 0.6191],[0.517, 0.7784],[0.4558, 0.8787],[0.3975, 0.9494],[0.4985, 0.621],[0.4325, 0.7066],[0.38, 0.6268],[0.3548, 0.5598],[0.4519, 0.6246],[0.4009, 0.6656],[0.364, 0.6153],[0.3509, 0.5757]
[0.3528, 0.3333],[0.4223, 0.4301],[0.4835, 0.5628],[0.5219, 0.6817],[0.5651, 0.7841],[0.618, 0.6003],[0.6472, 0.7945],[0.6583, 0.9033],[0.6676, 0.9986],[0.5544, 0.6164],[0.5112, 0.777],[0.4558, 0.8768],[0.4024, 0.9473],[0.4883, 0.6199],[0.4339, 0.7153],[0.399, 0.6358],[0.3815, 0.5667],[0.4364, 0.624],[0.3946, 0.6732],[0.3703, 0.6219],[0.363, 0.5814]
[0.3514, 0.3328],[0.4213, 0.4331],[0.4845, 0.5691],[0.5243, 0.6877],[0.5651, 0.7902],[0.6185, 0.5997],[0.6447, 0.7923],[0.6535, 0.9008],[0.6627, 0.9967],[0.5515, 0.6161],[0.5053, 0.7735],[0.4475, 0.8735],[0.3965, 0.9467],[0.483, 0.6197],[0.4257, 0.7139],[0.3902, 0.6355],[0.3757, 0.5664],[0.4276, 0.6238],[0.3844, 0.6713],[0.3601, 0.6126],[0.3543, 0.5675]
[0.3494, 0.3339],[0.4077, 0.4361],[0.4704, 0.5719],[0.516, 0.6902],[0.5627, 0.7926],[0.6166, 0.6044],[0.6443, 0.7953],[0.6545, 0.9038],[0.6637, 0.9994],[0.5573, 0.6172],[0.5117, 0.7751],[0.449, 0.8743],[0.3917, 0.9448],[0.4951, 0.6191],[0.4276, 0.7082],[0.3771, 0.6254],[0.3548, 0.5552],[0.4466, 0.6219],[0.3941, 0.6653],[0.3606, 0.6074],[0.3509, 0.5615]
[0.3475, 0.3361],[0.4082, 0.4385],[0.4694, 0.5721],[0.5146, 0.6869],[0.5661, 0.7874],[0.6156, 0.6049],[0.6428, 0.7943],[0.654, 0.9027],[0.6627, 0.9994],[0.5559, 0.6178],[0.5112, 0.7762],[0.4505, 0.8751],[0.3946, 0.9445],[0.4947, 0.6219],[0.4252, 0.7041],[0.3737, 0.6205],[0.3504, 0.5514],[0.449, 0.6284],[0.3965, 0.6667],[0.3601, 0.6098],[0.3485, 0.5672]
[0.3489, 0.335],[0.4101, 0.4383],[0.4713, 0.5735],[0.5151, 0.6888],[0.5631, 0.7899],[0.6156, 0.6022],[0.6423, 0.7929],[0.654, 0.9019],[0.6642, 0.9983],[0.5573, 0.6172],[0.5102, 0.7762],[0.449, 0.8779],[0.3941, 0.9492],[0.4961, 0.6229],[0.4257, 0.7066],[0.3757, 0.6251],[0.3543, 0.5557],[0.4495, 0.6303],[0.3961, 0.6691],[0.3611, 0.612],[0.3509, 0.5686]
[0.3485, 0.3388],[0.4082, 0.4385],[0.4665, 0.5724],[0.5087, 0.6872],[0.5568, 0.7893],[0.6151, 0.6046],[0.6433, 0.7956],[0.6559, 0.9046],[0.6651, 1.0],[0.5588, 0.6178],[0.5117, 0.777],[0.45, 0.8806],[0.3912, 0.9524],[0.5, 0.6232],[0.4281, 0.7033],[0.3742, 0.6216],[0.3485, 0.5546],[0.4582, 0.6314],[0.4038, 0.6672],[0.3655, 0.6134],[0.3519, 0.5732]
[0.3504, 0.338],[0.4082, 0.4383],[0.4675, 0.574],[0.5112, 0.6882],[0.5593, 0.788],[0.6161, 0.6082],[0.6428, 0.7981],[0.6545, 0.9063],[0.6651, 1.0],[0.5583, 0.6224],[0.5136, 0.7776],[0.4534, 0.8743],[0.398, 0.9429],[0.499, 0.6281],[0.4305, 0.7027],[0.3761, 0.6268],[0.3494, 0.5645],[0.4539, 0.6369],[0.4038, 0.6688],[0.3674, 0.6153],[0.3538, 0.5749]
[0.3514, 0.3344],[0.4063, 0.4383],[0.466, 0.5749],[0.5112, 0.691],[0.5617, 0.7896],[0.6156, 0.6049],[0.6433, 0.7948],[0.654, 0.9016],[0.6647, 0.9967],[0.5593, 0.6186],[0.5126, 0.774],[0.4529, 0.8713],[0.399, 0.9426],[0.4995, 0.6221],[0.4301, 0.7041],[0.38, 0.6235],[0.3572, 0.5574],[0.4524, 0.6262],[0.4014, 0.665],[0.3689, 0.6117],[0.3596, 0.5713]
[0.346, 0.3372],[0.4082, 0.4363],[0.4713, 0.5686],[0.5146, 0.6872],[0.5607, 0.788],[0.6151, 0.6079],[0.6452, 0.7956],[0.6554, 0.9027],[0.6647, 0.9973],[0.5549, 0.6254],[0.5083, 0.7828],[0.4485, 0.8792],[0.3936, 0.9489],[0.4922, 0.6284],[0.4203, 0.7066],[0.3761, 0.6219],[0.3577, 0.5533],[0.4417, 0.6279],[0.3893, 0.6678],[0.3596, 0.6137],[0.3528, 0.5729]