"[0.4801, 0.462]","[0.4972, 0.5098]","[0.5104, 0.5681]","[0.5146, 0.6212]","[0.5216, 0.6696]","[0.5415, 0.5867]","[0.5456, 0.6688]","[0.5483, 0.7183]","[0.5518, 0.7622]","[0.5215, 0.5916]","[0.5047, 0.6628]","[0.4895, 0.7106]","[0.4792, 0.7469]","[0.5014, 0.588]","[0.4793, 0.6131]","[0.472, 0.5723]","[0.4733, 0.541]","[0.4854, 0.5824]","[0.4699, 0.5989]","[0.466, 0.5659]","[0.4691, 0.5403]"
"[0.4794, 0.457]","[0.4958, 0.5063]","[0.5092, 0.5631]","[0.516, 0.6143]","[0.5251, 0.6621]","[0.5426, 0.588]","[0.5457, 0.6729]","[0.5486, 0.721]","[0.5521, 0.7651]","[0.5222, 0.5923]","[0.5053, 0.6621]","[0.4907, 0.7084]","[0.4795, 0.7444]","[0.5016, 0.5894]","[0.4781, 0.6108]","[0.4708, 0.5679]","[0.4711, 0.5363]","[0.4859, 0.5859]","[0.4693, 0.5962]","[0.4646, 0.5618]","[0.4662, 0.5389]"
"[0.4784, 0.4499]","[0.4949, 0.5033]","[0.5089, 0.5623]","[0.5167, 0.6125]","[0.5268, 0.6604]","[0.5437, 0.5854]","[0.5465, 0.6683]","[0.5491, 0.7156]","[0.5522, 0.7594]","[0.5236, 0.5898]","[0.5068, 0.6577]","[0.4913, 0.7048]","[0.4793, 0.742]","[0.5031, 0.5865]","[0.4789, 0.6091]","[0.4709, 0.5659]","[0.4716, 0.5353]","[0.4874, 0.5824]","[0.4705, 0.5927]","[0.4655, 0.5589]","[0.4677, 0.5368]"
"[0.4776, 0.4467]","[0.4948, 0.4985]","[0.5089, 0.5567]","[0.5169, 0.6089]","[0.5262, 0.6584]","[0.5428, 0.5823]","[0.5466, 0.6664]","[0.5495, 0.7143]","[0.5528, 0.7584]","[0.5221, 0.5871]","[0.5064, 0.6575]","[0.491, 0.7047]","[0.4788, 0.7408]","[0.5011, 0.5842]","[0.4782, 0.6088]","[0.4711, 0.5652]","[0.4719, 0.5324]","[0.4851, 0.5805]","[0.469, 0.5928]","[0.4646, 0.5583]","[0.4668, 0.5341]"
"[0.476, 0.4419]","[0.4936, 0.4971]","[0.5078, 0.5579]","[0.516, 0.6085]","[0.526, 0.6561]","[0.543, 0.5779]","[0.546, 0.6631]","[0.5489, 0.7116]","[0.5523, 0.7563]","[0.5232, 0.5817]","[0.5073, 0.6527]","[0.4917, 0.7017]","[0.4793, 0.7398]","[0.503, 0.5794]","[0.4792, 0.6067]","[0.4707, 0.5626]","[0.4707, 0.5301]","[0.4877, 0.5772]","[0.4711, 0.5907]","[0.4651, 0.5566]","[0.4664, 0.5329]"
"[0.4768, 0.442]","[0.4945, 0.4932]","[0.5089, 0.5523]","[0.5168, 0.6059]","[0.5244, 0.6567]","[0.5409, 0.5806]","[0.5455, 0.6651]","[0.5488, 0.7125]","[0.5522, 0.7561]","[0.5205, 0.5848]","[0.5048, 0.6549]","[0.4899, 0.7012]","[0.478, 0.7366]","[0.5002, 0.5822]","[0.4776, 0.6058]","[0.4704, 0.5616]","[0.4713, 0.529]","[0.4847, 0.5799]","[0.4684, 0.5906]","[0.4634, 0.5558]","[0.4657, 0.5322]"
"[0.4762, 0.4411]","[0.4943, 0.4957]","[0.5088, 0.5555]","[0.5166, 0.6067]","[0.5266, 0.6555]","[0.5419, 0.5781]","[0.5451, 0.6631]","[0.5479, 0.7105]","[0.5514, 0.7544]","[0.5213, 0.5818]","[0.506, 0.652]","[0.4914, 0.7]","[0.4794, 0.7372]","[0.5007, 0.5788]","[0.4777, 0.6037]","[0.4709, 0.5601]","[0.4722, 0.5286]","[0.485, 0.5763]","[0.4691, 0.5893]","[0.4642, 0.5556]","[0.4667, 0.5326]"
"[0.4758, 0.4425]","[0.4941, 0.4936]","[0.5086, 0.5522]","[0.5163, 0.6059]","[0.5248, 0.6573]","[0.5412, 0.5797]","[0.545, 0.6646]","[0.5479, 0.7121]","[0.5512, 0.7555]","[0.5204, 0.5843]","[0.5059, 0.655]","[0.4908, 0.7017]","[0.4786, 0.7364]","[0.4997, 0.5813]","[0.4783, 0.606]","[0.4704, 0.5626]","[0.4705, 0.5305]","[0.4842, 0.5784]","[0.4685, 0.5904]","[0.4629, 0.5567]","[0.4644, 0.5334]"
"[0.4766, 0.4421]","[0.494, 0.4951]","[0.5081, 0.5543]","[0.5162, 0.6053]","[0.5252, 0.6554]","[0.541, 0.5784]","[0.5447, 0.6634]","[0.5479, 0.7114]","[0.5515, 0.7555]","[0.521, 0.5821]","[0.5055, 0.6523]","[0.4905, 0.701]","[0.4783, 0.7387]","[0.5009, 0.5799]","[0.4773, 0.6042]","[0.4692, 0.5601]","[0.4694, 0.5281]","[0.4861, 0.5788]","[0.4694, 0.5902]","[0.4637, 0.5561]","[0.4652, 0.5332]"
"[0.4768, 0.4441]","[0.4941, 0.4953]","[0.5082, 0.5546]","[0.516, 0.6065]","[0.5256, 0.6565]","[0.541, 0.5793]","[0.5451, 0.6651]","[0.5481, 0.7134]","[0.5517, 0.7573]","[0.5209, 0.5838]","[0.5057, 0.6548]","[0.4909, 0.7025]","[0.479, 0.7387]","[0.5012, 0.5819]","[0.4782, 0.605]","[0.4697, 0.5622]","[0.4699, 0.5309]","[0.4864, 0.5804]","[0.4697, 0.5915]","[0.4637, 0.5585]","[0.4652, 0.5357]"
"[0.4781, 0.4442]","[0.4947, 0.497]","[0.5088, 0.5561]","[0.5169, 0.6072]","[0.5255, 0.6571]","[0.5419, 0.5797]","[0.5453, 0.6651]","[0.5482, 0.7127]","[0.5517, 0.7569]","[0.5221, 0.5837]","[0.5064, 0.654]","[0.4914, 0.7016]","[0.4796, 0.7392]","[0.5025, 0.5814]","[0.4791, 0.6052]","[0.4717, 0.5614]","[0.4728, 0.5301]","[0.4873, 0.5797]","[0.4705, 0.5927]","[0.465, 0.5587]","[0.4671, 0.5354]"
"[0.4787, 0.4438]","[0.4963, 0.4957]","[0.5107, 0.5575]","[0.5189, 0.6111]","[0.5287, 0.6597]","[0.5435, 0.5801]","[0.5479, 0.6642]","[0.551, 0.7119]","[0.5546, 0.7559]","[0.5238, 0.5845]","[0.5085, 0.6538]","[0.494, 0.7016]","[0.4823, 0.7397]","[0.5043, 0.5819]","[0.4813, 0.6061]","[0.4731, 0.5641]","[0.4731, 0.5331]","[0.4892, 0.5792]","[0.4733, 0.5925]","[0.4672, 0.5609]","[0.4683, 0.5383]"
"[0.4804, 0.4435]","[0.4971, 0.495]","[0.5115, 0.5559]","[0.52, 0.609]","[0.53, 0.6585]","[0.5447, 0.5787]","[0.5486, 0.6651]","[0.5517, 0.7134]","[0.5551, 0.7574]","[0.5256, 0.5839]","[0.5094, 0.655]","[0.4943, 0.7032]","[0.4822, 0.7404]","[0.5066, 0.5827]","[0.4819, 0.6055]","[0.4735, 0.5639]","[0.4742, 0.5334]","[0.4918, 0.5819]","[0.4736, 0.5942]","[0.4672, 0.5631]","[0.4691, 0.5412]"
"[0.4805, 0.4462]","[0.4984, 0.4975]","[0.5134, 0.5583]","[0.5216, 0.6113]","[0.5305, 0.6607]","[0.546, 0.5824]","[0.55, 0.6672]","[0.5529, 0.7145]","[0.5563, 0.7582]","[0.5263, 0.5873]","[0.5103, 0.6568]","[0.4954, 0.7043]","[0.4837, 0.742]","[0.5067, 0.5848]","[0.4829, 0.6097]","[0.4757, 0.5665]","[0.4769, 0.5351]","[0.4912, 0.5824]","[0.4738, 0.596]","[0.4688, 0.5632]","[0.4716, 0.5401]"
"[0.4804, 0.4453]","[0.4979, 0.4994]","[0.5118, 0.56]","[0.5201, 0.6124]","[0.5299, 0.6619]","[0.5469, 0.5817]","[0.5504, 0.6677]","[0.5532, 0.7158]","[0.5565, 0.7599]","[0.5264, 0.5858]","[0.5113, 0.6583]","[0.4958, 0.7061]","[0.4836, 0.7423]","[0.506, 0.5832]","[0.4835, 0.6099]","[0.476, 0.5661]","[0.4773, 0.5339]","[0.4909, 0.5811]","[0.4743, 0.5962]","[0.469, 0.5622]","[0.4714, 0.5382]"
"[0.4822, 0.4465]","[0.501, 0.497]","[0.5149, 0.558]","[0.522, 0.6126]","[0.5294, 0.6654]","[0.5463, 0.5849]","[0.5504, 0.6705]","[0.5537, 0.7186]","[0.5571, 0.7627]","[0.5255, 0.5887]","[0.5091, 0.66]","[0.4942, 0.7076]","[0.4826, 0.744]","[0.5052, 0.5853]","[0.4822, 0.612]","[0.4757, 0.5678]","[0.4777, 0.5357]","[0.49, 0.5824]","[0.4728, 0.5967]","[0.4686, 0.5629]","[0.4721, 0.5398]"
"[0.4818, 0.4461]","[0.5, 0.4989]","[0.5137, 0.5604]","[0.521, 0.6141]","[0.5296, 0.6659]","[0.5466, 0.5849]","[0.5497, 0.6716]","[0.5528, 0.7196]","[0.5563, 0.7639]","[0.5258, 0.5879]","[0.5103, 0.659]","[0.4954, 0.7065]","[0.4833, 0.7431]","[0.5051, 0.5847]","[0.4831, 0.6115]","[0.4767, 0.567]","[0.4785, 0.5357]","[0.4895, 0.5831]","[0.4734, 0.5971]","[0.469, 0.5624]","[0.472, 0.5394]"
"[0.4816, 0.4458]","[0.5011, 0.497]","[0.5155, 0.557]","[0.5225, 0.6126]","[0.5295, 0.6654]","[0.5457, 0.5844]","[0.5494, 0.6707]","[0.5525, 0.719]","[0.5559, 0.763]","[0.5243, 0.5889]","[0.5093, 0.659]","[0.4948, 0.7067]","[0.4834, 0.7433]","[0.5034, 0.5858]","[0.4818, 0.6128]","[0.4748, 0.5705]","[0.4759, 0.5383]","[0.4873, 0.5834]","[0.4722, 0.5993]","[0.4677, 0.5673]","[0.4705, 0.544]"
"[0.4815, 0.446]","[0.4996, 0.4983]","[0.5136, 0.5604]","[0.5211, 0.6149]","[0.53, 0.6658]","[0.5452, 0.5861]","[0.5488, 0.6716]","[0.5521, 0.7194]","[0.5562, 0.7632]","[0.5243, 0.5898]","[0.5098, 0.6594]","[0.495, 0.7067]","[0.4831, 0.7437]","[0.5037, 0.5858]","[0.4819, 0.6115]","[0.4749, 0.5689]","[0.4763, 0.5376]","[0.4878, 0.5826]","[0.4726, 0.5987]","[0.4683, 0.5655]","[0.471, 0.5419]"
"[0.4818, 0.4436]","[0.4994, 0.4974]","[0.5131, 0.5593]","[0.5209, 0.6131]","[0.53, 0.6637]","[0.5457, 0.5832]","[0.5487, 0.6688]","[0.5519, 0.7172]","[0.5556, 0.7614]","[0.5251, 0.5858]","[0.5094, 0.6558]","[0.4946, 0.7037]","[0.4826, 0.7409]","[0.5048, 0.5816]","[0.4814, 0.6076]","[0.474, 0.5656]","[0.4749, 0.5345]","[0.4894, 0.5783]","[0.4734, 0.5946]","[0.4683, 0.5623]","[0.4705, 0.5392]"
"[0.4805, 0.4441]","[0.4995, 0.4974]","[0.5132, 0.5573]","[0.5204, 0.6119]","[0.5287, 0.6626]","[0.5449, 0.5855]","[0.5485, 0.6701]","[0.5514, 0.7168]","[0.5552, 0.7595]","[0.5237, 0.5892]","[0.5091, 0.661]","[0.4944, 0.7077]","[0.4826, 0.7427]","[0.503, 0.5849]","[0.4814, 0.6089]","[0.474, 0.5662]","[0.4748, 0.5347]","[0.4872, 0.5809]","[0.4719, 0.5951]","[0.4672, 0.5621]","[0.4695, 0.5383]"
"[0.4804, 0.4442]","[0.4987, 0.4987]","[0.5132, 0.56]","[0.521, 0.614]","[0.5308, 0.6635]","[0.5454, 0.5828]","[0.5492, 0.6688]","[0.5522, 0.7166]","[0.556, 0.76]","[0.5248, 0.5861]","[0.5092, 0.6572]","[0.4943, 0.7033]","[0.4826, 0.739]","[0.5045, 0.5821]","[0.4812, 0.6071]","[0.4739, 0.5652]","[0.475, 0.5343]","[0.4886, 0.5783]","[0.4724, 0.5953]","[0.4674, 0.5634]","[0.4697, 0.5401]"
"[0.4802, 0.4433]","[0.4986, 0.4952]","[0.513, 0.5558]","[0.5212, 0.6096]","[0.5303, 0.6605]","[0.5454, 0.5827]","[0.5489, 0.6685]","[0.5518, 0.7163]","[0.5553, 0.7601]","[0.5245, 0.5863]","[0.5092, 0.6568]","[0.4945, 0.7038]","[0.4829, 0.7406]","[0.5039, 0.5825]","[0.4809, 0.6069]","[0.4746, 0.5629]","[0.4766, 0.5314]","[0.488, 0.5789]","[0.472, 0.594]","[0.4675, 0.5599]","[0.4705, 0.5363]"
"[0.48, 0.4459]","[0.4978, 0.4972]","[0.5125, 0.5574]","[0.5205, 0.6118]","[0.5292, 0.6629]","[0.5447, 0.586]","[0.5488, 0.6703]","[0.5516, 0.717]","[0.555, 0.7603]","[0.5239, 0.5904]","[0.5093, 0.6609]","[0.4943, 0.7062]","[0.4823, 0.7413]","[0.5034, 0.587]","[0.4812, 0.6099]","[0.4748, 0.5666]","[0.4766, 0.5351]","[0.4875, 0.5835]","[0.472, 0.597]","[0.4673, 0.5634]","[0.4699, 0.54]"
"[0.48, 0.4454]","[0.4979, 0.4982]","[0.5121, 0.5582]","[0.5199, 0.6127]","[0.529, 0.6636]","[0.5447, 0.5866]","[0.5482, 0.6709]","[0.5509, 0.7178]","[0.5544, 0.7606]","[0.5236, 0.5894]","[0.5092, 0.6591]","[0.4941, 0.7052]","[0.4818, 0.7403]","[0.5027, 0.5843]","[0.481, 0.6096]","[0.4741, 0.566]","[0.4753, 0.534]","[0.4867, 0.5798]","[0.4717, 0.5965]","[0.4671, 0.5629]","[0.4693, 0.5386]"
"[0.48, 0.4452]","[0.498, 0.4967]","[0.5125, 0.5585]","[0.5206, 0.613]","[0.5297, 0.6639]","[0.5448, 0.5852]","[0.5485, 0.6699]","[0.5515, 0.7173]","[0.555, 0.7609]","[0.5243, 0.5885]","[0.5093, 0.658]","[0.4947, 0.705]","[0.4827, 0.7419]","[0.5044, 0.5843]","[0.4822, 0.61]","[0.4754, 0.5667]","[0.4769, 0.5355]","[0.489, 0.5807]","[0.4737, 0.5957]","[0.4689, 0.5623]","[0.4716, 0.5389]"
"[0.4811, 0.4471]","[0.5, 0.4966]","[0.514, 0.557]","[0.5214, 0.6146]","[0.5304, 0.6679]","[0.5451, 0.5879]","[0.5491, 0.6731]","[0.5521, 0.7199]","[0.5558, 0.7627]","[0.5238, 0.5913]","[0.5095, 0.6627]","[0.4943, 0.7092]","[0.4819, 0.7446]","[0.5029, 0.5864]","[0.4825, 0.6142]","[0.4767, 0.5707]","[0.4786, 0.5393]","[0.4862, 0.5821]","[0.4722, 0.6015]","[0.4688, 0.5676]","[0.4719, 0.5431]"
"[0.4817, 0.4481]","[0.4986, 0.5001]","[0.5123, 0.5608]","[0.5205, 0.6151]","[0.5299, 0.6664]","[0.545, 0.5868]","[0.5482, 0.6724]","[0.5514, 0.7201]","[0.5553, 0.7636]","[0.5246, 0.5902]","[0.5087, 0.6608]","[0.4936, 0.7075]","[0.4817, 0.7439]","[0.5046, 0.5859]","[0.4811, 0.6117]","[0.4743, 0.5689]","[0.4757, 0.5378]","[0.489, 0.5817]","[0.4728, 0.5985]","[0.4683, 0.5665]","[0.4709, 0.5435]"
"[0.4816, 0.4493]","[0.4992, 0.5024]","[0.513, 0.5627]","[0.5203, 0.6156]","[0.5299, 0.6657]","[0.5457, 0.5883]","[0.5491, 0.6732]","[0.5517, 0.7207]","[0.5548, 0.7644]","[0.5249, 0.5913]","[0.5096, 0.6613]","[0.4947, 0.7078]","[0.4826, 0.7439]","[0.5044, 0.5871]","[0.4817, 0.6127]","[0.4758, 0.5682]","[0.4779, 0.5361]","[0.4888, 0.5836]","[0.4729, 0.6]","[0.4689, 0.5654]","[0.4721, 0.5411]"
"[0.4816, 0.4482]","[0.4987, 0.5042]","[0.5123, 0.5646]","[0.52, 0.6167]","[0.5294, 0.6657]","[0.5459, 0.5868]","[0.5492, 0.6726]","[0.5523, 0.7206]","[0.5558, 0.7643]","[0.5258, 0.5891]","[0.5098, 0.6592]","[0.495, 0.7076]","[0.4831, 0.7452]","[0.5057, 0.5852]","[0.4818, 0.6102]","[0.4743, 0.5674]","[0.4751, 0.5356]","[0.4909, 0.5822]","[0.4743, 0.5959]","[0.4689, 0.5627]","[0.4707, 0.5391]"
"[0.4814, 0.4482]","[0.4995, 0.5015]","[0.5129, 0.5625]","[0.5202, 0.6166]","[0.5289, 0.6673]","[0.5459, 0.5889]","[0.5499, 0.6734]","[0.5529, 0.7206]","[0.5564, 0.7639]","[0.525, 0.5919]","[0.5098, 0.6626]","[0.4943, 0.7097]","[0.4819, 0.7449]","[0.5046, 0.5875]","[0.4824, 0.6133]","[0.4744, 0.5705]","[0.4747, 0.5385]","[0.4895, 0.5832]","[0.4732, 0.5971]","[0.4679, 0.563]","[0.4695, 0.5386]"
"[0.4805, 0.4477]","[0.4988, 0.501]","[0.5124, 0.5635]","[0.5198, 0.6195]","[0.5282, 0.6697]","[0.5454, 0.589]","[0.5493, 0.6737]","[0.5521, 0.7208]","[0.5555, 0.7641]","[0.5246, 0.5923]","[0.5098, 0.662]","[0.4947, 0.7096]","[0.4822, 0.7459]","[0.5043, 0.5882]","[0.4826, 0.614]","[0.4742, 0.5714]","[0.4738, 0.5393]","[0.489, 0.5843]","[0.4736, 0.5995]","[0.4679, 0.5656]","[0.4686, 0.5404]"
"[0.4796, 0.447]","[0.4983, 0.4995]","[0.5125, 0.5624]","[0.5205, 0.6179]","[0.5301, 0.6684]","[0.5453, 0.5882]","[0.5492, 0.6735]","[0.5521, 0.7208]","[0.5559, 0.7641]","[0.5245, 0.5918]","[0.5101, 0.6603]","[0.4952, 0.7079]","[0.4831, 0.7444]","[0.5042, 0.5877]","[0.4833, 0.6151]","[0.4744, 0.5729]","[0.4738, 0.5412]","[0.4887, 0.5838]","[0.4738, 0.5997]","[0.4681, 0.567]","[0.469, 0.5425]"
"[0.481, 0.4469]","[0.4993, 0.5015]","[0.5137, 0.5633]","[0.5216, 0.6169]","[0.5296, 0.6668]","[0.5455, 0.5894]","[0.5494, 0.6745]","[0.5526, 0.7217]","[0.5563, 0.7647]","[0.5249, 0.5925]","[0.5102, 0.6623]","[0.4952, 0.7094]","[0.4832, 0.7459]","[0.5047, 0.5881]","[0.4828, 0.6149]","[0.4747, 0.573]","[0.4751, 0.5416]","[0.4891, 0.5835]","[0.4732, 0.5986]","[0.4682, 0.567]","[0.4704, 0.5434]"
"[0.4808, 0.4453]","[0.4999, 0.4992]","[0.5145, 0.5616]","[0.5224, 0.6176]","[0.5303, 0.6689]","[0.5457, 0.5888]","[0.5496, 0.6737]","[0.5527, 0.7216]","[0.5564, 0.765]","[0.5248, 0.592]","[0.5102, 0.6612]","[0.4955, 0.7079]","[0.4838, 0.7442]","[0.5041, 0.5871]","[0.4831, 0.6142]","[0.4761, 0.573]","[0.4771, 0.5424]","[0.488, 0.582]","[0.4732, 0.6002]","[0.4691, 0.5689]","[0.4713, 0.5453]"
"[0.4826, 0.4477]","[0.4996, 0.5036]","[0.5143, 0.5665]","[0.5222, 0.6216]","[0.5318, 0.6721]","[0.5468, 0.5897]","[0.551, 0.6756]","[0.5543, 0.7236]","[0.5583, 0.767]","[0.5271, 0.5926]","[0.5116, 0.6628]","[0.4965, 0.709]","[0.4842, 0.7448]","[0.5077, 0.588]","[0.4837, 0.6114]","[0.4755, 0.5715]","[0.4761, 0.5429]","[0.4925, 0.5837]","[0.4756, 0.5979]","[0.4696, 0.5686]","[0.4712, 0.5479]"
"[0.4845, 0.4451]","[0.5024, 0.5001]","[0.5157, 0.562]","[0.5231, 0.6172]","[0.5318, 0.6687]","[0.5486, 0.5857]","[0.5516, 0.6736]","[0.5546, 0.7223]","[0.5585, 0.7662]","[0.5276, 0.5891]","[0.5124, 0.6599]","[0.4979, 0.7082]","[0.4865, 0.7451]","[0.5069, 0.5855]","[0.4845, 0.6123]","[0.4768, 0.5709]","[0.4773, 0.539]","[0.4909, 0.583]","[0.4757, 0.5997]","[0.4705, 0.5675]","[0.4721, 0.5433]"
"[0.4834, 0.4479]","[0.5029, 0.5008]","[0.5174, 0.5627]","[0.5247, 0.6186]","[0.5323, 0.6701]","[0.5477, 0.5898]","[0.5519, 0.6751]","[0.5552, 0.7225]","[0.5591, 0.7659]","[0.5264, 0.5937]","[0.5123, 0.6637]","[0.4976, 0.7113]","[0.4861, 0.7478]","[0.5059, 0.5896]","[0.4844, 0.6143]","[0.4767, 0.5728]","[0.4773, 0.5408]","[0.49, 0.5856]","[0.4746, 0.6012]","[0.4697, 0.569]","[0.4717, 0.5441]"
"[0.4843, 0.4476]","[0.5025, 0.5019]","[0.5169, 0.5655]","[0.5243, 0.6201]","[0.5338, 0.6706]","[0.5488, 0.589]","[0.5531, 0.6747]","[0.5563, 0.7233]","[0.5599, 0.7679]","[0.5283, 0.5929]","[0.5123, 0.6632]","[0.4973, 0.7101]","[0.4854, 0.7473]","[0.5084, 0.5891]","[0.4848, 0.6129]","[0.4775, 0.5702]","[0.4788, 0.5399]","[0.4929, 0.5853]","[0.4764, 0.6005]","[0.4714, 0.569]","[0.474, 0.5467]"
"[0.4845, 0.4505]","[0.5038, 0.5007]","[0.5189, 0.5627]","[0.5256, 0.6184]","[0.533, 0.6693]","[0.5488, 0.5912]","[0.5531, 0.6768]","[0.5558, 0.7239]","[0.5596, 0.7671]","[0.5277, 0.5948]","[0.5134, 0.6643]","[0.4979, 0.7102]","[0.4858, 0.7468]","[0.5071, 0.5906]","[0.4859, 0.617]","[0.4782, 0.5742]","[0.4788, 0.5428]","[0.4904, 0.5861]","[0.4757, 0.6038]","[0.4708, 0.5709]","[0.4727, 0.5471]"
"[0.4844, 0.4533]","[0.5029, 0.506]","[0.5175, 0.5664]","[0.5242, 0.6208]","[0.532, 0.6726]","[0.5485, 0.5948]","[0.5523, 0.68]","[0.5549, 0.7269]","[0.5583, 0.7703]","[0.5274, 0.5984]","[0.5128, 0.6695]","[0.4975, 0.7154]","[0.4854, 0.7509]","[0.5064, 0.594]","[0.4854, 0.6186]","[0.4786, 0.5754]","[0.48, 0.5441]","[0.49, 0.5901]","[0.4749, 0.6055]","[0.4707, 0.5719]","[0.4734, 0.5482]"
"[0.4839, 0.4527]","[0.5015, 0.5052]","[0.5155, 0.5667]","[0.5233, 0.6213]","[0.5316, 0.6738]","[0.5473, 0.5939]","[0.5508, 0.68]","[0.5537, 0.7283]","[0.5571, 0.7731]","[0.5266, 0.5974]","[0.5117, 0.6681]","[0.4962, 0.7152]","[0.4841, 0.7518]","[0.5061, 0.5932]","[0.4841, 0.6187]","[0.4765, 0.5757]","[0.4775, 0.5442]","[0.4903, 0.5896]","[0.4744, 0.6056]","[0.4694, 0.5724]","[0.4716, 0.5482]"
"[0.4839, 0.4528]","[0.5014, 0.5066]","[0.515, 0.5696]","[0.5228, 0.624]","[0.532, 0.674]","[0.5475, 0.5935]","[0.5514, 0.6797]","[0.5547, 0.7278]","[0.5585, 0.7721]","[0.5275, 0.5969]","[0.5118, 0.6669]","[0.4966, 0.7143]","[0.4846, 0.7512]","[0.5078, 0.5929]","[0.4847, 0.6184]","[0.4767, 0.577]","[0.4772, 0.5457]","[0.4927, 0.5893]","[0.476, 0.6046]","[0.4707, 0.5733]","[0.4725, 0.5501]"
"[0.4848, 0.454]","[0.5028, 0.5081]","[0.5164, 0.5698]","[0.5234, 0.6224]","[0.5322, 0.6732]","[0.5486, 0.5945]","[0.5519, 0.679]","[0.5548, 0.7265]","[0.5583, 0.7706]","[0.528, 0.5973]","[0.5129, 0.6673]","[0.4974, 0.7148]","[0.4851, 0.7519]","[0.5075, 0.5936]","[0.4851, 0.6193]","[0.4777, 0.5753]","[0.4791, 0.5443]","[0.4919, 0.5913]","[0.4757, 0.6062]","[0.4708, 0.5723]","[0.4734, 0.549]"
"[0.4843, 0.455]","[0.5014, 0.5066]","[0.5151, 0.5677]","[0.5228, 0.6214]","[0.532, 0.6728]","[0.5483, 0.5952]","[0.5517, 0.6804]","[0.5546, 0.7279]","[0.5584, 0.7721]","[0.5277, 0.5985]","[0.5126, 0.6694]","[0.4972, 0.7163]","[0.4851, 0.7531]","[0.5074, 0.5947]","[0.485, 0.6199]","[0.4776, 0.5757]","[0.4789, 0.5444]","[0.4918, 0.5919]","[0.4761, 0.6073]","[0.4711, 0.5732]","[0.4735, 0.5497]"
"[0.4842, 0.4552]","[0.5014, 0.508]","[0.5152, 0.5689]","[0.5231, 0.6219]","[0.533, 0.6732]","[0.5486, 0.5939]","[0.5517, 0.6795]","[0.5549, 0.7272]","[0.5589, 0.7714]","[0.5279, 0.5974]","[0.5125, 0.6666]","[0.4975, 0.7144]","[0.4856, 0.7518]","[0.5076, 0.5942]","[0.4847, 0.6182]","[0.4765, 0.5742]","[0.477, 0.5427]","[0.4925, 0.5926]","[0.4766, 0.6053]","[0.4708, 0.5715]","[0.4723, 0.5486]"
"[0.4846, 0.4524]","[0.5021, 0.5057]","[0.5156, 0.5661]","[0.5229, 0.6186]","[0.5317, 0.6706]","[0.5491, 0.5916]","[0.5516, 0.678]","[0.5549, 0.7261]","[0.559, 0.7703]","[0.5283, 0.5941]","[0.5129, 0.6654]","[0.4977, 0.7147]","[0.4858, 0.7527]","[0.5075, 0.5899]","[0.4848, 0.6188]","[0.4777, 0.5747]","[0.4789, 0.5428]","[0.4919, 0.5877]","[0.476, 0.6044]","[0.4712, 0.5703]","[0.4735, 0.5469]"
"[0.4845, 0.4523]","[0.5019, 0.505]","[0.5156, 0.5641]","[0.5234, 0.6167]","[0.5328, 0.6686]","[0.5491, 0.5921]","[0.5524, 0.6776]","[0.5556, 0.7253]","[0.5596, 0.769]","[0.5283, 0.5944]","[0.5136, 0.6653]","[0.4985, 0.7134]","[0.4862, 0.7502]","[0.5078, 0.59]","[0.4852, 0.6161]","[0.4776, 0.5715]","[0.4786, 0.5398]","[0.4926, 0.5875]","[0.477, 0.6027]","[0.4717, 0.5685]","[0.4739, 0.5449]"
"[0.4839, 0.4502]","[0.5018, 0.5042]","[0.5155, 0.5655]","[0.523, 0.62]","[0.5304, 0.6727]","[0.5488, 0.5917]","[0.5525, 0.677]","[0.5555, 0.7254]","[0.559, 0.7698]","[0.5281, 0.5942]","[0.5125, 0.666]","[0.4974, 0.7139]","[0.4857, 0.751]","[0.5077, 0.5894]","[0.4852, 0.6171]","[0.4784, 0.5746]","[0.48, 0.5437]","[0.4923, 0.5857]","[0.4756, 0.602]","[0.4711, 0.5693]","[0.4743, 0.5462]"
"[0.4838, 0.4504]","[0.5018, 0.5048]","[0.5157, 0.5652]","[0.5233, 0.6202]","[0.5313, 0.6718]","[0.548, 0.5921]","[0.5522, 0.6777]","[0.5552, 0.7254]","[0.5591, 0.7689]","[0.527, 0.5955]","[0.5123, 0.6679]","[0.4974, 0.7149]","[0.4857, 0.7509]","[0.5063, 0.591]","[0.4842, 0.6167]","[0.4771, 0.5744]","[0.4782, 0.5428]","[0.4903, 0.5867]","[0.4745, 0.603]","[0.4699, 0.5706]","[0.4723, 0.5466]"
"[0.4841, 0.4506]","[0.5017, 0.5048]","[0.5154, 0.5658]","[0.5232, 0.6195]","[0.5335, 0.6697]","[0.5475, 0.592]","[0.5516, 0.6772]","[0.5552, 0.7249]","[0.5594, 0.7687]","[0.5266, 0.5947]","[0.5119, 0.6635]","[0.4973, 0.7101]","[0.4852, 0.7457]","[0.5062, 0.5899]","[0.4843, 0.6156]","[0.4769, 0.5728]","[0.4773, 0.541]","[0.4907, 0.5859]","[0.4755, 0.6012]","[0.4704, 0.5687]","[0.4719, 0.5452]"
"[0.484, 0.4498]","[0.5013, 0.5029]","[0.5153, 0.5645]","[0.5234, 0.6199]","[0.5324, 0.6704]","[0.5479, 0.5889]","[0.5521, 0.6745]","[0.5557, 0.7229]","[0.56, 0.7671]","[0.5272, 0.593]","[0.5123, 0.663]","[0.4978, 0.7105]","[0.4865, 0.7478]","[0.5069, 0.5891]","[0.4845, 0.6142]","[0.4763, 0.5733]","[0.4763, 0.5419]","[0.4911, 0.5848]","[0.4757, 0.6009]","[0.4703, 0.5696]","[0.4714, 0.546]"
"[0.4846, 0.4522]","[0.5019, 0.5049]","[0.5157, 0.5659]","[0.5232, 0.6188]","[0.5323, 0.6694]","[0.5486, 0.5912]","[0.5525, 0.6775]","[0.5557, 0.7258]","[0.5593, 0.7702]","[0.528, 0.5947]","[0.513, 0.6647]","[0.4978, 0.7125]","[0.4856, 0.7487]","[0.508, 0.5917]","[0.4851, 0.6149]","[0.476, 0.5734]","[0.4759, 0.5428]","[0.4929, 0.5892]","[0.4763, 0.6011]","[0.4701, 0.5686]","[0.4714, 0.5455]"
"[0.4849, 0.4516]","[0.5021, 0.5045]","[0.5162, 0.5648]","[0.5243, 0.6193]","[0.5333, 0.6695]","[0.5487, 0.591]","[0.5525, 0.6766]","[0.5555, 0.7243]","[0.5592, 0.7682]","[0.528, 0.5951]","[0.5128, 0.6642]","[0.4976, 0.7122]","[0.4856, 0.7502]","[0.5077, 0.5913]","[0.4846, 0.6156]","[0.4764, 0.5739]","[0.4764, 0.542]","[0.4919, 0.5868]","[0.4757, 0.6006]","[0.4703, 0.5688]","[0.4718, 0.5453]"
"[0.4848, 0.4534]","[0.5022, 0.5057]","[0.5168, 0.5671]","[0.5247, 0.6203]","[0.5344, 0.6715]","[0.5491, 0.5931]","[0.5538, 0.6776]","[0.5573, 0.7257]","[0.5612, 0.7706]","[0.5289, 0.5971]","[0.514, 0.6673]","[0.4991, 0.7151]","[0.4869, 0.7527]","[0.5088, 0.5938]","[0.4857, 0.6176]","[0.4782, 0.5735]","[0.4792, 0.5425]","[0.4933, 0.5908]","[0.4764, 0.603]","[0.4714, 0.5686]","[0.474, 0.5456]"
"[0.4853, 0.4539]","[0.5013, 0.5077]","[0.5159, 0.5691]","[0.5247, 0.6219]","[0.5351, 0.6723]","[0.5496, 0.5914]","[0.5543, 0.678]","[0.5579, 0.7263]","[0.562, 0.7708]","[0.5299, 0.5952]","[0.5151, 0.6657]","[0.4997, 0.7131]","[0.4875, 0.7506]","[0.51, 0.5924]","[0.4874, 0.6179]","[0.4796, 0.5765]","[0.4807, 0.5465]","[0.4947, 0.5903]","[0.4783, 0.6046]","[0.4731, 0.5727]","[0.4755, 0.5504]"
"[0.4855, 0.451]","[0.5027, 0.5065]","[0.5168, 0.5674]","[0.5251, 0.6206]","[0.5349, 0.6709]","[0.5511, 0.5913]","[0.5551, 0.6776]","[0.5581, 0.7261]","[0.562, 0.7706]","[0.5306, 0.5952]","[0.5155, 0.6672]","[0.5002, 0.7147]","[0.4883, 0.7515]","[0.5097, 0.5912]","[0.4876, 0.6184]","[0.4801, 0.5758]","[0.4812, 0.5442]","[0.4935, 0.5869]","[0.4773, 0.6027]","[0.4723, 0.5701]","[0.4748, 0.5465]"
"[0.4871, 0.4501]","[0.5039, 0.5036]","[0.5177, 0.5654]","[0.5257, 0.6197]","[0.5349, 0.6711]","[0.5512, 0.5901]","[0.5552, 0.6775]","[0.5583, 0.7258]","[0.5624, 0.7699]","[0.5305, 0.5941]","[0.5151, 0.6669]","[0.4999, 0.7144]","[0.4881, 0.7515]","[0.5101, 0.5904]","[0.4881, 0.6168]","[0.4808, 0.5734]","[0.4818, 0.542]","[0.4942, 0.5872]","[0.4788, 0.6039]","[0.4738, 0.5709]","[0.4758, 0.5477]"
"[0.4874, 0.4488]","[0.5045, 0.501]","[0.5183, 0.5631]","[0.5261, 0.6184]","[0.5353, 0.6708]","[0.5517, 0.5892]","[0.5554, 0.6766]","[0.5587, 0.7254]","[0.5628, 0.7707]","[0.531, 0.5943]","[0.5151, 0.6659]","[0.5001, 0.7133]","[0.4884, 0.751]","[0.5104, 0.5916]","[0.488, 0.6176]","[0.4811, 0.5738]","[0.4822, 0.5422]","[0.4941, 0.5893]","[0.4787, 0.6047]","[0.4742, 0.571]","[0.4766, 0.5476]"
"[0.4888, 0.4494]","[0.5066, 0.5004]","[0.5202, 0.5638]","[0.5269, 0.6189]","[0.5362, 0.6715]","[0.5517, 0.5907]","[0.556, 0.6769]","[0.5602, 0.7257]","[0.565, 0.7707]","[0.531, 0.5944]","[0.5158, 0.6655]","[0.5014, 0.7133]","[0.4895, 0.7509]","[0.5106, 0.5901]","[0.4883, 0.6163]","[0.4819, 0.5718]","[0.4832, 0.5411]","[0.4947, 0.5869]","[0.4795, 0.6047]","[0.4752, 0.5713]","[0.4777, 0.5485]"
"[0.4881, 0.4502]","[0.5041, 0.5025]","[0.5174, 0.5643]","[0.5253, 0.6185]","[0.5353, 0.67]","[0.552, 0.5889]","[0.556, 0.677]","[0.5598, 0.7264]","[0.5643, 0.7725]","[0.5324, 0.5932]","[0.5162, 0.6659]","[0.5007, 0.7153]","[0.4885, 0.7539]","[0.5132, 0.5907]","[0.4898, 0.6166]","[0.4808, 0.5736]","[0.4804, 0.5422]","[0.4985, 0.5891]","[0.4811, 0.6017]","[0.4747, 0.5687]","[0.4759, 0.5459]"
"[0.4883, 0.4532]","[0.5038, 0.5041]","[0.517, 0.5651]","[0.5254, 0.6208]","[0.534, 0.6731]","[0.5511, 0.5918]","[0.5559, 0.6781]","[0.5595, 0.7271]","[0.5631, 0.7727]","[0.5315, 0.5968]","[0.5151, 0.668]","[0.4999, 0.7164]","[0.4881, 0.7544]","[0.5124, 0.5945]","[0.4882, 0.6172]","[0.4797, 0.5751]","[0.4797, 0.5433]","[0.4981, 0.5915]","[0.4799, 0.6012]","[0.4739, 0.5693]","[0.4754, 0.5466]"
"[0.4882, 0.4554]","[0.5046, 0.5061]","[0.5181, 0.5666]","[0.5257, 0.6208]","[0.5338, 0.6736]","[0.5511, 0.5919]","[0.5558, 0.6772]","[0.5593, 0.7262]","[0.5627, 0.7721]","[0.531, 0.5964]","[0.5149, 0.6663]","[0.4996, 0.7152]","[0.4874, 0.7534]","[0.5113, 0.594]","[0.4881, 0.618]","[0.4797, 0.5756]","[0.4798, 0.5448]","[0.4968, 0.5921]","[0.479, 0.6028]","[0.4734, 0.5699]","[0.4753, 0.5473]"
"[0.4879, 0.4558]","[0.5032, 0.5058]","[0.5163, 0.5657]","[0.5239, 0.6198]","[0.5325, 0.6724]","[0.5509, 0.5922]","[0.555, 0.6781]","[0.5583, 0.7268]","[0.5619, 0.7727]","[0.5308, 0.5973]","[0.5143, 0.6664]","[0.499, 0.7145]","[0.487, 0.7524]","[0.5111, 0.5957]","[0.4876, 0.6178]","[0.4799, 0.5728]","[0.4805, 0.541]","[0.4967, 0.5948]","[0.4791, 0.603]","[0.4737, 0.5672]","[0.4758, 0.5441]"
"[0.4876, 0.4557]","[0.5034, 0.5065]","[0.5165, 0.5675]","[0.5238, 0.621]","[0.5307, 0.6736]","[0.5515, 0.592]","[0.5556, 0.6773]","[0.5595, 0.7262]","[0.5632, 0.772]","[0.531, 0.5956]","[0.5145, 0.6661]","[0.4993, 0.7155]","[0.487, 0.7538]","[0.5109, 0.5931]","[0.488, 0.6171]","[0.4795, 0.5732]","[0.4791, 0.5416]","[0.4967, 0.5917]","[0.4797, 0.6008]","[0.4738, 0.5656]","[0.475, 0.5423]"
"[0.4881, 0.4518]","[0.5041, 0.5038]","[0.5171, 0.5654]","[0.5244, 0.6188]","[0.5326, 0.6708]","[0.551, 0.5876]","[0.5557, 0.6747]","[0.5596, 0.7247]","[0.5637, 0.7714]","[0.5311, 0.5917]","[0.5144, 0.6624]","[0.4994, 0.7129]","[0.4878, 0.7529]","[0.5114, 0.5893]","[0.4879, 0.6139]","[0.4799, 0.572]","[0.4801, 0.5413]","[0.497, 0.5878]","[0.4793, 0.5989]","[0.4736, 0.5663]","[0.4752, 0.5446]"
"[0.4887, 0.4533]","[0.505, 0.5044]","[0.5183, 0.5656]","[0.5258, 0.6193]","[0.5344, 0.6716]","[0.5511, 0.5892]","[0.5561, 0.6758]","[0.56, 0.7255]","[0.5641, 0.7718]","[0.5311, 0.5935]","[0.5146, 0.6634]","[0.4996, 0.7131]","[0.4881, 0.7525]","[0.5115, 0.5915]","[0.4876, 0.6135]","[0.479, 0.5712]","[0.4791, 0.5404]","[0.4972, 0.5902]","[0.479, 0.5995]","[0.4733, 0.5664]","[0.4749, 0.5441]"
"[0.4893, 0.4538]","[0.5052, 0.5045]","[0.5179, 0.566]","[0.5254, 0.6202]","[0.5347, 0.6709]","[0.5514, 0.5886]","[0.5561, 0.6763]","[0.5602, 0.7254]","[0.565, 0.771]","[0.5318, 0.5933]","[0.516, 0.6653]","[0.5007, 0.7154]","[0.4887, 0.7542]","[0.5125, 0.5916]","[0.4893, 0.6156]","[0.4808, 0.5727]","[0.4804, 0.5405]","[0.4982, 0.5908]","[0.4811, 0.6019]","[0.4749, 0.5679]","[0.4756, 0.5441]"
"[0.4905, 0.4544]","[0.5057, 0.5058]","[0.5189, 0.5675]","[0.5264, 0.621]","[0.5351, 0.6728]","[0.5531, 0.5886]","[0.5572, 0.6768]","[0.5609, 0.7256]","[0.5652, 0.7713]","[0.5331, 0.5925]","[0.5174, 0.6642]","[0.5019, 0.7132]","[0.4898, 0.7519]","[0.5134, 0.5912]","[0.4906, 0.6166]","[0.4824, 0.5729]","[0.4827, 0.5413]","[0.4987, 0.5915]","[0.4816, 0.6029]","[0.4759, 0.567]","[0.4776, 0.5434]"
"[0.4903, 0.4545]","[0.5062, 0.5059]","[0.5193, 0.566]","[0.5267, 0.6194]","[0.5354, 0.6721]","[0.5538, 0.5892]","[0.5576, 0.6768]","[0.5613, 0.7261]","[0.5653, 0.7724]","[0.5333, 0.5933]","[0.5166, 0.6652]","[0.5018, 0.7154]","[0.4902, 0.755]","[0.5128, 0.5907]","[0.4891, 0.6151]","[0.4824, 0.5715]","[0.484, 0.5406]","[0.4975, 0.5894]","[0.4794, 0.6002]","[0.4752, 0.5651]","[0.4783, 0.5426]"
"[0.4893, 0.4502]","[0.5099, 0.5016]","[0.523, 0.5654]","[0.5286, 0.6224]","[0.5336, 0.6772]","[0.551, 0.5854]","[0.5552, 0.6757]","[0.5594, 0.726]","[0.563, 0.772]","[0.5293, 0.5887]","[0.514, 0.663]","[0.5001, 0.7147]","[0.488, 0.7543]","[0.5078, 0.5854]","[0.4881, 0.6235]","[0.485, 0.585]","[0.4871, 0.5531]","[0.4917, 0.5842]","[0.4791, 0.6083]","[0.4768, 0.5788]","[0.4794, 0.5563]"
"[0.4885, 0.4586]","[0.5057, 0.5069]","[0.5188, 0.5681]","[0.5246, 0.6236]","[0.5326, 0.6772]","[0.5502, 0.5962]","[0.5548, 0.6833]","[0.5584, 0.7318]","[0.5625, 0.7767]","[0.5299, 0.5999]","[0.5148, 0.673]","[0.4994, 0.7226]","[0.4871, 0.7601]","[0.5102, 0.5965]","[0.4881, 0.6202]","[0.4798, 0.5783]","[0.4805, 0.5483]","[0.4954, 0.5953]","[0.4785, 0.6086]","[0.4729, 0.5755]","[0.4752, 0.5528]"
"[0.487, 0.4563]","[0.5038, 0.5095]","[0.518, 0.5708]","[0.5257, 0.625]","[0.5338, 0.6777]","[0.5512, 0.5965]","[0.5552, 0.6828]","[0.5589, 0.7314]","[0.5633, 0.7763]","[0.5306, 0.5997]","[0.515, 0.6717]","[0.5001, 0.7194]","[0.4883, 0.7567]","[0.5098, 0.5955]","[0.4873, 0.6226]","[0.4805, 0.5798]","[0.4819, 0.5491]","[0.4941, 0.5926]","[0.4775, 0.6074]","[0.473, 0.5736]","[0.4755, 0.551]"
"[0.4877, 0.455]","[0.5053, 0.5087]","[0.5188, 0.5704]","[0.526, 0.626]","[0.5336, 0.6786]","[0.5509, 0.5951]","[0.5548, 0.6821]","[0.5586, 0.7299]","[0.5633, 0.7738]","[0.5298, 0.5984]","[0.5149, 0.6707]","[0.5, 0.7185]","[0.4883, 0.7562]","[0.5087, 0.594]","[0.4864, 0.622]","[0.4808, 0.5799]","[0.4828, 0.549]","[0.4924, 0.5904]","[0.4764, 0.6066]","[0.4731, 0.5736]","[0.4766, 0.5506]"
"[0.4872, 0.4551]","[0.5045, 0.5091]","[0.5184, 0.5711]","[0.5258, 0.6253]","[0.5346, 0.6764]","[0.5511, 0.594]","[0.5549, 0.6821]","[0.559, 0.7305]","[0.5638, 0.775]","[0.5308, 0.5964]","[0.5153, 0.6687]","[0.5004, 0.7179]","[0.4883, 0.7563]","[0.5105, 0.5918]","[0.4876, 0.6194]","[0.4805, 0.5783]","[0.4816, 0.5482]","[0.4951, 0.5892]","[0.4785, 0.6054]","[0.4739, 0.5729]","[0.4764, 0.5502]"
"[0.4872, 0.4528]","[0.5045, 0.5077]","[0.5185, 0.5697]","[0.5264, 0.624]","[0.5352, 0.6758]","[0.552, 0.5924]","[0.5561, 0.6793]","[0.5596, 0.7271]","[0.5639, 0.7711]","[0.531, 0.5952]","[0.5165, 0.6677]","[0.5014, 0.7162]","[0.4892, 0.754]","[0.5099, 0.5909]","[0.4881, 0.6205]","[0.482, 0.5784]","[0.4838, 0.5471]","[0.4937, 0.5878]","[0.4783, 0.6061]","[0.4745, 0.5727]","[0.4775, 0.5489]"
"[0.4864, 0.452]","[0.5043, 0.5052]","[0.5189, 0.5672]","[0.5271, 0.6225]","[0.5363, 0.6742]","[0.5521, 0.5941]","[0.5572, 0.6792]","[0.5613, 0.727]","[0.5658, 0.7711]","[0.5313, 0.5973]","[0.5174, 0.669]","[0.5028, 0.7169]","[0.4908, 0.7547]","[0.5106, 0.5924]","[0.4889, 0.6193]","[0.4828, 0.5765]","[0.4845, 0.5459]","[0.4948, 0.588]","[0.479, 0.6053]","[0.4748, 0.5717]","[0.4779, 0.5482]"
"[0.4865, 0.452]","[0.5035, 0.5045]","[0.5182, 0.5657]","[0.5268, 0.6205]","[0.5368, 0.6708]","[0.5516, 0.5922]","[0.5567, 0.6783]","[0.5603, 0.7258]","[0.5648, 0.77]","[0.5316, 0.5976]","[0.5171, 0.6686]","[0.5019, 0.7156]","[0.4899, 0.7534]","[0.5116, 0.5951]","[0.4882, 0.6186]","[0.4806, 0.5748]","[0.4813, 0.543]","[0.4959, 0.592]","[0.479, 0.6046]","[0.4735, 0.5707]","[0.4755, 0.5476]"
"[0.486, 0.451]","[0.5038, 0.5037]","[0.5182, 0.5652]","[0.5266, 0.6208]","[0.5358, 0.6723]","[0.5521, 0.5916]","[0.5568, 0.6774]","[0.5605, 0.7249]","[0.5651, 0.7687]","[0.5314, 0.5956]","[0.5176, 0.6677]","[0.5027, 0.7156]","[0.4909, 0.7528]","[0.5109, 0.5918]","[0.4894, 0.6191]","[0.4811, 0.5761]","[0.4813, 0.5443]","[0.4952, 0.5883]","[0.4799, 0.6054]","[0.4742, 0.5723]","[0.4756, 0.5482]"
"[0.4878, 0.4496]","[0.5052, 0.5032]","[0.5194, 0.565]","[0.5272, 0.6183]","[0.5354, 0.6705]","[0.5523, 0.5887]","[0.5567, 0.6757]","[0.5607, 0.7243]","[0.5652, 0.769]","[0.532, 0.5912]","[0.5174, 0.6631]","[0.5025, 0.7127]","[0.4903, 0.7517]","[0.5117, 0.5875]","[0.4888, 0.6147]","[0.4814, 0.5716]","[0.4828, 0.541]","[0.4964, 0.5856]","[0.4798, 0.6011]","[0.475, 0.5675]","[0.4779, 0.5451]"
"[0.489, 0.4483]","[0.507, 0.5004]","[0.5208, 0.5615]","[0.5285, 0.6168]","[0.5376, 0.6686]","[0.5523, 0.5853]","[0.5564, 0.674]","[0.5607, 0.7229]","[0.5655, 0.7677]","[0.5313, 0.5895]","[0.5172, 0.6629]","[0.5024, 0.7128]","[0.4903, 0.7522]","[0.5105, 0.5864]","[0.4884, 0.6167]","[0.4819, 0.5749]","[0.4829, 0.5428]","[0.4941, 0.5837]","[0.4788, 0.6024]","[0.4749, 0.5704]","[0.4775, 0.5469]"
"[0.488, 0.4516]","[0.5052, 0.5015]","[0.519, 0.5617]","[0.5271, 0.6169]","[0.5374, 0.6689]","[0.5525, 0.5894]","[0.5573, 0.6773]","[0.5617, 0.7255]","[0.5669, 0.7696]","[0.5319, 0.5933]","[0.518, 0.6671]","[0.5031, 0.7167]","[0.4913, 0.7545]","[0.5118, 0.5898]","[0.4902, 0.6168]","[0.4817, 0.5746]","[0.4819, 0.5435]","[0.4967, 0.588]","[0.4811, 0.6047]","[0.4754, 0.5716]","[0.4769, 0.5478]"
"[0.488, 0.4487]","[0.5052, 0.5028]","[0.5193, 0.5639]","[0.5273, 0.6178]","[0.5373, 0.6687]","[0.5535, 0.5854]","[0.5582, 0.6733]","[0.5626, 0.7221]","[0.5678, 0.7669]","[0.5327, 0.5893]","[0.5188, 0.6615]","[0.5042, 0.7124]","[0.4924, 0.7522]","[0.5121, 0.5866]","[0.4897, 0.6148]","[0.4814, 0.5732]","[0.4814, 0.5417]","[0.4966, 0.5854]","[0.4807, 0.6023]","[0.4752, 0.5694]","[0.4766, 0.5459]"
"[0.4896, 0.4506]","[0.5073, 0.5018]","[0.521, 0.5622]","[0.5287, 0.617]","[0.5384, 0.6683]","[0.5534, 0.5873]","[0.5584, 0.6746]","[0.5622, 0.723]","[0.5668, 0.7681]","[0.5326, 0.5937]","[0.5186, 0.6674]","[0.504, 0.7159]","[0.4924, 0.7542]","[0.512, 0.5919]","[0.4893, 0.6186]","[0.4837, 0.5749]","[0.4861, 0.5427]","[0.4958, 0.5897]","[0.4792, 0.6042]","[0.4756, 0.5696]","[0.4791, 0.5454]"
"[0.4884, 0.4501]","[0.5055, 0.5027]","[0.5191, 0.565]","[0.5269, 0.6214]","[0.5375, 0.6739]","[0.5536, 0.5893]","[0.5586, 0.6765]","[0.5627, 0.725]","[0.5677, 0.7689]","[0.5329, 0.5919]","[0.5191, 0.6665]","[0.5043, 0.7156]","[0.4924, 0.7528]","[0.5123, 0.587]","[0.4902, 0.6168]","[0.4834, 0.5758]","[0.4852, 0.546]","[0.4965, 0.5839]","[0.48, 0.6049]","[0.4759, 0.5712]","[0.4791, 0.547]"
"[0.4883, 0.4481]","[0.5057, 0.501]","[0.5198, 0.5636]","[0.5281, 0.6197]","[0.5379, 0.6722]","[0.5542, 0.5864]","[0.5589, 0.6746]","[0.5626, 0.7243]","[0.5674, 0.7688]","[0.5333, 0.59]","[0.5195, 0.6656]","[0.5045, 0.7139]","[0.493, 0.7509]","[0.5123, 0.586]","[0.4912, 0.6174]","[0.4845, 0.5773]","[0.4867, 0.5478]","[0.4959, 0.5829]","[0.4805, 0.606]","[0.4762, 0.5741]","[0.4795, 0.5507]"
"[0.4885, 0.4481]","[0.5071, 0.4995]","[0.5213, 0.56]","[0.529, 0.6171]","[0.5386, 0.6694]","[0.5543, 0.5865]","[0.5589, 0.6746]","[0.5627, 0.7234]","[0.5675, 0.7673]","[0.5326, 0.5917]","[0.5193, 0.6675]","[0.5048, 0.7164]","[0.4932, 0.7536]","[0.5114, 0.5886]","[0.4906, 0.6187]","[0.484, 0.5766]","[0.4851, 0.5448]","[0.4948, 0.5857]","[0.4807, 0.6059]","[0.4767, 0.573]","[0.4792, 0.5485]"
"[0.4882, 0.4493]","[0.5062, 0.5009]","[0.5205, 0.5619]","[0.5287, 0.6179]","[0.5392, 0.6693]","[0.5538, 0.5889]","[0.5592, 0.6771]","[0.5633, 0.7253]","[0.5683, 0.7696]","[0.5331, 0.5938]","[0.5195, 0.6688]","[0.5049, 0.7174]","[0.493, 0.7546]","[0.5128, 0.5909]","[0.4912, 0.6182]","[0.484, 0.5751]","[0.4849, 0.5432]","[0.4972, 0.5886]","[0.4815, 0.6043]","[0.4767, 0.5702]","[0.479, 0.5457]"
"[0.4885, 0.45]","[0.5066, 0.5023]","[0.5212, 0.5627]","[0.5294, 0.6178]","[0.5391, 0.6695]","[0.5541, 0.59]","[0.5592, 0.677]","[0.5631, 0.725]","[0.5677, 0.7691]","[0.5335, 0.5947]","[0.5197, 0.6683]","[0.5052, 0.7164]","[0.4934, 0.7534]","[0.513, 0.592]","[0.491, 0.6188]","[0.4833, 0.5753]","[0.4837, 0.5432]","[0.4971, 0.5897]","[0.4816, 0.6043]","[0.4763, 0.5707]","[0.4782, 0.5474]"
"[0.4885, 0.4485]","[0.5072, 0.5007]","[0.5214, 0.5619]","[0.529, 0.6179]","[0.5382, 0.6706]","[0.5542, 0.5889]","[0.5594, 0.6771]","[0.5636, 0.7256]","[0.5685, 0.7696]","[0.5327, 0.5937]","[0.5197, 0.6685]","[0.5057, 0.7173]","[0.4944, 0.754]","[0.5116, 0.5906]","[0.4915, 0.6202]","[0.4846, 0.5768]","[0.4857, 0.5446]","[0.4952, 0.5885]","[0.4811, 0.6071]","[0.4767, 0.5728]","[0.4792, 0.5482]"
"[0.4881, 0.4478]","[0.5066, 0.4999]","[0.5211, 0.5634]","[0.5292, 0.6181]","[0.5398, 0.6695]","[0.5539, 0.5892]","[0.5591, 0.677]","[0.5632, 0.7255]","[0.5681, 0.77]","[0.5331, 0.5939]","[0.5197, 0.6674]","[0.5051, 0.7166]","[0.4933, 0.7542]","[0.5129, 0.591]","[0.4918, 0.6186]","[0.4842, 0.5754]","[0.4854, 0.5444]","[0.4972, 0.5891]","[0.4819, 0.6061]","[0.4769, 0.5723]","[0.4796, 0.5487]"
"[0.4888, 0.4499]","[0.5063, 0.5011]","[0.5202, 0.5632]","[0.5284, 0.6182]","[0.5395, 0.6699]","[0.5546, 0.5894]","[0.5598, 0.6772]","[0.5637, 0.7258]","[0.5683, 0.7704]","[0.5336, 0.5943]","[0.5199, 0.6681]","[0.5053, 0.7172]","[0.4934, 0.7546]","[0.5131, 0.592]","[0.4918, 0.6187]","[0.4841, 0.5739]","[0.4849, 0.542]","[0.4978, 0.5909]","[0.4823, 0.6063]","[0.477, 0.5706]","[0.4792, 0.5461]"
"[0.4897, 0.4522]","[0.5074, 0.5033]","[0.5211, 0.5641]","[0.5287, 0.6185]","[0.5381, 0.6703]","[0.5543, 0.5925]","[0.5591, 0.6789]","[0.5626, 0.7266]","[0.5667, 0.7708]","[0.5328, 0.5971]","[0.5191, 0.6694]","[0.5045, 0.7166]","[0.4927, 0.7526]","[0.512, 0.5943]","[0.4908, 0.6196]","[0.4836, 0.5749]","[0.4848, 0.5429]","[0.4963, 0.5918]","[0.4805, 0.606]","[0.4757, 0.5705]","[0.4783, 0.546]"
"[0.489, 0.4544]","[0.507, 0.5043]","[0.521, 0.5655]","[0.5284, 0.6208]","[0.5384, 0.6738]","[0.5537, 0.5933]","[0.5588, 0.6802]","[0.5629, 0.7287]","[0.5676, 0.7735]","[0.5322, 0.598]","[0.5182, 0.6702]","[0.5036, 0.7191]","[0.492, 0.7568]","[0.5113, 0.5952]","[0.4907, 0.6191]","[0.4835, 0.5736]","[0.4846, 0.542]","[0.4956, 0.5942]","[0.4803, 0.6075]","[0.4758, 0.571]","[0.4785, 0.5468]"
"[0.489, 0.4525]","[0.5061, 0.5067]","[0.52, 0.5676]","[0.5281, 0.6209]","[0.539, 0.6697]","[0.5542, 0.5907]","[0.5589, 0.678]","[0.563, 0.7267]","[0.5679, 0.771]","[0.5339, 0.5956]","[0.519, 0.6693]","[0.5045, 0.718]","[0.493, 0.7558]","[0.5136, 0.5926]","[0.4903, 0.6177]","[0.4831, 0.5746]","[0.4841, 0.5429]","[0.4977, 0.5895]","[0.481, 0.6044]","[0.4763, 0.5708]","[0.4788, 0.547]"
"[0.491, 0.4506]","[0.5078, 0.5035]","[0.5211, 0.5639]","[0.5293, 0.6182]","[0.5399, 0.6681]","[0.5552, 0.5866]","[0.5597, 0.6737]","[0.5634, 0.7231]","[0.5681, 0.7681]","[0.5347, 0.5922]","[0.5199, 0.6669]","[0.5052, 0.7153]","[0.494, 0.7534]","[0.5139, 0.59]","[0.4903, 0.6162]","[0.4834, 0.5735]","[0.4849, 0.5422]","[0.4976, 0.5873]","[0.4814, 0.6044]","[0.4766, 0.5714]","[0.4789, 0.548]"
"[0.4895, 0.4498]","[0.5067, 0.5011]","[0.5207, 0.5633]","[0.5298, 0.6197]","[0.5415, 0.6711]","[0.5554, 0.5904]","[0.5604, 0.6768]","[0.5643, 0.7249]","[0.5691, 0.769]","[0.5349, 0.5939]","[0.5212, 0.6679]","[0.5069, 0.717]","[0.4951, 0.7547]","[0.5144, 0.5895]","[0.4932, 0.6188]","[0.4853, 0.5769]","[0.4855, 0.5463]","[0.4988, 0.5859]","[0.4836, 0.6062]","[0.4783, 0.5726]","[0.4798, 0.5478]"
"[0.4908, 0.4504]","[0.5084, 0.5012]","[0.5222, 0.5635]","[0.5302, 0.6208]","[0.5409, 0.6744]","[0.5562, 0.5904]","[0.561, 0.6791]","[0.5649, 0.7281]","[0.5694, 0.7731]","[0.5357, 0.5946]","[0.5217, 0.6705]","[0.5068, 0.7197]","[0.4945, 0.7575]","[0.515, 0.5912]","[0.4937, 0.6238]","[0.488, 0.5804]","[0.4905, 0.5492]","[0.4987, 0.5891]","[0.4829, 0.6089]","[0.4796, 0.5739]","[0.4836, 0.5496]"
"[0.4911, 0.4499]","[0.5086, 0.5023]","[0.5222, 0.5656]","[0.5308, 0.6231]","[0.5411, 0.677]","[0.5554, 0.5911]","[0.5609, 0.6795]","[0.5656, 0.7291]","[0.5708, 0.7742]","[0.5347, 0.5955]","[0.5217, 0.6705]","[0.5076, 0.7218]","[0.4958, 0.7609]","[0.5144, 0.5921]","[0.4934, 0.6226]","[0.4858, 0.5808]","[0.4864, 0.5496]","[0.4991, 0.5906]","[0.4843, 0.6105]","[0.4792, 0.578]","[0.481, 0.5544]"
"[0.4927, 0.4551]","[0.5108, 0.507]","[0.5244, 0.5706]","[0.5322, 0.6281]","[0.5439, 0.6801]","[0.5578, 0.5956]","[0.5631, 0.6851]","[0.5676, 0.7339]","[0.5726, 0.7782]","[0.5373, 0.5989]","[0.5246, 0.6733]","[0.5107, 0.7245]","[0.4986, 0.763]","[0.5172, 0.5949]","[0.4954, 0.6222]","[0.4865, 0.5806]","[0.4863, 0.5495]","[0.502, 0.593]","[0.4864, 0.6117]","[0.4801, 0.58]","[0.4812, 0.5561]"
"[0.4928, 0.4565]","[0.5111, 0.5055]","[0.525, 0.5678]","[0.5335, 0.6265]","[0.5442, 0.6796]","[0.5583, 0.5981]","[0.5638, 0.6868]","[0.5683, 0.7354]","[0.5738, 0.7795]","[0.5374, 0.6031]","[0.5253, 0.6767]","[0.5109, 0.7268]","[0.4993, 0.7646]","[0.5171, 0.5997]","[0.4971, 0.6286]","[0.4874, 0.5868]","[0.4865, 0.5546]","[0.5014, 0.597]","[0.4872, 0.6175]","[0.4808, 0.5848]","[0.4812, 0.559]"
"[0.4962, 0.4588]","[0.5144, 0.5129]","[0.5282, 0.5759]","[0.5358, 0.6311]","[0.5464, 0.6831]","[0.5611, 0.6001]","[0.5659, 0.688]","[0.5705, 0.7368]","[0.5754, 0.7817]","[0.5403, 0.6034]","[0.5257, 0.676]","[0.5119, 0.7267]","[0.5, 0.7662]","[0.5199, 0.5993]","[0.4969, 0.6262]","[0.4904, 0.5832]","[0.4918, 0.5527]","[0.5042, 0.5973]","[0.4878, 0.6146]","[0.4836, 0.5811]","[0.4866, 0.5579]"
"[0.4967, 0.4587]","[0.5146, 0.5115]","[0.5284, 0.5744]","[0.5362, 0.6304]","[0.5467, 0.6831]","[0.5619, 0.5973]","[0.5669, 0.687]","[0.5715, 0.7368]","[0.5767, 0.782]","[0.5409, 0.6022]","[0.5271, 0.6766]","[0.5129, 0.7274]","[0.5012, 0.7663]","[0.5203, 0.5995]","[0.4991, 0.6279]","[0.4919, 0.5863]","[0.4928, 0.5554]","[0.5045, 0.5986]","[0.4895, 0.6174]","[0.4847, 0.5843]","[0.4868, 0.5606]"
"[0.4968, 0.4596]","[0.5142, 0.5109]","[0.5281, 0.5724]","[0.5367, 0.6284]","[0.5473, 0.6805]","[0.5622, 0.599]","[0.5678, 0.6878]","[0.5722, 0.7367]","[0.5776, 0.7816]","[0.5413, 0.6044]","[0.5281, 0.6776]","[0.5136, 0.7274]","[0.5022, 0.7654]","[0.521, 0.6018]","[0.5006, 0.6297]","[0.4914, 0.5886]","[0.4909, 0.5571]","[0.5055, 0.6]","[0.4905, 0.6181]","[0.4846, 0.5854]","[0.4857, 0.5604]"
"[0.4972, 0.4597]","[0.5149, 0.5113]","[0.5288, 0.5721]","[0.537, 0.6275]","[0.5481, 0.6789]","[0.5632, 0.5982]","[0.5681, 0.6875]","[0.5725, 0.7366]","[0.578, 0.7815]","[0.542, 0.6032]","[0.5282, 0.6776]","[0.5138, 0.7274]","[0.5023, 0.766]","[0.5214, 0.6002]","[0.4994, 0.628]","[0.4919, 0.5847]","[0.4928, 0.5532]","[0.5054, 0.5981]","[0.4898, 0.6161]","[0.4851, 0.5821]","[0.4876, 0.5581]"
"[0.4986, 0.4592]","[0.5158, 0.5131]","[0.5297, 0.5736]","[0.5383, 0.6287]","[0.5492, 0.68]","[0.5638, 0.5984]","[0.5687, 0.6868]","[0.573, 0.7359]","[0.5784, 0.7806]","[0.5423, 0.6034]","[0.5287, 0.6773]","[0.5148, 0.7262]","[0.5038, 0.7644]","[0.5212, 0.6001]","[0.4996, 0.6282]","[0.4923, 0.5842]","[0.4931, 0.5515]","[0.5047, 0.5969]","[0.4899, 0.6157]","[0.4854, 0.5825]","[0.4876, 0.5578]"
"[0.4981, 0.4607]","[0.5152, 0.5125]","[0.5296, 0.5737]","[0.5384, 0.6293]","[0.5503, 0.6801]","[0.5636, 0.5991]","[0.569, 0.6874]","[0.5735, 0.736]","[0.579, 0.781]","[0.5425, 0.6048]","[0.5282, 0.6782]","[0.5142, 0.7268]","[0.5033, 0.7653]","[0.522, 0.6025]","[0.5, 0.6285]","[0.4924, 0.5846]","[0.493, 0.5526]","[0.506, 0.6006]","[0.4904, 0.6153]","[0.4856, 0.5805]","[0.4878, 0.5561]"
"[0.4984, 0.4606]","[0.5155, 0.5135]","[0.53, 0.5745]","[0.5387, 0.6281]","[0.5497, 0.6796]","[0.5635, 0.5985]","[0.5691, 0.6856]","[0.5732, 0.7348]","[0.5779, 0.7804]","[0.5431, 0.604]","[0.5291, 0.6768]","[0.5146, 0.7263]","[0.503, 0.7645]","[0.5229, 0.6023]","[0.5009, 0.6283]","[0.4916, 0.5852]","[0.4907, 0.5532]","[0.5075, 0.6018]","[0.4914, 0.615]","[0.4849, 0.5813]","[0.4853, 0.5576]"
"[0.4981, 0.4606]","[0.5143, 0.5116]","[0.5289, 0.5718]","[0.538, 0.6251]","[0.5497, 0.6768]","[0.5637, 0.6015]","[0.5694, 0.6877]","[0.5737, 0.7362]","[0.5783, 0.7813]","[0.5433, 0.6057]","[0.529, 0.6777]","[0.5146, 0.7254]","[0.5029, 0.7625]","[0.5231, 0.6026]","[0.5001, 0.6286]","[0.4925, 0.5842]","[0.4939, 0.5529]","[0.5077, 0.6006]","[0.4901, 0.6131]","[0.4853, 0.5779]","[0.4886, 0.5547]"
"[0.4974, 0.4593]","[0.5148, 0.5119]","[0.5293, 0.5719]","[0.5382, 0.6262]","[0.5489, 0.6779]","[0.5632, 0.6003]","[0.5692, 0.6865]","[0.5734, 0.7353]","[0.578, 0.7805]","[0.5422, 0.6052]","[0.5285, 0.6757]","[0.5145, 0.7245]","[0.503, 0.7619]","[0.5216, 0.6022]","[0.4999, 0.6275]","[0.4916, 0.5847]","[0.4914, 0.5523]","[0.5058, 0.5998]","[0.4901, 0.613]","[0.4844, 0.5788]","[0.4855, 0.5545]"
"[0.4968, 0.4584]","[0.5137, 0.5108]","[0.5286, 0.5718]","[0.538, 0.6269]","[0.5482, 0.6789]","[0.5631, 0.5982]","[0.5689, 0.6848]","[0.5731, 0.7337]","[0.5778, 0.7793]","[0.5428, 0.603]","[0.5292, 0.6749]","[0.5149, 0.7245]","[0.5033, 0.7637]","[0.5226, 0.6004]","[0.5002, 0.6264]","[0.492, 0.5829]","[0.4921, 0.5509]","[0.5071, 0.5987]","[0.4904, 0.6123]","[0.4847, 0.578]","[0.4864, 0.5542]"
"[0.4975, 0.4601]","[0.5147, 0.5115]","[0.5293, 0.5709]","[0.5377, 0.626]","[0.5467, 0.6784]","[0.5631, 0.5993]","[0.5686, 0.6859]","[0.5726, 0.7337]","[0.5773, 0.7783]","[0.542, 0.6039]","[0.5286, 0.6762]","[0.5144, 0.724]","[0.5031, 0.7622]","[0.521, 0.601]","[0.4994, 0.6288]","[0.4928, 0.5848]","[0.4942, 0.5528]","[0.5047, 0.5986]","[0.4894, 0.6131]","[0.4854, 0.578]","[0.4886, 0.5541]"
"[0.498, 0.4625]","[0.5149, 0.5145]","[0.5293, 0.5747]","[0.5377, 0.63]","[0.5479, 0.6814]","[0.5633, 0.602]","[0.5687, 0.6877]","[0.5728, 0.7352]","[0.5777, 0.7793]","[0.5419, 0.6065]","[0.5285, 0.6777]","[0.5143, 0.725]","[0.5027, 0.762]","[0.5209, 0.6032]","[0.4995, 0.6301]","[0.4922, 0.5866]","[0.4924, 0.5543]","[0.5047, 0.6003]","[0.4895, 0.6151]","[0.4848, 0.5804]","[0.4866, 0.5561]"
"[0.497, 0.46]","[0.5139, 0.5121]","[0.5285, 0.5724]","[0.5375, 0.6279]","[0.5485, 0.6772]","[0.5636, 0.5965]","[0.5681, 0.6847]","[0.572, 0.7332]","[0.5767, 0.7782]","[0.5422, 0.6029]","[0.5278, 0.6751]","[0.5133, 0.7243]","[0.5018, 0.7633]","[0.521, 0.6011]","[0.4985, 0.6272]","[0.4911, 0.5841]","[0.4911, 0.5503]","[0.5045, 0.598]","[0.4887, 0.6122]","[0.484, 0.5774]","[0.4855, 0.5515]"
"[0.4973, 0.4597]","[0.5142, 0.512]","[0.5286, 0.5727]","[0.5374, 0.6271]","[0.5474, 0.6792]","[0.5642, 0.5977]","[0.5687, 0.6851]","[0.5725, 0.7338]","[0.5769, 0.7791]","[0.543, 0.6031]","[0.5285, 0.6765]","[0.5139, 0.726]","[0.5023, 0.7645]","[0.522, 0.6012]","[0.4998, 0.629]","[0.4917, 0.5834]","[0.4921, 0.55]","[0.5063, 0.5998]","[0.4899, 0.6127]","[0.4848, 0.5762]","[0.4868, 0.5511]"
"[0.4979, 0.4606]","[0.5143, 0.5129]","[0.5285, 0.5721]","[0.5367, 0.6255]","[0.5456, 0.6782]","[0.5637, 0.5997]","[0.5685, 0.6858]","[0.5719, 0.7344]","[0.5758, 0.7799]","[0.5428, 0.6051]","[0.5279, 0.6777]","[0.5126, 0.7273]","[0.5006, 0.7663]","[0.5218, 0.603]","[0.4987, 0.6275]","[0.4916, 0.5824]","[0.4931, 0.5503]","[0.5062, 0.601]","[0.489, 0.6105]","[0.4846, 0.5749]","[0.4877, 0.5518]"
"[0.4973, 0.4593]","[0.5142, 0.5131]","[0.5288, 0.5719]","[0.5374, 0.6253]","[0.5472, 0.6777]","[0.5635, 0.6]","[0.5684, 0.6849]","[0.5725, 0.733]","[0.577, 0.7777]","[0.5425, 0.6038]","[0.5286, 0.6749]","[0.5141, 0.7236]","[0.5026, 0.7619]","[0.521, 0.5995]","[0.4986, 0.6267]","[0.4922, 0.5824]","[0.494, 0.5505]","[0.5047, 0.5958]","[0.4886, 0.6103]","[0.4847, 0.5753]","[0.488, 0.5518]"
"[0.4968, 0.4584]","[0.513, 0.5107]","[0.5275, 0.5708]","[0.5366, 0.6239]","[0.5471, 0.6758]","[0.5627, 0.598]","[0.5677, 0.6847]","[0.5719, 0.7327]","[0.5767, 0.7777]","[0.5419, 0.6027]","[0.5277, 0.6741]","[0.5132, 0.7231]","[0.5017, 0.7615]","[0.5213, 0.6005]","[0.4994, 0.6258]","[0.4913, 0.5807]","[0.4916, 0.5482]","[0.5059, 0.5994]","[0.49, 0.6114]","[0.4845, 0.5757]","[0.4864, 0.5519]"
"[0.4959, 0.458]","[0.5122, 0.5114]","[0.5268, 0.5715]","[0.5362, 0.6248]","[0.5461, 0.6755]","[0.5623, 0.5985]","[0.5678, 0.6845]","[0.572, 0.7324]","[0.5767, 0.777]","[0.542, 0.6036]","[0.5278, 0.675]","[0.513, 0.7235]","[0.5011, 0.7611]","[0.5217, 0.6013]","[0.4992, 0.6267]","[0.4902, 0.5824]","[0.4895, 0.5493]","[0.5067, 0.5991]","[0.49, 0.6098]","[0.4838, 0.5753]","[0.4845, 0.5515]"
"[0.4958, 0.4585]","[0.5122, 0.5108]","[0.5266, 0.5706]","[0.536, 0.6244]","[0.5458, 0.6758]","[0.5621, 0.5987]","[0.5672, 0.6847]","[0.571, 0.7324]","[0.5755, 0.7772]","[0.5416, 0.6039]","[0.527, 0.6753]","[0.5123, 0.7238]","[0.5007, 0.7624]","[0.521, 0.6012]","[0.4981, 0.6268]","[0.4903, 0.5811]","[0.4907, 0.5479]","[0.5054, 0.5986]","[0.4887, 0.6105]","[0.4836, 0.5748]","[0.4856, 0.5506]"
"[0.4963, 0.458]","[0.5138, 0.511]","[0.5284, 0.5708]","[0.5368, 0.6247]","[0.5464, 0.6767]","[0.5619, 0.5987]","[0.5677, 0.6843]","[0.5723, 0.7322]","[0.5772, 0.7764]","[0.5406, 0.603]","[0.5276, 0.6732]","[0.5135, 0.7215]","[0.5017, 0.7582]","[0.5194, 0.5998]","[0.4987, 0.6257]","[0.4906, 0.5831]","[0.4904, 0.5507]","[0.5037, 0.5977]","[0.4886, 0.6119]","[0.4831, 0.5777]","[0.4842, 0.5533]"
"[0.4961, 0.455]","[0.5138, 0.5096]","[0.5282, 0.5709]","[0.537, 0.6258]","[0.5479, 0.676]","[0.5622, 0.5945]","[0.5674, 0.6824]","[0.5719, 0.7308]","[0.5771, 0.7755]","[0.5411, 0.5991]","[0.5271, 0.6722]","[0.5129, 0.7212]","[0.5012, 0.7599]","[0.5202, 0.5961]","[0.498, 0.6244]","[0.4913, 0.5812]","[0.4921, 0.5487]","[0.5041, 0.5939]","[0.4888, 0.6117]","[0.4842, 0.5782]","[0.4864, 0.5538]"
"[0.4969, 0.4535]","[0.5151, 0.5055]","[0.529, 0.5664]","[0.5371, 0.6231]","[0.5477, 0.6755]","[0.5628, 0.5947]","[0.5679, 0.6829]","[0.5726, 0.731]","[0.5782, 0.7745]","[0.5409, 0.5988]","[0.5281, 0.6733]","[0.5142, 0.7217]","[0.5028, 0.7584]","[0.5193, 0.5946]","[0.4982, 0.6241]","[0.4923, 0.5801]","[0.4943, 0.5476]","[0.5028, 0.5915]","[0.4883, 0.6117]","[0.4847, 0.5767]","[0.4877, 0.5514]"
"[0.4968, 0.4541]","[0.5146, 0.5074]","[0.5289, 0.569]","[0.5374, 0.6242]","[0.549, 0.6761]","[0.5629, 0.5949]","[0.5684, 0.6832]","[0.5734, 0.7317]","[0.579, 0.7762]","[0.5415, 0.5995]","[0.5277, 0.6727]","[0.5135, 0.7217]","[0.502, 0.7592]","[0.5206, 0.5964]","[0.499, 0.6222]","[0.4922, 0.5793]","[0.4937, 0.5482]","[0.5049, 0.5947]","[0.4895, 0.6098]","[0.4852, 0.576]","[0.4882, 0.5528]"
"[0.4975, 0.4569]","[0.5166, 0.5098]","[0.5309, 0.5698]","[0.5382, 0.6258]","[0.5472, 0.6798]","[0.5624, 0.599]","[0.5684, 0.6852]","[0.5731, 0.7332]","[0.5785, 0.7772]","[0.5408, 0.6021]","[0.5277, 0.6765]","[0.5141, 0.7262]","[0.5029, 0.7639]","[0.5196, 0.5963]","[0.4988, 0.6257]","[0.492, 0.5834]","[0.4931, 0.5523]","[0.5032, 0.5919]","[0.4883, 0.6125]","[0.484, 0.5794]","[0.4865, 0.555]"
"[0.4971, 0.4598]","[0.5159, 0.514]","[0.5297, 0.5747]","[0.5369, 0.6286]","[0.5473, 0.6811]","[0.5624, 0.6001]","[0.5682, 0.6866]","[0.573, 0.7359]","[0.5779, 0.7811]","[0.5414, 0.6026]","[0.5279, 0.6762]","[0.5141, 0.7274]","[0.5023, 0.7665]","[0.5204, 0.5986]","[0.4981, 0.6246]","[0.4918, 0.5818]","[0.4936, 0.5517]","[0.5047, 0.5971]","[0.4886, 0.6117]","[0.4842, 0.5776]","[0.4873, 0.5546]"
"[0.4972, 0.4608]","[0.5155, 0.5147]","[0.5295, 0.5749]","[0.5369, 0.629]","[0.5461, 0.6821]","[0.5628, 0.6003]","[0.5686, 0.6874]","[0.5732, 0.7364]","[0.5781, 0.7817]","[0.5412, 0.6048]","[0.527, 0.6787]","[0.5133, 0.7296]","[0.5022, 0.7679]","[0.5199, 0.6017]","[0.4981, 0.6288]","[0.4908, 0.5856]","[0.4915, 0.5534]","[0.5042, 0.6004]","[0.4883, 0.6139]","[0.4836, 0.5791]","[0.4858, 0.5549]"
"[0.4967, 0.4624]","[0.5145, 0.5154]","[0.5289, 0.5751]","[0.5366, 0.6299]","[0.5462, 0.682]","[0.5623, 0.602]","[0.5679, 0.6893]","[0.5723, 0.738]","[0.5772, 0.783]","[0.541, 0.607]","[0.5269, 0.6799]","[0.513, 0.7288]","[0.5017, 0.7665]","[0.5199, 0.6037]","[0.4978, 0.6306]","[0.491, 0.5875]","[0.492, 0.5553]","[0.5036, 0.6012]","[0.4875, 0.6145]","[0.4833, 0.58]","[0.4861, 0.5563]"
"[0.4963, 0.463]","[0.5136, 0.5159]","[0.5279, 0.5767]","[0.5361, 0.6309]","[0.546, 0.6826]","[0.5621, 0.6026]","[0.5677, 0.6889]","[0.5718, 0.7377]","[0.5766, 0.7826]","[0.5411, 0.6068]","[0.5268, 0.6797]","[0.5122, 0.7299]","[0.5004, 0.7686]","[0.5205, 0.6036]","[0.4979, 0.6283]","[0.4893, 0.584]","[0.4893, 0.5521]","[0.505, 0.6016]","[0.4882, 0.6144]","[0.4826, 0.5791]","[0.4842, 0.5549]"
"[0.4953, 0.4609]","[0.5126, 0.5132]","[0.5268, 0.5724]","[0.5354, 0.6272]","[0.5463, 0.676]","[0.5628, 0.5975]","[0.5681, 0.6853]","[0.5724, 0.7343]","[0.5775, 0.7793]","[0.541, 0.6032]","[0.5273, 0.6774]","[0.5132, 0.727]","[0.5021, 0.7662]","[0.5194, 0.6007]","[0.4977, 0.6288]","[0.4913, 0.5859]","[0.492, 0.5532]","[0.5025, 0.5975]","[0.4875, 0.6148]","[0.4836, 0.5803]","[0.4857, 0.5549]"
"[0.4959, 0.4593]","[0.5139, 0.5125]","[0.5287, 0.5725]","[0.5367, 0.6269]","[0.5462, 0.6778]","[0.5626, 0.5966]","[0.5683, 0.6847]","[0.5729, 0.7339]","[0.5781, 0.7794]","[0.5414, 0.6019]","[0.5273, 0.6751]","[0.5135, 0.7259]","[0.5022, 0.7662]","[0.5202, 0.5999]","[0.4972, 0.6284]","[0.4895, 0.584]","[0.4895, 0.5501]","[0.5035, 0.5984]","[0.4874, 0.6135]","[0.4827, 0.5784]","[0.4845, 0.5532]"
"[0.4954, 0.461]","[0.5118, 0.5136]","[0.5264, 0.5743]","[0.5351, 0.6279]","[0.5462, 0.6776]","[0.5614, 0.6001]","[0.5677, 0.6869]","[0.5718, 0.7353]","[0.5763, 0.7806]","[0.5407, 0.6061]","[0.5267, 0.6777]","[0.5123, 0.7273]","[0.5004, 0.7663]","[0.5203, 0.6045]","[0.4975, 0.6279]","[0.4886, 0.5861]","[0.4877, 0.5535]","[0.5047, 0.6026]","[0.4878, 0.6127]","[0.4818, 0.5792]","[0.4828, 0.5551]"
"[0.4936, 0.4574]","[0.5112, 0.5115]","[0.5258, 0.5718]","[0.5351, 0.6264]","[0.5457, 0.6783]","[0.561, 0.5989]","[0.5662, 0.6854]","[0.571, 0.7337]","[0.5763, 0.7782]","[0.5395, 0.6033]","[0.5262, 0.6761]","[0.5122, 0.726]","[0.5007, 0.7656]","[0.5181, 0.5992]","[0.4957, 0.6275]","[0.4882, 0.5841]","[0.4889, 0.5521]","[0.502, 0.5949]","[0.486, 0.6107]","[0.4816, 0.577]","[0.4841, 0.5531]"
"[0.4932, 0.4562]","[0.5113, 0.5114]","[0.5261, 0.5722]","[0.535, 0.6266]","[0.5454, 0.6783]","[0.5602, 0.5969]","[0.5658, 0.6842]","[0.5707, 0.7326]","[0.5763, 0.7772]","[0.5392, 0.6014]","[0.5262, 0.676]","[0.5121, 0.7255]","[0.5006, 0.7637]","[0.5181, 0.598]","[0.4958, 0.6274]","[0.4884, 0.584]","[0.4892, 0.5517]","[0.502, 0.5953]","[0.4861, 0.6126]","[0.4815, 0.5784]","[0.4838, 0.5541]"
"[0.4923, 0.4583]","[0.5111, 0.5087]","[0.5262, 0.5692]","[0.5354, 0.6248]","[0.5467, 0.6768]","[0.5595, 0.5976]","[0.5654, 0.6856]","[0.5704, 0.7334]","[0.5759, 0.7783]","[0.5386, 0.6043]","[0.5255, 0.6783]","[0.5114, 0.7268]","[0.4999, 0.7649]","[0.5178, 0.6028]","[0.4957, 0.6312]","[0.4885, 0.5854]","[0.4895, 0.552]","[0.5018, 0.6013]","[0.4858, 0.6158]","[0.4813, 0.5793]","[0.4843, 0.5543]"
"[0.4931, 0.4578]","[0.5118, 0.5106]","[0.5262, 0.571]","[0.5346, 0.6262]","[0.5463, 0.6785]","[0.56, 0.5963]","[0.5657, 0.6854]","[0.5707, 0.7343]","[0.5762, 0.7796]","[0.5384, 0.6024]","[0.5251, 0.6774]","[0.5113, 0.7268]","[0.4998, 0.7647]","[0.5169, 0.6005]","[0.495, 0.6289]","[0.4889, 0.5837]","[0.4907, 0.5511]","[0.5007, 0.5993]","[0.4852, 0.6145]","[0.4814, 0.5781]","[0.4846, 0.5538]"
"[0.4936, 0.4567]","[0.5131, 0.5084]","[0.5282, 0.5704]","[0.5371, 0.6279]","[0.5482, 0.6773]","[0.5617, 0.5912]","[0.5681, 0.6797]","[0.5733, 0.7291]","[0.5793, 0.774]","[0.5406, 0.599]","[0.527, 0.6762]","[0.5137, 0.7262]","[0.5034, 0.7674]","[0.52, 0.5982]","[0.4977, 0.6271]","[0.492, 0.5847]","[0.4936, 0.553]","[0.5031, 0.596]","[0.4879, 0.6156]","[0.4842, 0.5837]","[0.4873, 0.5602]"
"[0.4955, 0.458]","[0.5141, 0.5098]","[0.5289, 0.5702]","[0.5375, 0.6252]","[0.5495, 0.6763]","[0.5634, 0.5939]","[0.5693, 0.6826]","[0.574, 0.7314]","[0.5797, 0.776]","[0.5419, 0.5989]","[0.5288, 0.6746]","[0.5148, 0.724]","[0.5035, 0.762]","[0.5204, 0.5961]","[0.4987, 0.6252]","[0.4924, 0.5819]","[0.4944, 0.5508]","[0.504, 0.5941]","[0.4886, 0.6132]","[0.4845, 0.5781]","[0.4875, 0.5537]"
"[0.4958, 0.4572]","[0.5137, 0.5096]","[0.5286, 0.5694]","[0.5378, 0.6233]","[0.549, 0.6746]","[0.5636, 0.5945]","[0.5696, 0.6812]","[0.5744, 0.7299]","[0.58, 0.7753]","[0.5422, 0.6002]","[0.5291, 0.6735]","[0.5149, 0.7237]","[0.5036, 0.7626]","[0.5207, 0.5982]","[0.4989, 0.6265]","[0.491, 0.5812]","[0.4916, 0.5481]","[0.5045, 0.5968]","[0.4887, 0.6126]","[0.4837, 0.5763]","[0.4858, 0.5509]"
"[0.4951, 0.4547]","[0.5131, 0.5087]","[0.5283, 0.5683]","[0.5378, 0.6225]","[0.5491, 0.6718]","[0.5633, 0.591]","[0.5692, 0.6796]","[0.5741, 0.729]","[0.5798, 0.7744]","[0.5421, 0.597]","[0.5289, 0.6702]","[0.5148, 0.7207]","[0.5037, 0.76]","[0.5209, 0.5955]","[0.4985, 0.6236]","[0.4899, 0.5818]","[0.4894, 0.5488]","[0.5046, 0.5937]","[0.4888, 0.6092]","[0.4831, 0.5757]","[0.484, 0.5508]"
"[0.4958, 0.4545]","[0.5131, 0.5087]","[0.5281, 0.5679]","[0.5374, 0.6213]","[0.5483, 0.6723]","[0.5638, 0.5922]","[0.5694, 0.679]","[0.5745, 0.7274]","[0.5801, 0.7724]","[0.5431, 0.597]","[0.5297, 0.67]","[0.5152, 0.7206]","[0.5035, 0.7596]","[0.5219, 0.5943]","[0.4993, 0.623]","[0.4904, 0.5799]","[0.4903, 0.5474]","[0.5064, 0.5917]","[0.4896, 0.606]","[0.4838, 0.572]","[0.4853, 0.5482]"
"[0.4963, 0.4535]","[0.5148, 0.5065]","[0.5298, 0.566]","[0.5387, 0.6204]","[0.5491, 0.6726]","[0.5642, 0.5915]","[0.5698, 0.6784]","[0.5745, 0.7266]","[0.5796, 0.7711]","[0.5425, 0.5963]","[0.5295, 0.6694]","[0.5158, 0.7191]","[0.5046, 0.7573]","[0.5207, 0.5933]","[0.4994, 0.6231]","[0.4922, 0.579]","[0.4931, 0.5461]","[0.5044, 0.591]","[0.489, 0.6069]","[0.4847, 0.5714]","[0.4875, 0.5465]"
"[0.4967, 0.4527]","[0.5144, 0.5064]","[0.5294, 0.5667]","[0.5387, 0.6207]","[0.5505, 0.6701]","[0.5644, 0.5889]","[0.5703, 0.6766]","[0.5752, 0.7252]","[0.5807, 0.7696]","[0.544, 0.5939]","[0.5298, 0.6679]","[0.5162, 0.7182]","[0.5052, 0.7579]","[0.5237, 0.5917]","[0.5001, 0.618]","[0.4919, 0.5763]","[0.4921, 0.5451]","[0.5081, 0.5898]","[0.4916, 0.605]","[0.4859, 0.5717]","[0.4875, 0.5483]"
"[0.4974, 0.4512]","[0.5167, 0.5047]","[0.5317, 0.5648]","[0.5401, 0.6187]","[0.5504, 0.6695]","[0.5653, 0.5868]","[0.5715, 0.674]","[0.5766, 0.7229]","[0.5823, 0.7678]","[0.5437, 0.5927]","[0.5309, 0.6659]","[0.5175, 0.7166]","[0.5067, 0.7556]","[0.5222, 0.5907]","[0.5001, 0.6197]","[0.4924, 0.578]","[0.4928, 0.5456]","[0.5057, 0.5888]","[0.4901, 0.6053]","[0.4851, 0.5724]","[0.4871, 0.5479]"
"[0.4989, 0.4518]","[0.5177, 0.5014]","[0.5322, 0.5616]","[0.5408, 0.6173]","[0.5523, 0.6672]","[0.5662, 0.5839]","[0.5719, 0.6747]","[0.5769, 0.7241]","[0.5828, 0.769]","[0.5446, 0.5911]","[0.5321, 0.6681]","[0.5186, 0.7189]","[0.5077, 0.7581]","[0.5235, 0.5901]","[0.5029, 0.6207]","[0.4953, 0.5814]","[0.4951, 0.55]","[0.5071, 0.5892]","[0.493, 0.6085]","[0.4878, 0.5779]","[0.4889, 0.5542]"
"[0.4996, 0.4514]","[0.5184, 0.5028]","[0.5335, 0.5618]","[0.5421, 0.616]","[0.5531, 0.6659]","[0.5674, 0.5835]","[0.5733, 0.6726]","[0.5784, 0.7218]","[0.5845, 0.7666]","[0.5469, 0.5898]","[0.5332, 0.6663]","[0.5193, 0.7174]","[0.5086, 0.7575]","[0.5263, 0.5884]","[0.5032, 0.6168]","[0.4954, 0.575]","[0.496, 0.5435]","[0.5101, 0.5873]","[0.4939, 0.6049]","[0.4887, 0.5723]","[0.4905, 0.549]"
"[0.5005, 0.4491]","[0.5183, 0.502]","[0.5332, 0.5617]","[0.5424, 0.6143]","[0.5541, 0.6642]","[0.5684, 0.5821]","[0.5743, 0.6689]","[0.579, 0.7181]","[0.5845, 0.7638]","[0.5482, 0.5886]","[0.534, 0.6627]","[0.5199, 0.7138]","[0.5091, 0.7551]","[0.5276, 0.5877]","[0.5037, 0.6147]","[0.4953, 0.5704]","[0.4957, 0.5379]","[0.5119, 0.5869]","[0.4948, 0.6016]","[0.4891, 0.5669]","[0.491, 0.5431]"
"[0.5003, 0.4489]","[0.5183, 0.4999]","[0.5337, 0.5594]","[0.5428, 0.6126]","[0.5542, 0.6628]","[0.5684, 0.583]","[0.575, 0.6694]","[0.5799, 0.718]","[0.5857, 0.7633]","[0.548, 0.5892]","[0.5347, 0.6632]","[0.521, 0.7135]","[0.5102, 0.754]","[0.5274, 0.5882]","[0.5041, 0.6146]","[0.4961, 0.5694]","[0.4968, 0.537]","[0.5118, 0.587]","[0.4945, 0.6006]","[0.4894, 0.5646]","[0.4923, 0.5403]"
"[0.4994, 0.4498]","[0.5182, 0.5002]","[0.5338, 0.5594]","[0.5434, 0.6136]","[0.5555, 0.6628]","[0.5688, 0.5842]","[0.5756, 0.6696]","[0.5804, 0.7179]","[0.5861, 0.7624]","[0.5478, 0.5905]","[0.5357, 0.664]","[0.5221, 0.7129]","[0.5114, 0.7516]","[0.527, 0.5888]","[0.5052, 0.6157]","[0.4967, 0.5711]","[0.4967, 0.5382]","[0.511, 0.5862]","[0.4954, 0.6013]","[0.4901, 0.5664]","[0.492, 0.5417]"
"[0.5012, 0.4515]","[0.5186, 0.5015]","[0.5335, 0.5598]","[0.5429, 0.6127]","[0.555, 0.662]","[0.5695, 0.5846]","[0.5757, 0.6714]","[0.5803, 0.7194]","[0.5857, 0.7642]","[0.5486, 0.5917]","[0.5355, 0.6658]","[0.5215, 0.715]","[0.5106, 0.7537]","[0.5277, 0.5912]","[0.5056, 0.6171]","[0.4969, 0.5711]","[0.4967, 0.5374]","[0.512, 0.5899]","[0.4958, 0.6027]","[0.4901, 0.5663]","[0.4917, 0.5411]"
