[0.5265, 0.7456],[0.4215, 0.7247],[0.3275, 0.661],[0.3409, 0.6127],[0.4132, 0.5998],[0.4007, 0.4522],[0.3547, 0.3192],[0.3296, 0.2393],[0.3097, 0.1608],[0.5019, 0.44],[0.526, 0.3691],[0.5319, 0.5039],[0.5219, 0.5826],[0.5891, 0.4578],[0.6156, 0.4326],[0.5984, 0.5519],[0.5723, 0.6132],[0.6619, 0.4941],[0.6873, 0.4647],[0.6621, 0.5538],[0.631, 0.6011]
[0.5298, 0.7508],[0.4165, 0.7227],[0.3309, 0.6519],[0.365, 0.598],[0.4582, 0.5838],[0.3986, 0.4525],[0.3544, 0.315],[0.3296, 0.2333],[0.3153, 0.1568],[0.5021, 0.4442],[0.5267, 0.3603],[0.5262, 0.4868],[0.5199, 0.5687],[0.5903, 0.4649],[0.6146, 0.4219],[0.5912, 0.5374],[0.5694, 0.605],[0.6677, 0.5039],[0.6843, 0.4661],[0.6567, 0.5502],[0.6333, 0.6008]
[0.5322, 0.7559],[0.4197, 0.7236],[0.3379, 0.6504],[0.3772, 0.5977],[0.469, 0.5828],[0.4036, 0.4525],[0.3563, 0.3128],[0.3308, 0.2319],[0.3159, 0.1568],[0.5065, 0.4444],[0.5299, 0.3639],[0.5273, 0.4886],[0.5188, 0.5703],[0.5942, 0.4651],[0.6194, 0.4245],[0.5939, 0.5401],[0.5697, 0.6078],[0.6701, 0.5037],[0.6901, 0.4683],[0.6612, 0.5515],[0.6356, 0.6007]
[0.5355, 0.7572],[0.4223, 0.727],[0.3373, 0.6532],[0.3751, 0.599],[0.4658, 0.5811],[0.4028, 0.4523],[0.3567, 0.3127],[0.3308, 0.2325],[0.316, 0.1574],[0.5064, 0.4444],[0.5301, 0.3621],[0.5287, 0.4878],[0.5216, 0.5682],[0.5947, 0.4651],[0.6201, 0.424],[0.5961, 0.5408],[0.5728, 0.6059],[0.6714, 0.5034],[0.6919, 0.4642],[0.6627, 0.5488],[0.6357, 0.5975]
[0.5366, 0.7605],[0.4231, 0.7283],[0.3397, 0.6526],[0.3792, 0.5988],[0.4666, 0.5789],[0.4033, 0.4505],[0.3579, 0.3117],[0.3322, 0.2314],[0.3167, 0.1568],[0.5066, 0.4428],[0.5304, 0.3641],[0.5294, 0.4899],[0.5214, 0.5693],[0.5948, 0.4638],[0.6203, 0.4245],[0.5962, 0.54],[0.5716, 0.6027],[0.6712, 0.5028],[0.6929, 0.4644],[0.6633, 0.5479],[0.6349, 0.594]
[0.5389, 0.7595],[0.4274, 0.7283],[0.3436, 0.654],[0.3826, 0.6008],[0.4699, 0.5799],[0.4071, 0.4524],[0.3638, 0.3153],[0.3376, 0.2361],[0.3223, 0.1601],[0.5093, 0.4433],[0.5344, 0.3642],[0.5315, 0.4895],[0.5225, 0.5644],[0.5967, 0.4631],[0.6225, 0.4248],[0.5983, 0.5407],[0.5743, 0.5989],[0.672, 0.5012],[0.6942, 0.4635],[0.6656, 0.5478],[0.6382, 0.591]
[0.5377, 0.757],[0.4292, 0.7245],[0.3448, 0.6504],[0.3778, 0.5963],[0.4651, 0.5782],[0.4158, 0.4472],[0.378, 0.3068],[0.3572, 0.2265],[0.3465, 0.1502],[0.5165, 0.4428],[0.5498, 0.3584],[0.5433, 0.482],[0.5298, 0.5582],[0.6015, 0.4644],[0.6352, 0.4238],[0.6076, 0.536],[0.5793, 0.5944],[0.6735, 0.5034],[0.7021, 0.4636],[0.6732, 0.5452],[0.6435, 0.5885]
[0.537, 0.7586],[0.4287, 0.7245],[0.348, 0.6497],[0.389, 0.5988],[0.4783, 0.5823],[0.4208, 0.4443],[0.3878, 0.3011],[0.372, 0.2182],[0.3653, 0.1404],[0.5217, 0.4424],[0.5577, 0.3592],[0.548, 0.4831],[0.5316, 0.5578],[0.6061, 0.467],[0.6435, 0.4252],[0.613, 0.5373],[0.5824, 0.5947],[0.6769, 0.5092],[0.7109, 0.4702],[0.6794, 0.5512],[0.6465, 0.5931]
[0.5382, 0.7548],[0.4341, 0.7201],[0.3533, 0.6455],[0.3908, 0.5944],[0.4766, 0.578],[0.4293, 0.4359],[0.4034, 0.2918],[0.3937, 0.2092],[0.391, 0.132],[0.5282, 0.4397],[0.5693, 0.3585],[0.5565, 0.4813],[0.5353, 0.5577],[0.6114, 0.4672],[0.6522, 0.4311],[0.6184, 0.5434],[0.5836, 0.601],[0.6816, 0.5102],[0.7194, 0.4733],[0.6859, 0.5547],[0.6499, 0.5965]
[0.5356, 0.7576],[0.434, 0.7169],[0.3583, 0.637],[0.4057, 0.587],[0.5011, 0.5765],[0.4446, 0.4339],[0.4286, 0.2852],[0.4288, 0.2],[0.4327, 0.1213],[0.5421, 0.4438],[0.5859, 0.3585],[0.5682, 0.4775],[0.5433, 0.5488],[0.6227, 0.4763],[0.6637, 0.4371],[0.6271, 0.5429],[0.5908, 0.5937],[0.6897, 0.5241],[0.7278, 0.4834],[0.6932, 0.559],[0.6563, 0.5961]
[0.5336, 0.7525],[0.4368, 0.7083],[0.3695, 0.6292],[0.4193, 0.5825],[0.5079, 0.5729],[0.4482, 0.4281],[0.4442, 0.2785],[0.4527, 0.1922],[0.4623, 0.113],[0.5462, 0.4412],[0.5916, 0.3602],[0.5741, 0.4752],[0.5468, 0.5474],[0.6271, 0.4764],[0.666, 0.4389],[0.6294, 0.5433],[0.591, 0.5975],[0.6945, 0.5265],[0.7319, 0.4864],[0.6978, 0.5594],[0.6597, 0.5987]
[0.5337, 0.7551],[0.4361, 0.7077],[0.3701, 0.6228],[0.4227, 0.5774],[0.5141, 0.5722],[0.456, 0.4223],[0.4569, 0.2689],[0.4703, 0.1806],[0.4851, 0.1015],[0.553, 0.4387],[0.6038, 0.3625],[0.5842, 0.4842],[0.556, 0.5594],[0.6323, 0.4754],[0.6766, 0.4437],[0.6375, 0.552],[0.5973, 0.6063],[0.6979, 0.527],[0.7384, 0.4966],[0.7003, 0.5728],[0.6586, 0.6098]
[0.5322, 0.7552],[0.4323, 0.7041],[0.3739, 0.6209],[0.4331, 0.5773],[0.5268, 0.5734],[0.4618, 0.4186],[0.4728, 0.2667],[0.4913, 0.1775],[0.5093, 0.0957],[0.5586, 0.4371],[0.6141, 0.3597],[0.5965, 0.472],[0.566, 0.5417],[0.6369, 0.4765],[0.6859, 0.4466],[0.6476, 0.5496],[0.6037, 0.6005],[0.6998, 0.531],[0.7438, 0.5011],[0.7074, 0.5732],[0.6636, 0.6103]
[0.5347, 0.7531],[0.4374, 0.7021],[0.38, 0.6181],[0.4374, 0.5755],[0.5284, 0.5708],[0.4684, 0.4142],[0.4867, 0.2618],[0.512, 0.1729],[0.5356, 0.0925],[0.564, 0.436],[0.6236, 0.3639],[0.6001, 0.4778],[0.5644, 0.5481],[0.6408, 0.4779],[0.6906, 0.4487],[0.6482, 0.5506],[0.6021, 0.5997],[0.7021, 0.5345],[0.7475, 0.5027],[0.7078, 0.5745],[0.6616, 0.6107]
[0.5389, 0.7496],[0.4413, 0.6962],[0.3854, 0.6129],[0.4421, 0.5733],[0.5322, 0.5682],[0.4797, 0.4054],[0.5034, 0.2551],[0.5316, 0.1671],[0.5578, 0.0882],[0.5746, 0.4319],[0.6351, 0.3602],[0.6097, 0.4726],[0.5726, 0.5407],[0.6505, 0.4768],[0.699, 0.4457],[0.6558, 0.5456],[0.6082, 0.5919],[0.7109, 0.535],[0.7548, 0.5028],[0.7152, 0.572],[0.6687, 0.6056]
[0.5478, 0.7527],[0.4479, 0.696],[0.3959, 0.6075],[0.4576, 0.5672],[0.5473, 0.5644],[0.4919, 0.4021],[0.5206, 0.2521],[0.5529, 0.1633],[0.5824, 0.0843],[0.5853, 0.4301],[0.6475, 0.3558],[0.6235, 0.4656],[0.5874, 0.5366],[0.6599, 0.4767],[0.7109, 0.4431],[0.6693, 0.5411],[0.622, 0.5911],[0.7179, 0.5371],[0.7634, 0.502],[0.726, 0.5679],[0.6811, 0.6026]
[0.5464, 0.7537],[0.4517, 0.6923],[0.4028, 0.6048],[0.4647, 0.5651],[0.5558, 0.5618],[0.5017, 0.3977],[0.5367, 0.2483],[0.5739, 0.1611],[0.609, 0.084],[0.5948, 0.4275],[0.6578, 0.3544],[0.6307, 0.4648],[0.5952, 0.5369],[0.6686, 0.4758],[0.7188, 0.4461],[0.6748, 0.5431],[0.6299, 0.593],[0.7263, 0.5383],[0.7717, 0.5059],[0.7333, 0.5695],[0.69, 0.603]
[0.543, 0.752],[0.4505, 0.6886],[0.4024, 0.5975],[0.4687, 0.5568],[0.5655, 0.5597],[0.5064, 0.3953],[0.5503, 0.2448],[0.5945, 0.1588],[0.634, 0.0828],[0.5996, 0.4271],[0.6685, 0.3557],[0.6385, 0.4604],[0.5967, 0.5286],[0.6724, 0.4765],[0.7263, 0.4485],[0.6785, 0.5419],[0.6279, 0.5899],[0.7277, 0.5397],[0.7747, 0.51],[0.7336, 0.5716],[0.6859, 0.6044]
[0.5516, 0.7483],[0.4607, 0.6846],[0.4148, 0.5934],[0.4789, 0.5534],[0.5719, 0.5554],[0.5153, 0.3923],[0.5631, 0.243],[0.6118, 0.1603],[0.6567, 0.0861],[0.6083, 0.4244],[0.678, 0.3592],[0.6476, 0.4659],[0.607, 0.53],[0.6806, 0.474],[0.7338, 0.4541],[0.6862, 0.5464],[0.6366, 0.5862],[0.7351, 0.5372],[0.7815, 0.5142],[0.7399, 0.575],[0.6917, 0.6018]
[0.5505, 0.7481],[0.4582, 0.6848],[0.4147, 0.5923],[0.4836, 0.5527],[0.5789, 0.5559],[0.5211, 0.3909],[0.5735, 0.2405],[0.625, 0.1564],[0.6709, 0.0818],[0.6134, 0.425],[0.6844, 0.3583],[0.6535, 0.4663],[0.6114, 0.5325],[0.6848, 0.4752],[0.7399, 0.4531],[0.6921, 0.5475],[0.6409, 0.5904],[0.7385, 0.5389],[0.7857, 0.5155],[0.7437, 0.5784],[0.6939, 0.6079]
[0.55, 0.7484],[0.4597, 0.681],[0.417, 0.5863],[0.4868, 0.5484],[0.583, 0.5526],[0.5276, 0.3874],[0.5835, 0.2394],[0.6372, 0.1566],[0.6844, 0.0828],[0.6197, 0.4241],[0.6926, 0.3597],[0.6607, 0.4642],[0.6162, 0.5287],[0.6901, 0.4775],[0.7468, 0.453],[0.699, 0.5427],[0.6466, 0.5851],[0.7417, 0.5447],[0.7921, 0.5163],[0.7511, 0.5756],[0.7013, 0.6052]
[0.5544, 0.7496],[0.4644, 0.6806],[0.4223, 0.5842],[0.4916, 0.5434],[0.5907, 0.552],[0.534, 0.3849],[0.592, 0.2378],[0.6475, 0.1556],[0.6956, 0.0837],[0.6251, 0.4219],[0.6981, 0.3594],[0.6671, 0.4607],[0.6213, 0.5254],[0.6951, 0.4759],[0.7485, 0.4576],[0.6985, 0.5473],[0.6439, 0.5909],[0.7462, 0.5438],[0.7919, 0.5224],[0.7492, 0.5822],[0.698, 0.6129]
[0.5616, 0.7511],[0.4727, 0.6814],[0.4342, 0.5837],[0.5074, 0.5444],[0.6095, 0.5521],[0.5424, 0.3855],[0.6045, 0.2368],[0.6627, 0.1548],[0.7142, 0.0833],[0.6323, 0.4237],[0.7105, 0.3594],[0.6776, 0.4633],[0.6308, 0.5285],[0.7019, 0.4773],[0.76, 0.458],[0.7072, 0.5515],[0.6508, 0.5947],[0.7533, 0.5446],[0.8037, 0.5226],[0.7612, 0.5849],[0.7097, 0.6157]
[0.5566, 0.7442],[0.4735, 0.6707],[0.44, 0.5734],[0.5156, 0.5353],[0.6128, 0.5436],[0.5572, 0.3771],[0.6204, 0.2338],[0.68, 0.1548],[0.731, 0.0855],[0.6459, 0.4195],[0.7245, 0.3617],[0.6862, 0.4609],[0.6336, 0.5221],[0.7131, 0.4781],[0.7697, 0.4614],[0.7134, 0.5478],[0.6543, 0.5879],[0.7607, 0.5489],[0.8092, 0.529],[0.763, 0.5851],[0.7096, 0.6126]
[0.5616, 0.7475],[0.4799, 0.6703],[0.4519, 0.5674],[0.5319, 0.5327],[0.6288, 0.546],[0.5652, 0.3752],[0.6339, 0.2315],[0.695, 0.1538],[0.7506, 0.0848],[0.6526, 0.4192],[0.7338, 0.3512],[0.6929, 0.4458],[0.6448, 0.5054],[0.719, 0.4779],[0.7759, 0.4606],[0.7166, 0.5467],[0.6627, 0.5842],[0.7662, 0.5494],[0.8144, 0.5302],[0.7661, 0.5867],[0.7168, 0.6113]
[0.5632, 0.7503],[0.48, 0.6726],[0.45, 0.5727],[0.528, 0.5371],[0.6288, 0.5494],[0.5641, 0.3803],[0.6375, 0.2362],[0.6998, 0.159],[0.7574, 0.0886],[0.6534, 0.4231],[0.7374, 0.3628],[0.6943, 0.4649],[0.6431, 0.5267],[0.7207, 0.4807],[0.7837, 0.4644],[0.7251, 0.5536],[0.669, 0.5917],[0.7679, 0.551],[0.8234, 0.534],[0.7751, 0.5917],[0.7218, 0.6164]
[0.5632, 0.7484],[0.4828, 0.6733],[0.4516, 0.5776],[0.5275, 0.5389],[0.629, 0.547],[0.5617, 0.3816],[0.6343, 0.2366],[0.6969, 0.1583],[0.7546, 0.0871],[0.6505, 0.4229],[0.7363, 0.3613],[0.6965, 0.4612],[0.6459, 0.522],[0.718, 0.4793],[0.7811, 0.4664],[0.7237, 0.5564],[0.6674, 0.5939],[0.7658, 0.5485],[0.82, 0.5341],[0.7719, 0.5935],[0.7174, 0.6182]
[0.5619, 0.7451],[0.4801, 0.6708],[0.4493, 0.5744],[0.5265, 0.5385],[0.6289, 0.551],[0.5646, 0.3796],[0.6381, 0.2341],[0.7007, 0.1558],[0.758, 0.0852],[0.6526, 0.4223],[0.7382, 0.3632],[0.696, 0.4637],[0.6427, 0.5246],[0.7192, 0.4798],[0.7828, 0.4645],[0.7235, 0.5545],[0.6643, 0.5935],[0.7658, 0.5499],[0.8215, 0.5339],[0.773, 0.5934],[0.7176, 0.6196]
[0.5619, 0.7463],[0.4798, 0.6711],[0.4502, 0.5724],[0.5289, 0.5361],[0.6314, 0.5495],[0.5632, 0.3795],[0.6377, 0.2351],[0.7006, 0.1568],[0.7578, 0.0863],[0.6517, 0.4216],[0.7373, 0.3647],[0.6934, 0.4653],[0.6389, 0.5243],[0.7185, 0.4786],[0.782, 0.4645],[0.7216, 0.5538],[0.662, 0.5904],[0.765, 0.5482],[0.819, 0.5338],[0.7703, 0.5926],[0.7159, 0.6168]
[0.5605, 0.7446],[0.4799, 0.6713],[0.4505, 0.5728],[0.5284, 0.5368],[0.6299, 0.5498],[0.5651, 0.379],[0.6393, 0.2348],[0.7017, 0.1571],[0.7572, 0.0872],[0.653, 0.4223],[0.737, 0.3636],[0.6949, 0.4677],[0.641, 0.5282],[0.7192, 0.4803],[0.7828, 0.4632],[0.7233, 0.5556],[0.6632, 0.5941],[0.7651, 0.5505],[0.8204, 0.5331],[0.7722, 0.5942],[0.7171, 0.6204]
[0.5593, 0.7445],[0.4776, 0.6718],[0.4454, 0.5745],[0.5209, 0.539],[0.625, 0.5557],[0.564, 0.3788],[0.6389, 0.2357],[0.7014, 0.1582],[0.7568, 0.0886],[0.6515, 0.4227],[0.7355, 0.3665],[0.6925, 0.4722],[0.6393, 0.5307],[0.7174, 0.4812],[0.7817, 0.4651],[0.7222, 0.557],[0.6634, 0.593],[0.7631, 0.5518],[0.8201, 0.5337],[0.7718, 0.5949],[0.7173, 0.6197]
[0.5607, 0.7524],[0.475, 0.6765],[0.4428, 0.5758],[0.5201, 0.5413],[0.6209, 0.5565],[0.5646, 0.3848],[0.6415, 0.2436],[0.7059, 0.1676],[0.7623, 0.0991],[0.6527, 0.4276],[0.7371, 0.3758],[0.6958, 0.4802],[0.641, 0.5402],[0.7194, 0.4853],[0.7837, 0.4691],[0.7265, 0.56],[0.6665, 0.5995],[0.7653, 0.5557],[0.8215, 0.5384],[0.775, 0.5981],[0.7201, 0.6252]
[0.5597, 0.7523],[0.4746, 0.6813],[0.4379, 0.5858],[0.5086, 0.5528],[0.6104, 0.5652],[0.5611, 0.39],[0.6368, 0.2483],[0.7008, 0.1731],[0.7572, 0.1054],[0.6494, 0.433],[0.7314, 0.3814],[0.6918, 0.4888],[0.6408, 0.5471],[0.7165, 0.4909],[0.7799, 0.471],[0.7241, 0.5641],[0.6664, 0.6017],[0.7645, 0.5615],[0.8208, 0.5401],[0.7742, 0.601],[0.7194, 0.6268]
[0.5616, 0.7651],[0.4695, 0.6962],[0.4249, 0.5974],[0.4962, 0.5646],[0.5991, 0.5795],[0.5493, 0.3996],[0.6225, 0.2571],[0.6857, 0.1823],[0.7414, 0.115],[0.64, 0.4389],[0.7166, 0.3886],[0.676, 0.4965],[0.6251, 0.5554],[0.7099, 0.4938],[0.7696, 0.4773],[0.7143, 0.5713],[0.6575, 0.6089],[0.7618, 0.562],[0.8133, 0.5404],[0.7651, 0.6044],[0.7092, 0.6299]
[0.5613, 0.7695],[0.4671, 0.7036],[0.4204, 0.6062],[0.4894, 0.5747],[0.59, 0.5892],[0.5411, 0.4076],[0.6112, 0.2656],[0.6728, 0.1922],[0.7267, 0.1263],[0.6337, 0.4421],[0.7056, 0.4021],[0.6674, 0.5095],[0.6164, 0.5676],[0.7059, 0.4922],[0.7612, 0.483],[0.707, 0.5748],[0.6483, 0.6119],[0.7595, 0.5557],[0.806, 0.5454],[0.7568, 0.6088],[0.6997, 0.634]
[0.5645, 0.7743],[0.4719, 0.7112],[0.4202, 0.6202],[0.479, 0.5896],[0.5741, 0.5987],[0.5337, 0.4149],[0.6036, 0.2775],[0.663, 0.2047],[0.7171, 0.1387],[0.6252, 0.4428],[0.6993, 0.4193],[0.6608, 0.527],[0.6117, 0.5815],[0.6974, 0.4878],[0.755, 0.4911],[0.7025, 0.5807],[0.6477, 0.6127],[0.7521, 0.5472],[0.8001, 0.5465],[0.7533, 0.61],[0.7, 0.632]
[0.5644, 0.774],[0.4705, 0.7176],[0.4169, 0.6275],[0.4702, 0.5959],[0.5574, 0.605],[0.5256, 0.4179],[0.592, 0.287],[0.6485, 0.2151],[0.6985, 0.1496],[0.6183, 0.4412],[0.6812, 0.4301],[0.642, 0.5363],[0.5937, 0.5889],[0.6931, 0.4831],[0.7384, 0.4961],[0.6856, 0.5886],[0.6329, 0.6211],[0.7521, 0.5402],[0.7886, 0.5503],[0.7377, 0.6205],[0.6864, 0.6448]
[0.5582, 0.7757],[0.4611, 0.7241],[0.401, 0.6365],[0.4548, 0.6056],[0.5465, 0.6217],[0.5144, 0.4286],[0.5781, 0.2984],[0.6338, 0.2284],[0.6857, 0.1662],[0.6122, 0.4454],[0.6727, 0.4496],[0.6309, 0.5572],[0.5853, 0.6142],[0.6892, 0.4839],[0.729, 0.5208],[0.6757, 0.6091],[0.6274, 0.6427],[0.7498, 0.5388],[0.7801, 0.5716],[0.7293, 0.6378],[0.6807, 0.6597]
[0.5581, 0.78],[0.4656, 0.7356],[0.3973, 0.6576],[0.4276, 0.6296],[0.5093, 0.6429],[0.505, 0.4383],[0.5677, 0.3103],[0.6218, 0.2426],[0.6724, 0.1814],[0.6018, 0.456],[0.66, 0.4507],[0.6223, 0.5638],[0.5783, 0.6211],[0.6797, 0.4945],[0.7211, 0.5179],[0.672, 0.6163],[0.6242, 0.6546],[0.7418, 0.5485],[0.7772, 0.5638],[0.7335, 0.639],[0.6868, 0.6677]
[0.5544, 0.7904],[0.4686, 0.751],[0.4013, 0.6832],[0.4103, 0.6581],[0.4577, 0.6682],[0.496, 0.4488],[0.5542, 0.3269],[0.6055, 0.2568],[0.6545, 0.1956],[0.594, 0.4601],[0.647, 0.4648],[0.6032, 0.5848],[0.5628, 0.6312],[0.6738, 0.4956],[0.7086, 0.5334],[0.6555, 0.6329],[0.6115, 0.6595],[0.7371, 0.548],[0.7628, 0.5808],[0.7169, 0.658],[0.6743, 0.6777]
[0.5506, 0.7925],[0.4656, 0.7514],[0.3988, 0.6888],[0.4072, 0.6692],[0.4516, 0.6849],[0.4913, 0.4493],[0.5443, 0.336],[0.5903, 0.2644],[0.6375, 0.2057],[0.5926, 0.4541],[0.6362, 0.4789],[0.587, 0.6025],[0.5499, 0.6449],[0.6744, 0.4893],[0.696, 0.5565],[0.6375, 0.6534],[0.5969, 0.6726],[0.739, 0.5434],[0.749, 0.6064],[0.6985, 0.6819],[0.659, 0.6952]
[0.5485, 0.7949],[0.4644, 0.7582],[0.393, 0.7011],[0.3904, 0.6876],[0.4214, 0.7067],[0.4811, 0.459],[0.5322, 0.3455],[0.5762, 0.2762],[0.6216, 0.2164],[0.5838, 0.4615],[0.6275, 0.4746],[0.585, 0.5952],[0.5525, 0.6473],[0.6661, 0.495],[0.689, 0.5598],[0.6351, 0.653],[0.5985, 0.6765],[0.7321, 0.5479],[0.745, 0.6096],[0.696, 0.6815],[0.6581, 0.6956]
[0.5445, 0.7963],[0.4589, 0.7612],[0.3853, 0.7049],[0.3796, 0.6975],[0.4043, 0.7202],[0.4702, 0.463],[0.5186, 0.3499],[0.5598, 0.2845],[0.6012, 0.2263],[0.5751, 0.4646],[0.6093, 0.4727],[0.5717, 0.5961],[0.5429, 0.6575],[0.658, 0.4982],[0.6735, 0.5596],[0.6201, 0.655],[0.5837, 0.6826],[0.725, 0.5518],[0.7319, 0.6149],[0.6824, 0.6868],[0.6455, 0.6999]
[0.5423, 0.8017],[0.4587, 0.7652],[0.3849, 0.711],[0.3731, 0.7077],[0.3868, 0.7338],[0.4654, 0.4684],[0.5083, 0.3564],[0.5467, 0.2912],[0.5853, 0.2333],[0.5703, 0.4655],[0.5968, 0.4943],[0.5604, 0.613],[0.5328, 0.6729],[0.6544, 0.5006],[0.6637, 0.5768],[0.6129, 0.6686],[0.5794, 0.6981],[0.7221, 0.5556],[0.7257, 0.6258],[0.677, 0.6962],[0.6415, 0.7124]
[0.5393, 0.8035],[0.4579, 0.7735],[0.3797, 0.7257],[0.3619, 0.7199],[0.3799, 0.7391],[0.4566, 0.4754],[0.4988, 0.3672],[0.5354, 0.302],[0.5748, 0.245],[0.5631, 0.4679],[0.5916, 0.5018],[0.5542, 0.6209],[0.5301, 0.6715],[0.6491, 0.5004],[0.6602, 0.5838],[0.6084, 0.6739],[0.5782, 0.694],[0.7187, 0.5532],[0.7234, 0.6263],[0.677, 0.6962],[0.6455, 0.7075]
[0.5335, 0.803],[0.4559, 0.7763],[0.3795, 0.737],[0.3546, 0.7234],[0.3499, 0.7332],[0.4496, 0.4762],[0.4884, 0.3768],[0.5226, 0.3106],[0.5592, 0.2581],[0.5551, 0.4714],[0.581, 0.505],[0.5434, 0.628],[0.5212, 0.6773],[0.6411, 0.5048],[0.6533, 0.585],[0.6021, 0.6779],[0.5715, 0.7014],[0.7102, 0.5592],[0.7176, 0.6298],[0.672, 0.7008],[0.6397, 0.7151]
[0.5323, 0.8054],[0.4605, 0.7795],[0.3899, 0.7419],[0.3606, 0.7331],[0.3312, 0.7481],[0.4446, 0.4836],[0.4752, 0.3863],[0.5085, 0.3221],[0.5435, 0.2691],[0.5493, 0.4727],[0.5734, 0.5203],[0.536, 0.6374],[0.509, 0.6908],[0.6339, 0.5051],[0.645, 0.5987],[0.5948, 0.6905],[0.5634, 0.7216],[0.7024, 0.5594],[0.7092, 0.6369],[0.6645, 0.709],[0.6325, 0.7304]
[0.5264, 0.8082],[0.4608, 0.7827],[0.3934, 0.7486],[0.3559, 0.7384],[0.3133, 0.7508],[0.4355, 0.4906],[0.4626, 0.3969],[0.4938, 0.334],[0.5275, 0.2833],[0.5411, 0.4731],[0.5611, 0.5366],[0.5278, 0.6512],[0.5038, 0.7086],[0.6262, 0.5044],[0.6298, 0.6202],[0.5851, 0.7098],[0.5593, 0.7434],[0.6953, 0.5601],[0.6905, 0.6563],[0.6479, 0.7254],[0.619, 0.7468]
[0.5246, 0.8134],[0.4445, 0.79],[0.3638, 0.7535],[0.3291, 0.7487],[0.3133, 0.7616],[0.4239, 0.4982],[0.4495, 0.4105],[0.478, 0.3449],[0.5088, 0.2917],[0.5318, 0.479],[0.5432, 0.5483],[0.5079, 0.6588],[0.4891, 0.6992],[0.6188, 0.5118],[0.6216, 0.6148],[0.5752, 0.6933],[0.5503, 0.71],[0.6888, 0.5694],[0.6856, 0.6574],[0.6414, 0.7208],[0.613, 0.7313]
[0.5147, 0.8056],[0.4384, 0.7823],[0.3643, 0.7499],[0.3342, 0.7517],[0.3055, 0.7694],[0.4144, 0.4973],[0.4378, 0.4131],[0.465, 0.3486],[0.4957, 0.2984],[0.5232, 0.4811],[0.5335, 0.5537],[0.4942, 0.6696],[0.4726, 0.7123],[0.6121, 0.5155],[0.6124, 0.612],[0.5662, 0.6947],[0.5419, 0.7143],[0.6835, 0.5732],[0.6767, 0.6545],[0.6378, 0.7174],[0.616, 0.7278]
[0.5057, 0.8094],[0.4382, 0.7894],[0.3719, 0.7642],[0.3323, 0.7606],[0.2829, 0.7721],[0.4101, 0.5045],[0.43, 0.422],[0.4552, 0.3559],[0.4838, 0.3053],[0.5197, 0.4804],[0.5258, 0.5611],[0.4872, 0.6756],[0.4683, 0.7208],[0.6085, 0.5127],[0.5995, 0.6388],[0.5516, 0.7235],[0.5307, 0.7433],[0.6794, 0.5722],[0.6609, 0.6783],[0.6209, 0.7412],[0.6032, 0.7491]
[0.5093, 0.8074],[0.444, 0.7883],[0.376, 0.7624],[0.3244, 0.7609],[0.2657, 0.7791],[0.3986, 0.5112],[0.4147, 0.4272],[0.4393, 0.3633],[0.4669, 0.3095],[0.504, 0.4828],[0.5139, 0.5585],[0.4837, 0.6757],[0.4662, 0.7375],[0.5913, 0.5118],[0.5905, 0.638],[0.5501, 0.73],[0.5295, 0.765],[0.6637, 0.5685],[0.6546, 0.6734],[0.6172, 0.7425],[0.5958, 0.7625]
[0.4933, 0.8108],[0.426, 0.7923],[0.357, 0.7691],[0.3143, 0.7691],[0.2691, 0.7911],[0.388, 0.5176],[0.4052, 0.4375],[0.4276, 0.3732],[0.4546, 0.321],[0.4962, 0.4893],[0.5032, 0.568],[0.4698, 0.6901],[0.4559, 0.74],[0.5868, 0.5194],[0.5817, 0.648],[0.5381, 0.7415],[0.5204, 0.7672],[0.6604, 0.5776],[0.6451, 0.6864],[0.6078, 0.7544],[0.592, 0.7676]
[0.4925, 0.8208],[0.4241, 0.8059],[0.3565, 0.7867],[0.3082, 0.7732],[0.2587, 0.7858],[0.3756, 0.5277],[0.3886, 0.4512],[0.4098, 0.3854],[0.4355, 0.333],[0.4837, 0.4978],[0.4917, 0.5719],[0.4612, 0.6909],[0.4489, 0.7372],[0.5754, 0.525],[0.5717, 0.6534],[0.5311, 0.7428],[0.5157, 0.7662],[0.6498, 0.5807],[0.6358, 0.6922],[0.6025, 0.7608],[0.5905, 0.7745]
[0.4769, 0.8203],[0.4025, 0.8093],[0.3311, 0.7912],[0.2803, 0.7768],[0.2429, 0.7815],[0.363, 0.5278],[0.3756, 0.4547],[0.396, 0.3905],[0.4221, 0.339],[0.4742, 0.501],[0.4835, 0.5748],[0.4529, 0.6948],[0.4409, 0.7401],[0.5674, 0.5298],[0.5617, 0.6604],[0.5218, 0.7496],[0.5071, 0.7701],[0.6431, 0.5858],[0.6281, 0.6929],[0.5927, 0.7597],[0.5773, 0.77]
[0.4696, 0.8185],[0.3961, 0.8086],[0.323, 0.7927],[0.2726, 0.7824],[0.229, 0.7876],[0.3594, 0.53],[0.3704, 0.4586],[0.3898, 0.3926],[0.4142, 0.3436],[0.4717, 0.5006],[0.4727, 0.5864],[0.4393, 0.7072],[0.4277, 0.75],[0.566, 0.5309],[0.5542, 0.6678],[0.5122, 0.7563],[0.4977, 0.7753],[0.6414, 0.5902],[0.6218, 0.7006],[0.5877, 0.7673],[0.5759, 0.7775]
[0.4634, 0.8336],[0.3921, 0.8222],[0.3185, 0.8024],[0.2667, 0.7897],[0.2282, 0.7954],[0.3542, 0.5376],[0.3634, 0.4673],[0.3815, 0.4037],[0.4046, 0.3553],[0.4677, 0.5049],[0.4678, 0.5945],[0.4367, 0.713],[0.426, 0.7585],[0.5622, 0.5353],[0.5486, 0.6734],[0.508, 0.7612],[0.494, 0.7822],[0.6371, 0.5954],[0.6156, 0.7115],[0.5795, 0.7787],[0.5654, 0.7897]
[0.4632, 0.8309],[0.389, 0.8184],[0.3161, 0.8013],[0.2676, 0.7921],[0.2233, 0.7996],[0.3536, 0.5366],[0.3611, 0.469],[0.3792, 0.4061],[0.4023, 0.3578],[0.467, 0.506],[0.4629, 0.5932],[0.4316, 0.7127],[0.4212, 0.7631],[0.5612, 0.5365],[0.5451, 0.6709],[0.5052, 0.7611],[0.4905, 0.7881],[0.6354, 0.596],[0.6124, 0.7098],[0.5781, 0.7764],[0.5649, 0.7899]
[0.4644, 0.829],[0.3931, 0.8179],[0.3207, 0.8022],[0.2692, 0.7905],[0.2246, 0.7969],[0.3546, 0.5373],[0.3614, 0.4695],[0.3795, 0.4062],[0.4019, 0.3582],[0.4673, 0.5053],[0.4626, 0.591],[0.4321, 0.7136],[0.4225, 0.762],[0.5617, 0.5356],[0.5474, 0.6705],[0.5064, 0.7644],[0.4905, 0.7896],[0.6361, 0.5958],[0.6138, 0.7119],[0.5798, 0.7803],[0.5673, 0.792]
[0.4697, 0.8271],[0.3991, 0.8152],[0.3285, 0.8003],[0.2771, 0.7903],[0.229, 0.798],[0.3582, 0.5371],[0.368, 0.469],[0.386, 0.4055],[0.4084, 0.3571],[0.4699, 0.5047],[0.4645, 0.594],[0.4336, 0.7154],[0.4246, 0.7624],[0.5642, 0.5342],[0.5501, 0.6691],[0.5103, 0.7608],[0.4953, 0.7856],[0.6388, 0.593],[0.6172, 0.7103],[0.5845, 0.7776],[0.573, 0.7885]
[0.4729, 0.832],[0.4074, 0.8185],[0.3431, 0.8003],[0.2933, 0.7858],[0.2342, 0.792],[0.3621, 0.5347],[0.3717, 0.4718],[0.3891, 0.4098],[0.4122, 0.3601],[0.4714, 0.5048],[0.468, 0.6016],[0.4376, 0.719],[0.4278, 0.7705],[0.5644, 0.5351],[0.5482, 0.6737],[0.5121, 0.759],[0.5009, 0.7869],[0.6389, 0.5938],[0.6145, 0.7088],[0.5853, 0.7705],[0.5774, 0.7824]
[0.4763, 0.828],[0.4115, 0.8164],[0.3478, 0.8008],[0.2963, 0.7867],[0.2361, 0.7919],[0.3647, 0.5373],[0.3746, 0.4724],[0.3934, 0.4088],[0.4178, 0.3571],[0.4743, 0.5039],[0.4734, 0.5959],[0.4436, 0.7146],[0.4327, 0.7711],[0.5679, 0.5326],[0.552, 0.6737],[0.5148, 0.763],[0.502, 0.7951],[0.6422, 0.5907],[0.6186, 0.7085],[0.5898, 0.7724],[0.5814, 0.7864]
[0.4772, 0.8239],[0.41, 0.8132],[0.3451, 0.7996],[0.2934, 0.7855],[0.2373, 0.7896],[0.3675, 0.532],[0.3792, 0.4662],[0.3974, 0.4046],[0.4206, 0.3548],[0.4776, 0.5],[0.4779, 0.5888],[0.4495, 0.7075],[0.4372, 0.7755],[0.5702, 0.5296],[0.5555, 0.6701],[0.5197, 0.7623],[0.5058, 0.8075],[0.6432, 0.5884],[0.6205, 0.7072],[0.5875, 0.7739],[0.5737, 0.7986]
[0.4797, 0.8246],[0.4138, 0.8124],[0.35, 0.7964],[0.3002, 0.7817],[0.2425, 0.7839],[0.3749, 0.5299],[0.3896, 0.4656],[0.4128, 0.404],[0.4405, 0.3533],[0.4849, 0.4972],[0.4835, 0.5955],[0.4513, 0.7155],[0.4394, 0.7748],[0.5775, 0.527],[0.5638, 0.6742],[0.5245, 0.7638],[0.5109, 0.7977],[0.6507, 0.5865],[0.6269, 0.7108],[0.591, 0.7782],[0.5768, 0.7961]
[0.4931, 0.8146],[0.4259, 0.8038],[0.3598, 0.7862],[0.3126, 0.7759],[0.2581, 0.7804],[0.3903, 0.5196],[0.4087, 0.4541],[0.4366, 0.3974],[0.4696, 0.3543],[0.4978, 0.4928],[0.5056, 0.586],[0.4719, 0.7009],[0.4551, 0.7618],[0.5863, 0.523],[0.5827, 0.6569],[0.5426, 0.7456],[0.5247, 0.7835],[0.6582, 0.5794],[0.6466, 0.693],[0.6077, 0.7618],[0.5872, 0.7839]
[0.5042, 0.8161],[0.4381, 0.8051],[0.3725, 0.7886],[0.3285, 0.773],[0.2711, 0.7775],[0.4026, 0.5208],[0.4275, 0.452],[0.4611, 0.3959],[0.4974, 0.3565],[0.5088, 0.4943],[0.5251, 0.5858],[0.4889, 0.7082],[0.4731, 0.7508],[0.5978, 0.5226],[0.6038, 0.6626],[0.5586, 0.7519],[0.5386, 0.7717],[0.669, 0.5785],[0.6607, 0.6982],[0.6214, 0.7687],[0.6021, 0.7802]
[0.5174, 0.8207],[0.4522, 0.8096],[0.3892, 0.7927],[0.3433, 0.7686],[0.2802, 0.77],[0.4157, 0.5249],[0.4426, 0.4545],[0.4798, 0.3951],[0.5191, 0.3558],[0.5189, 0.4974],[0.5391, 0.5828],[0.5042, 0.7059],[0.4881, 0.7457],[0.6065, 0.5236],[0.6188, 0.652],[0.5725, 0.7366],[0.5481, 0.753],[0.6761, 0.5768],[0.6743, 0.6963],[0.6347, 0.7625],[0.6128, 0.7694]
[0.5197, 0.8215],[0.4556, 0.8084],[0.3954, 0.7855],[0.3569, 0.7665],[0.3033, 0.7738],[0.4308, 0.52],[0.4677, 0.4512],[0.5078, 0.3959],[0.5498, 0.3542],[0.5363, 0.499],[0.5573, 0.5872],[0.5185, 0.7098],[0.5012, 0.7532],[0.6221, 0.5303],[0.6336, 0.6542],[0.5836, 0.7423],[0.5588, 0.7649],[0.6906, 0.5857],[0.6893, 0.6978],[0.6434, 0.7688],[0.617, 0.783]
[0.5323, 0.8188],[0.4632, 0.8074],[0.4012, 0.7828],[0.3595, 0.7693],[0.2986, 0.7793],[0.4393, 0.5218],[0.482, 0.4505],[0.5258, 0.3954],[0.571, 0.3532],[0.5424, 0.5011],[0.5714, 0.5917],[0.5334, 0.7099],[0.5155, 0.7495],[0.6272, 0.53],[0.6448, 0.6527],[0.5942, 0.737],[0.5674, 0.7525],[0.6962, 0.5821],[0.6969, 0.6934],[0.6543, 0.7629],[0.6305, 0.7717]
[0.534, 0.8177],[0.4635, 0.7998],[0.399, 0.766],[0.3721, 0.7667],[0.3406, 0.7892],[0.4511, 0.5176],[0.4999, 0.4497],[0.5473, 0.3966],[0.5957, 0.3553],[0.554, 0.5008],[0.5869, 0.588],[0.5485, 0.7111],[0.5285, 0.7542],[0.637, 0.5315],[0.6591, 0.6525],[0.6096, 0.7413],[0.5822, 0.7615],[0.7032, 0.5848],[0.7084, 0.695],[0.6628, 0.7694],[0.6344, 0.7831]
[0.5468, 0.826],[0.4824, 0.8078],[0.4241, 0.775],[0.3843, 0.7644],[0.3252, 0.7793],[0.4635, 0.5198],[0.5108, 0.4495],[0.5629, 0.3948],[0.6164, 0.3538],[0.5623, 0.5013],[0.606, 0.5913],[0.5654, 0.715],[0.5415, 0.7518],[0.645, 0.5313],[0.6772, 0.6538],[0.6258, 0.7447],[0.595, 0.7631],[0.7107, 0.5834],[0.7216, 0.6903],[0.6763, 0.7668],[0.6476, 0.7819]
[0.552, 0.8231],[0.4852, 0.8091],[0.4241, 0.7811],[0.3906, 0.7658],[0.3417, 0.7695],[0.4799, 0.5198],[0.5349, 0.4491],[0.5889, 0.3928],[0.6447, 0.3507],[0.5803, 0.507],[0.6213, 0.5945],[0.5748, 0.7171],[0.5518, 0.7416],[0.6625, 0.539],[0.6922, 0.6604],[0.6363, 0.7475],[0.6069, 0.7533],[0.7274, 0.5911],[0.7372, 0.6943],[0.6913, 0.7677],[0.665, 0.7757]
[0.5581, 0.8127],[0.4793, 0.7964],[0.4116, 0.7554],[0.3967, 0.7495],[0.396, 0.7649],[0.5053, 0.5146],[0.5632, 0.4443],[0.6172, 0.3931],[0.6747, 0.3504],[0.6021, 0.5087],[0.6547, 0.592],[0.6011, 0.7128],[0.572, 0.747],[0.6778, 0.5461],[0.7153, 0.6599],[0.6535, 0.7453],[0.621, 0.7544],[0.7366, 0.6039],[0.7536, 0.7018],[0.7014, 0.7726],[0.668, 0.7789]
[0.5728, 0.8061],[0.4885, 0.7938],[0.4222, 0.7494],[0.4328, 0.752],[0.4772, 0.7759],[0.518, 0.5253],[0.5741, 0.4465],[0.6363, 0.3967],[0.7013, 0.3523],[0.6124, 0.5186],[0.6727, 0.5908],[0.6243, 0.7132],[0.5934, 0.7511],[0.687, 0.5504],[0.7342, 0.6548],[0.6776, 0.7421],[0.6422, 0.7509],[0.7451, 0.6015],[0.7713, 0.6948],[0.7216, 0.7668],[0.6835, 0.7726]
[0.5802, 0.8022],[0.4934, 0.7926],[0.4396, 0.7457],[0.4861, 0.7447],[0.5579, 0.7734],[0.535, 0.5265],[0.5992, 0.4486],[0.6641, 0.3952],[0.7293, 0.3496],[0.627, 0.5225],[0.6897, 0.5877],[0.6379, 0.7115],[0.6067, 0.7396],[0.6995, 0.5546],[0.7531, 0.6473],[0.691, 0.7383],[0.6529, 0.7423],[0.7563, 0.6049],[0.787, 0.6882],[0.7356, 0.7626],[0.6975, 0.7665]
[0.5925, 0.8052],[0.5098, 0.7919],[0.4572, 0.7457],[0.4771, 0.7462],[0.5059, 0.7775],[0.5467, 0.5223],[0.6159, 0.4431],[0.6833, 0.3892],[0.7514, 0.3429],[0.6376, 0.5241],[0.7106, 0.5807],[0.6575, 0.7038],[0.6241, 0.7376],[0.7094, 0.5587],[0.7683, 0.6498],[0.7032, 0.7397],[0.664, 0.7468],[0.7652, 0.6113],[0.7993, 0.6939],[0.7465, 0.7671],[0.708, 0.7725]
[0.5983, 0.7989],[0.5165, 0.7829],[0.4681, 0.7424],[0.4893, 0.7506],[0.5116, 0.7782],[0.5636, 0.5229],[0.6367, 0.4408],[0.7045, 0.3907],[0.773, 0.3485],[0.65, 0.5289],[0.7256, 0.5884],[0.6687, 0.7076],[0.6336, 0.738],[0.7182, 0.565],[0.7783, 0.6564],[0.7127, 0.741],[0.6744, 0.7431],[0.7726, 0.6169],[0.8068, 0.7022],[0.7516, 0.7683],[0.7121, 0.7673]
[0.6035, 0.7958],[0.5234, 0.779],[0.4822, 0.7399],[0.4962, 0.7496],[0.4948, 0.7772],[0.5674, 0.5244],[0.6507, 0.441],[0.7233, 0.3903],[0.7949, 0.3441],[0.6553, 0.5313],[0.7335, 0.5921],[0.678, 0.7079],[0.6387, 0.7415],[0.723, 0.5683],[0.7869, 0.6522],[0.7214, 0.739],[0.6774, 0.7483],[0.7753, 0.6197],[0.8145, 0.6972],[0.7613, 0.7675],[0.72, 0.7747]
[0.6029, 0.7946],[0.5336, 0.7744],[0.4975, 0.7375],[0.5074, 0.7525],[0.4862, 0.7755],[0.5776, 0.522],[0.6662, 0.4393],[0.7402, 0.3909],[0.8121, 0.3463],[0.6638, 0.5356],[0.7424, 0.5895],[0.6865, 0.7043],[0.6487, 0.7381],[0.7294, 0.5764],[0.7951, 0.6501],[0.7294, 0.7347],[0.6872, 0.7421],[0.78, 0.6301],[0.8205, 0.6992],[0.7675, 0.7662],[0.7294, 0.7706]
[0.5969, 0.7987],[0.518, 0.7776],[0.4878, 0.7345],[0.5405, 0.7492],[0.5884, 0.774],[0.5789, 0.5223],[0.6748, 0.442],[0.7533, 0.393],[0.8308, 0.3474],[0.6696, 0.5371],[0.7489, 0.596],[0.6902, 0.7063],[0.6496, 0.739],[0.7379, 0.5785],[0.8017, 0.6557],[0.7351, 0.7383],[0.691, 0.7451],[0.79, 0.6327],[0.8274, 0.7023],[0.7737, 0.7671],[0.7338, 0.7694]
[0.6012, 0.8016],[0.5212, 0.7823],[0.4875, 0.7352],[0.5336, 0.7463],[0.5826, 0.7717],[0.5832, 0.5236],[0.6779, 0.4398],[0.7581, 0.3901],[0.8376, 0.3431],[0.6712, 0.5378],[0.7578, 0.5923],[0.7025, 0.7033],[0.6595, 0.743],[0.7374, 0.5773],[0.8055, 0.6586],[0.7401, 0.7441],[0.6936, 0.7551],[0.7878, 0.6306],[0.8303, 0.7052],[0.7764, 0.773],[0.7331, 0.7778]
[0.6002, 0.8026],[0.5242, 0.7784],[0.4963, 0.7295],[0.5508, 0.7442],[0.6084, 0.7718],[0.5919, 0.5218],[0.6899, 0.4387],[0.7711, 0.3922],[0.849, 0.348],[0.6811, 0.5413],[0.76, 0.5903],[0.7035, 0.7026],[0.6584, 0.7441],[0.7473, 0.5842],[0.8112, 0.653],[0.7467, 0.74],[0.6986, 0.7559],[0.7964, 0.6388],[0.8381, 0.7021],[0.785, 0.7691],[0.7419, 0.7782]
[0.6097, 0.7993],[0.5378, 0.7806],[0.4974, 0.7405],[0.509, 0.749],[0.5168, 0.7661],[0.6019, 0.5201],[0.6976, 0.4387],[0.7787, 0.3905],[0.859, 0.3466],[0.6904, 0.5363],[0.7732, 0.5935],[0.7091, 0.6993],[0.6644, 0.7282],[0.7567, 0.5794],[0.8192, 0.6624],[0.7458, 0.742],[0.6981, 0.744],[0.8054, 0.6366],[0.8431, 0.7127],[0.784, 0.7745],[0.7393, 0.7717]
[0.6064, 0.8079],[0.5268, 0.7858],[0.4873, 0.7372],[0.5349, 0.7409],[0.5962, 0.7613],[0.5967, 0.5222],[0.6965, 0.44],[0.7806, 0.3899],[0.8623, 0.3451],[0.6868, 0.5433],[0.771, 0.5822],[0.7123, 0.6962],[0.6655, 0.736],[0.7543, 0.5868],[0.8203, 0.6489],[0.7522, 0.7364],[0.7002, 0.748],[0.8032, 0.6428],[0.8437, 0.7036],[0.7887, 0.7696],[0.7422, 0.773]
[0.6168, 0.8052],[0.5456, 0.7825],[0.5104, 0.7357],[0.5414, 0.7463],[0.5702, 0.7763],[0.6045, 0.525],[0.7066, 0.4401],[0.7911, 0.3926],[0.8687, 0.3492],[0.6909, 0.5426],[0.7759, 0.5901],[0.7265, 0.7013],[0.6803, 0.747],[0.7552, 0.5834],[0.8223, 0.6507],[0.7646, 0.7352],[0.7154, 0.7542],[0.8039, 0.6375],[0.8493, 0.6981],[0.8001, 0.7624],[0.7534, 0.7724]
[0.6069, 0.8121],[0.5329, 0.7854],[0.5011, 0.7362],[0.5499, 0.7458],[0.6073, 0.7705],[0.6065, 0.5262],[0.7118, 0.4443],[0.7978, 0.3976],[0.8771, 0.3542],[0.697, 0.5491],[0.778, 0.5893],[0.7226, 0.7032],[0.6731, 0.7499],[0.7632, 0.5932],[0.8273, 0.6521],[0.7639, 0.7411],[0.7105, 0.7625],[0.8104, 0.649],[0.8543, 0.702],[0.8015, 0.7683],[0.7525, 0.78]
[0.6128, 0.8148],[0.5408, 0.7891],[0.5056, 0.7452],[0.5377, 0.7601],[0.5646, 0.7786],[0.6121, 0.5278],[0.7136, 0.4491],[0.7998, 0.4018],[0.8822, 0.3558],[0.7038, 0.5421],[0.7756, 0.6085],[0.714, 0.7195],[0.6666, 0.7566],[0.7707, 0.5849],[0.8278, 0.67],[0.7587, 0.7526],[0.7085, 0.7613],[0.8195, 0.6428],[0.8544, 0.7188],[0.7976, 0.7823],[0.7513, 0.7841]
[0.6125, 0.821],[0.5396, 0.7906],[0.5062, 0.7431],[0.5374, 0.7533],[0.5588, 0.7746],[0.613, 0.5275],[0.7149, 0.4485],[0.8003, 0.3992],[0.8816, 0.3542],[0.7058, 0.5431],[0.7755, 0.6077],[0.7117, 0.7159],[0.6639, 0.7484],[0.7742, 0.5868],[0.8308, 0.6672],[0.7598, 0.7473],[0.7081, 0.7533],[0.823, 0.6448],[0.8556, 0.7213],[0.7961, 0.7828],[0.7477, 0.782]
[0.611, 0.8236],[0.5425, 0.797],[0.5069, 0.7517],[0.5173, 0.755],[0.5116, 0.7708],[0.6058, 0.5286],[0.7077, 0.4494],[0.7946, 0.3993],[0.8777, 0.3544],[0.6991, 0.5434],[0.781, 0.6006],[0.722, 0.7122],[0.6716, 0.7526],[0.768, 0.5853],[0.8342, 0.6598],[0.7662, 0.7427],[0.7107, 0.7563],[0.8166, 0.6427],[0.8582, 0.7139],[0.8026, 0.7785],[0.7523, 0.7841]
[0.6094, 0.8233],[0.5376, 0.7958],[0.4991, 0.7474],[0.5178, 0.751],[0.5273, 0.7686],[0.605, 0.5304],[0.7082, 0.4487],[0.7939, 0.4008],[0.8765, 0.3561],[0.6961, 0.5473],[0.7827, 0.5955],[0.7237, 0.7092],[0.673, 0.7508],[0.764, 0.5893],[0.8345, 0.6543],[0.766, 0.7403],[0.7102, 0.756],[0.8136, 0.6465],[0.8588, 0.7091],[0.8033, 0.7753],[0.7533, 0.7831]
[0.6081, 0.8218],[0.5368, 0.7953],[0.5027, 0.7485],[0.5224, 0.751],[0.5296, 0.7696],[0.6089, 0.5263],[0.7116, 0.4449],[0.7965, 0.3977],[0.8774, 0.3544],[0.7003, 0.5451],[0.7795, 0.5932],[0.7188, 0.704],[0.6681, 0.745],[0.7681, 0.5894],[0.8328, 0.6522],[0.7629, 0.737],[0.708, 0.7536],[0.8179, 0.6481],[0.8595, 0.7097],[0.8016, 0.7746],[0.7517, 0.7829]
[0.6107, 0.8253],[0.5459, 0.7997],[0.5115, 0.7551],[0.5147, 0.7538],[0.4908, 0.7643],[0.6069, 0.5295],[0.7098, 0.4466],[0.797, 0.3991],[0.8787, 0.3572],[0.6933, 0.5459],[0.79, 0.59],[0.7343, 0.7038],[0.6822, 0.7456],[0.7588, 0.5857],[0.837, 0.6509],[0.7702, 0.7378],[0.713, 0.7534],[0.8079, 0.6416],[0.8596, 0.7042],[0.8056, 0.7716],[0.7541, 0.7795]
[0.6119, 0.8293],[0.5461, 0.7996],[0.5116, 0.7483],[0.5144, 0.7489],[0.4969, 0.764],[0.6069, 0.5299],[0.7139, 0.4476],[0.8002, 0.3992],[0.8816, 0.355],[0.6938, 0.5497],[0.7907, 0.5909],[0.7287, 0.706],[0.6773, 0.7433],[0.7599, 0.5914],[0.8373, 0.6535],[0.7657, 0.7406],[0.7104, 0.7511],[0.8097, 0.6475],[0.8605, 0.7093],[0.8026, 0.7749],[0.751, 0.7784]
[0.6177, 0.8263],[0.5529, 0.7976],[0.5185, 0.7488],[0.5216, 0.7534],[0.4976, 0.7689],[0.6121, 0.5299],[0.7177, 0.4466],[0.8032, 0.3994],[0.8846, 0.3555],[0.6992, 0.5492],[0.7889, 0.5919],[0.7285, 0.7064],[0.6796, 0.746],[0.7642, 0.5913],[0.8359, 0.6543],[0.7656, 0.7404],[0.7125, 0.7527],[0.8126, 0.6477],[0.8595, 0.7102],[0.8033, 0.7752],[0.7545, 0.7803]
[0.6176, 0.8212],[0.5611, 0.7928],[0.5267, 0.7485],[0.5161, 0.7519],[0.4755, 0.7621],[0.6182, 0.5246],[0.7236, 0.4451],[0.8059, 0.4001],[0.8853, 0.3579],[0.7069, 0.5482],[0.7937, 0.5929],[0.7268, 0.7],[0.6744, 0.736],[0.7723, 0.5945],[0.8391, 0.6574],[0.7642, 0.7357],[0.7102, 0.7447],[0.8203, 0.654],[0.8625, 0.7167],[0.8022, 0.7748],[0.7524, 0.7765]
[0.6127, 0.8206],[0.5552, 0.7921],[0.5198, 0.7489],[0.5158, 0.7543],[0.4851, 0.7676],[0.6199, 0.5236],[0.7254, 0.4457],[0.8075, 0.3995],[0.8868, 0.3585],[0.7087, 0.5486],[0.7977, 0.5902],[0.7274, 0.6996],[0.6735, 0.7363],[0.7738, 0.5955],[0.8413, 0.6581],[0.7633, 0.7369],[0.7074, 0.746],[0.8211, 0.656],[0.8619, 0.7189],[0.7992, 0.7764],[0.7475, 0.7766]
[0.6098, 0.822],[0.5413, 0.7895],[0.511, 0.7411],[0.5418, 0.7535],[0.5701, 0.7763],[0.6194, 0.5242],[0.7215, 0.4486],[0.8056, 0.403],[0.8883, 0.3619],[0.7079, 0.5501],[0.798, 0.5935],[0.7392, 0.7088],[0.6914, 0.7557],[0.773, 0.5977],[0.8418, 0.6627],[0.7711, 0.7486],[0.7167, 0.7654],[0.8196, 0.6574],[0.8637, 0.7184],[0.8063, 0.7807],[0.7567, 0.7862]
[0.6139, 0.819],[0.5477, 0.7873],[0.5153, 0.741],[0.5335, 0.7529],[0.5404, 0.7769],[0.6224, 0.5223],[0.7231, 0.4479],[0.8085, 0.4022],[0.8897, 0.3626],[0.7104, 0.5457],[0.7973, 0.5941],[0.747, 0.7125],[0.7004, 0.7646],[0.7747, 0.5923],[0.8417, 0.6621],[0.7781, 0.7512],[0.7221, 0.7744],[0.8202, 0.6522],[0.8658, 0.7149],[0.8126, 0.7816],[0.7602, 0.794]
[0.6156, 0.8173],[0.5467, 0.7865],[0.5122, 0.7418],[0.5334, 0.7501],[0.5495, 0.7674],[0.6249, 0.522],[0.7248, 0.4485],[0.809, 0.401],[0.8897, 0.3609],[0.7134, 0.546],[0.7959, 0.6006],[0.7368, 0.7169],[0.6907, 0.761],[0.7781, 0.5924],[0.8412, 0.6679],[0.772, 0.7529],[0.7186, 0.767],[0.8235, 0.6512],[0.8643, 0.7197],[0.8074, 0.7834],[0.7575, 0.789]
[0.6141, 0.8155],[0.5401, 0.7842],[0.5058, 0.7364],[0.543, 0.7473],[0.5935, 0.7684],[0.6201, 0.5231],[0.722, 0.4492],[0.8054, 0.403],[0.8879, 0.3622],[0.7105, 0.5498],[0.7968, 0.5985],[0.7378, 0.7136],[0.692, 0.7582],[0.7765, 0.5979],[0.8409, 0.668],[0.7713, 0.7517],[0.7193, 0.7636],[0.8226, 0.6577],[0.8622, 0.723],[0.8054, 0.7842],[0.7575, 0.7874]
[0.6207, 0.8132],[0.5518, 0.7822],[0.5202, 0.7383],[0.5406, 0.7577],[0.5416, 0.776],[0.6262, 0.5234],[0.7272, 0.4485],[0.8102, 0.4022],[0.8919, 0.3597],[0.7146, 0.5482],[0.8012, 0.6075],[0.7401, 0.7189],[0.6952, 0.7562],[0.7792, 0.5963],[0.8418, 0.6805],[0.7698, 0.761],[0.7209, 0.7653],[0.8259, 0.6568],[0.8648, 0.7288],[0.8048, 0.7888],[0.7575, 0.7867]
[0.6222, 0.8167],[0.5551, 0.7866],[0.5273, 0.7441],[0.552, 0.7557],[0.556, 0.7754],[0.6244, 0.5263],[0.7254, 0.4509],[0.8105, 0.4013],[0.8929, 0.359],[0.7121, 0.5487],[0.7986, 0.6071],[0.7394, 0.7212],[0.6952, 0.7555],[0.7772, 0.595],[0.8427, 0.6734],[0.7732, 0.7568],[0.7225, 0.7615],[0.8234, 0.6533],[0.8629, 0.7244],[0.807, 0.7876],[0.7602, 0.7871]
[0.6216, 0.8117],[0.5494, 0.7819],[0.5219, 0.7351],[0.562, 0.7492],[0.593, 0.7753],[0.6254, 0.524],[0.7281, 0.4481],[0.8123, 0.4005],[0.8948, 0.3577],[0.7137, 0.5479],[0.799, 0.6032],[0.7381, 0.7165],[0.6939, 0.753],[0.7782, 0.5944],[0.8435, 0.6723],[0.7719, 0.7555],[0.7217, 0.7618],[0.8244, 0.6528],[0.8655, 0.7235],[0.8075, 0.786],[0.7599, 0.7862]
[0.6159, 0.8147],[0.5453, 0.7852],[0.5153, 0.7395],[0.5537, 0.7477],[0.5932, 0.7689],[0.6245, 0.5253],[0.7254, 0.4483],[0.8091, 0.3992],[0.8925, 0.3572],[0.7134, 0.5515],[0.8023, 0.6042],[0.7384, 0.7155],[0.6925, 0.7521],[0.7784, 0.5994],[0.8426, 0.6758],[0.7696, 0.756],[0.7196, 0.7611],[0.8241, 0.6584],[0.8644, 0.728],[0.8048, 0.787],[0.7571, 0.7849]
[0.6164, 0.8138],[0.5458, 0.7839],[0.5161, 0.7401],[0.5506, 0.7513],[0.5793, 0.7714],[0.6253, 0.5236],[0.7262, 0.4479],[0.8098, 0.4013],[0.892, 0.3602],[0.7162, 0.5461],[0.7963, 0.6082],[0.7355, 0.7179],[0.6891, 0.7553],[0.782, 0.5937],[0.841, 0.675],[0.7711, 0.754],[0.7204, 0.7611],[0.8286, 0.654],[0.8646, 0.7275],[0.8061, 0.7864],[0.7586, 0.7854]
[0.6187, 0.8095],[0.5507, 0.7815],[0.5219, 0.7415],[0.5468, 0.7574],[0.5511, 0.777],[0.6248, 0.5263],[0.7268, 0.4486],[0.8108, 0.4022],[0.8926, 0.362],[0.7143, 0.5501],[0.7975, 0.6049],[0.7382, 0.7205],[0.6931, 0.7617],[0.7793, 0.5968],[0.8411, 0.6731],[0.7711, 0.7557],[0.7202, 0.7643],[0.8254, 0.6555],[0.863, 0.724],[0.806, 0.7853],[0.7594, 0.7855]
[0.6209, 0.8098],[0.5528, 0.7823],[0.5237, 0.7411],[0.5508, 0.7559],[0.5601, 0.7764],[0.6245, 0.5265],[0.7275, 0.4498],[0.8121, 0.4028],[0.8951, 0.3611],[0.714, 0.5518],[0.7999, 0.6037],[0.7367, 0.7163],[0.689, 0.7564],[0.779, 0.5991],[0.8417, 0.6731],[0.7692, 0.7526],[0.7182, 0.7588],[0.8254, 0.6583],[0.862, 0.7258],[0.8029, 0.7837],[0.7561, 0.7806]
[0.6221, 0.8078],[0.5535, 0.7808],[0.5267, 0.74],[0.5541, 0.755],[0.5561, 0.7731],[0.6248, 0.5257],[0.7273, 0.4483],[0.8118, 0.4023],[0.8947, 0.3592],[0.7132, 0.5514],[0.8013, 0.5992],[0.7381, 0.7105],[0.687, 0.7503],[0.7775, 0.5988],[0.843, 0.669],[0.7688, 0.7512],[0.7154, 0.7592],[0.8238, 0.658],[0.8637, 0.723],[0.8028, 0.7833],[0.754, 0.7826]
[0.6147, 0.8138],[0.5436, 0.786],[0.5148, 0.7357],[0.5675, 0.7433],[0.62, 0.7694],[0.621, 0.5289],[0.7229, 0.4501],[0.8077, 0.4035],[0.8922, 0.3611],[0.7095, 0.5562],[0.8026, 0.5943],[0.7431, 0.7057],[0.6948, 0.7495],[0.7746, 0.6032],[0.8437, 0.6646],[0.7734, 0.7467],[0.7209, 0.7583],[0.8215, 0.662],[0.8658, 0.72],[0.808, 0.7788],[0.7594, 0.779]
[0.6126, 0.8152],[0.5434, 0.7848],[0.517, 0.7379],[0.5583, 0.7516],[0.5911, 0.7781],[0.6234, 0.5274],[0.7256, 0.4494],[0.8097, 0.404],[0.8939, 0.3618],[0.7122, 0.5573],[0.8047, 0.5977],[0.7389, 0.7072],[0.687, 0.7462],[0.7771, 0.6067],[0.8435, 0.6713],[0.769, 0.7522],[0.7157, 0.7609],[0.823, 0.6665],[0.8654, 0.7272],[0.8043, 0.7861],[0.7547, 0.7858]
[0.6133, 0.8161],[0.5494, 0.7862],[0.5204, 0.7416],[0.5477, 0.7545],[0.5617, 0.7757],[0.6244, 0.5292],[0.7279, 0.4505],[0.8121, 0.4048],[0.8955, 0.3643],[0.7112, 0.5583],[0.8099, 0.6009],[0.7456, 0.7096],[0.693, 0.7498],[0.7746, 0.6071],[0.844, 0.6749],[0.7705, 0.754],[0.7164, 0.7633],[0.8199, 0.6669],[0.8651, 0.7276],[0.8054, 0.7848],[0.7551, 0.7845]
[0.6187, 0.8153],[0.5567, 0.7865],[0.5258, 0.7438],[0.5382, 0.7566],[0.5247, 0.7731],[0.6268, 0.5294],[0.7282, 0.4514],[0.812, 0.4065],[0.8952, 0.3657],[0.7129, 0.5561],[0.8084, 0.5999],[0.7437, 0.707],[0.6947, 0.7408],[0.7762, 0.6032],[0.8447, 0.6736],[0.7692, 0.7508],[0.7174, 0.7543],[0.8228, 0.663],[0.8647, 0.7277],[0.8039, 0.7845],[0.7555, 0.7805]
[0.6183, 0.8129],[0.5558, 0.785],[0.5237, 0.7421],[0.539, 0.7555],[0.5392, 0.7732],[0.625, 0.5304],[0.7284, 0.4511],[0.8135, 0.4055],[0.897, 0.3636],[0.7132, 0.5562],[0.8039, 0.6022],[0.7385, 0.7104],[0.6903, 0.7414],[0.7783, 0.6029],[0.8427, 0.6742],[0.7675, 0.7528],[0.7163, 0.7543],[0.8251, 0.6618],[0.8625, 0.7295],[0.8014, 0.7872],[0.7534, 0.7816]
[0.6134, 0.8126],[0.5487, 0.7851],[0.5188, 0.7432],[0.546, 0.7552],[0.5643, 0.7753],[0.6243, 0.5285],[0.7284, 0.4514],[0.8135, 0.406],[0.898, 0.3647],[0.7129, 0.5546],[0.8049, 0.6059],[0.7405, 0.7124],[0.6912, 0.7458],[0.7778, 0.6022],[0.8445, 0.6733],[0.7713, 0.7519],[0.7194, 0.7582],[0.8242, 0.6613],[0.8644, 0.7272],[0.8048, 0.7846],[0.7568, 0.7829]
[0.6158, 0.8107],[0.5506, 0.7859],[0.5181, 0.7451],[0.5394, 0.7567],[0.5527, 0.7725],[0.6249, 0.5305],[0.7276, 0.4522],[0.8121, 0.4078],[0.8959, 0.366],[0.7113, 0.5545],[0.8081, 0.6049],[0.7441, 0.71],[0.6956, 0.7346],[0.7753, 0.6004],[0.8456, 0.6732],[0.7726, 0.7525],[0.7224, 0.7517],[0.8221, 0.6585],[0.8642, 0.7265],[0.8054, 0.7855],[0.7591, 0.7807]
[0.6132, 0.8092],[0.5414, 0.7825],[0.5141, 0.7382],[0.5602, 0.7512],[0.6085, 0.7694],[0.6256, 0.5288],[0.7291, 0.4511],[0.8136, 0.4073],[0.8986, 0.3647],[0.7149, 0.5567],[0.8046, 0.6018],[0.7423, 0.7072],[0.6932, 0.7408],[0.7797, 0.6059],[0.8453, 0.6714],[0.7729, 0.7509],[0.7212, 0.7567],[0.8248, 0.6658],[0.8652, 0.7265],[0.8067, 0.7846],[0.7599, 0.7838]
[0.6114, 0.811],[0.5404, 0.7835],[0.5165, 0.7382],[0.5691, 0.7528],[0.6178, 0.7713],[0.6233, 0.5286],[0.7278, 0.4517],[0.8127, 0.4085],[0.8976, 0.3673],[0.7129, 0.5561],[0.8057, 0.6011],[0.7452, 0.7083],[0.6969, 0.7437],[0.7775, 0.6048],[0.8451, 0.6721],[0.7736, 0.754],[0.7223, 0.7611],[0.823, 0.665],[0.8653, 0.7252],[0.8081, 0.7857],[0.7617, 0.7866]
[0.6133, 0.8118],[0.5419, 0.7826],[0.5197, 0.7346],[0.5853, 0.7487],[0.6512, 0.7677],[0.6233, 0.5294],[0.7283, 0.4521],[0.8137, 0.4092],[0.8983, 0.368],[0.7133, 0.5571],[0.8035, 0.6021],[0.7393, 0.7086],[0.6914, 0.7374],[0.7786, 0.606],[0.8452, 0.6733],[0.7711, 0.7529],[0.7207, 0.7531],[0.8257, 0.6661],[0.8659, 0.729],[0.806, 0.787],[0.759, 0.7823]
[0.6123, 0.8121],[0.5407, 0.7819],[0.5178, 0.732],[0.587, 0.7447],[0.6596, 0.7628],[0.6237, 0.5295],[0.7279, 0.4521],[0.8131, 0.4083],[0.897, 0.3677],[0.7137, 0.5563],[0.8042, 0.6026],[0.7398, 0.7104],[0.6915, 0.7413],[0.779, 0.6052],[0.8446, 0.676],[0.7698, 0.7556],[0.7186, 0.7571],[0.8258, 0.6664],[0.8652, 0.7311],[0.8044, 0.7889],[0.7561, 0.7849]
[0.6135, 0.8132],[0.5404, 0.784],[0.517, 0.7334],[0.585, 0.7439],[0.6588, 0.7605],[0.6213, 0.5307],[0.7263, 0.4515],[0.8122, 0.4074],[0.8963, 0.3659],[0.7134, 0.5544],[0.8021, 0.606],[0.7379, 0.7135],[0.6861, 0.7495],[0.7797, 0.6015],[0.842, 0.6786],[0.7681, 0.7582],[0.7147, 0.7643],[0.8265, 0.6618],[0.8642, 0.7312],[0.8033, 0.7894],[0.7528, 0.7886]
[0.6108, 0.8124],[0.5514, 0.7835],[0.5243, 0.7465],[0.5363, 0.7568],[0.5159, 0.7641],[0.6288, 0.52],[0.7325, 0.4506],[0.818, 0.4024],[0.9024, 0.363],[0.7245, 0.5401],[0.7913, 0.6246],[0.7186, 0.7205],[0.6731, 0.7431],[0.7918, 0.5916],[0.8329, 0.6939],[0.7545, 0.758],[0.7098, 0.7531],[0.8383, 0.6567],[0.8549, 0.7468],[0.7883, 0.793],[0.7439, 0.7812]
[0.6126, 0.8144],[0.5507, 0.7856],[0.5196, 0.7462],[0.5324, 0.7535],[0.5207, 0.7645],[0.6288, 0.5207],[0.7304, 0.4466],[0.8142, 0.4022],[0.8972, 0.3643],[0.7195, 0.5461],[0.8007, 0.6055],[0.737, 0.7071],[0.6852, 0.7493],[0.7836, 0.5964],[0.8403, 0.6766],[0.7662, 0.7501],[0.7131, 0.7626],[0.8297, 0.6592],[0.8628, 0.7318],[0.7998, 0.7852],[0.7496, 0.7848]
[0.6087, 0.8175],[0.5393, 0.7858],[0.5128, 0.7405],[0.5524, 0.7555],[0.5935, 0.7821],[0.6239, 0.5239],[0.7291, 0.4494],[0.8158, 0.404],[0.9015, 0.3644],[0.7133, 0.5472],[0.8004, 0.6165],[0.7357, 0.7177],[0.6856, 0.7526],[0.7783, 0.5963],[0.8403, 0.6865],[0.7659, 0.7587],[0.7156, 0.7615],[0.8265, 0.6579],[0.8625, 0.7375],[0.7994, 0.7898],[0.7508, 0.7823]
[0.6103, 0.8195],[0.5483, 0.7884],[0.5213, 0.7451],[0.5392, 0.7574],[0.5378, 0.7757],[0.623, 0.5266],[0.7296, 0.4475],[0.8171, 0.4036],[0.9024, 0.3643],[0.7109, 0.5527],[0.8018, 0.6062],[0.7403, 0.7115],[0.6883, 0.7494],[0.7758, 0.6011],[0.843, 0.6756],[0.7715, 0.7536],[0.7165, 0.7638],[0.8236, 0.6612],[0.8663, 0.7299],[0.8063, 0.7868],[0.7546, 0.7865]
[0.6169, 0.8186],[0.5527, 0.7874],[0.5265, 0.7436],[0.5482, 0.7579],[0.55, 0.7792],[0.6255, 0.5283],[0.7306, 0.4501],[0.8166, 0.4049],[0.9013, 0.3646],[0.7117, 0.5539],[0.8056, 0.6017],[0.7442, 0.7112],[0.6952, 0.7503],[0.7758, 0.6009],[0.845, 0.6725],[0.7721, 0.7534],[0.7183, 0.7629],[0.8231, 0.6596],[0.8671, 0.7255],[0.8075, 0.7842],[0.7564, 0.7837]
[0.6139, 0.8141],[0.5477, 0.783],[0.5255, 0.741],[0.559, 0.7561],[0.5668, 0.7771],[0.6271, 0.524],[0.7329, 0.4466],[0.8193, 0.4011],[0.9054, 0.3604],[0.7158, 0.551],[0.8013, 0.606],[0.735, 0.7119],[0.685, 0.7481],[0.7809, 0.6009],[0.8441, 0.6743],[0.7682, 0.7524],[0.7153, 0.7608],[0.8281, 0.6615],[0.8676, 0.7299],[0.8045, 0.7857],[0.7543, 0.7838]
[0.6105, 0.8125],[0.54, 0.78],[0.519, 0.7339],[0.5764, 0.7485],[0.6352, 0.7737],[0.6251, 0.5229],[0.7344, 0.4481],[0.8219, 0.4032],[0.9076, 0.3638],[0.7156, 0.5513],[0.8001, 0.6062],[0.7365, 0.7112],[0.6853, 0.7523],[0.7812, 0.6015],[0.8426, 0.6736],[0.7702, 0.7503],[0.7173, 0.761],[0.8281, 0.6624],[0.8653, 0.7301],[0.8053, 0.7838],[0.7565, 0.7821]
[0.6127, 0.8115],[0.539, 0.7796],[0.5139, 0.7318],[0.5761, 0.7439],[0.6469, 0.7652],[0.6245, 0.5234],[0.7322, 0.4486],[0.8189, 0.4044],[0.9051, 0.366],[0.7152, 0.554],[0.803, 0.6016],[0.7409, 0.7086],[0.6942, 0.7462],[0.7807, 0.6051],[0.844, 0.6733],[0.772, 0.7518],[0.7222, 0.7579],[0.8277, 0.6668],[0.8658, 0.7292],[0.8067, 0.7852],[0.7596, 0.7826]
[0.6118, 0.8137],[0.5388, 0.7813],[0.5174, 0.7299],[0.5884, 0.7398],[0.6661, 0.7633],[0.6243, 0.5236],[0.7363, 0.4472],[0.8244, 0.4035],[0.9104, 0.3631],[0.717, 0.5534],[0.7975, 0.6027],[0.7326, 0.7099],[0.6815, 0.7481],[0.7837, 0.6045],[0.8447, 0.6695],[0.7726, 0.7506],[0.7205, 0.761],[0.8304, 0.6664],[0.867, 0.7284],[0.8074, 0.7866],[0.7593, 0.7882]
[0.6127, 0.8137],[0.5444, 0.7837],[0.52, 0.7367],[0.5774, 0.7468],[0.6395, 0.7652],[0.6274, 0.5229],[0.7366, 0.4471],[0.8241, 0.4035],[0.9099, 0.3644],[0.7166, 0.5519],[0.8031, 0.602],[0.7382, 0.7099],[0.6878, 0.7455],[0.7814, 0.6022],[0.8456, 0.6696],[0.7725, 0.7507],[0.7192, 0.759],[0.8274, 0.6639],[0.8671, 0.7268],[0.8071, 0.7859],[0.757, 0.7858]
[0.6095, 0.8123],[0.5408, 0.7794],[0.5215, 0.7307],[0.5911, 0.7447],[0.6648, 0.7658],[0.6282, 0.5239],[0.7369, 0.4483],[0.8238, 0.4041],[0.9088, 0.3636],[0.719, 0.5546],[0.8042, 0.6001],[0.7398, 0.7098],[0.6883, 0.7507],[0.7838, 0.6061],[0.8464, 0.6715],[0.7737, 0.7516],[0.7204, 0.7611],[0.8288, 0.6687],[0.868, 0.7297],[0.8079, 0.7865],[0.7578, 0.787]
[0.6088, 0.8114],[0.5411, 0.7791],[0.5211, 0.7312],[0.5808, 0.7463],[0.6441, 0.7708],[0.6279, 0.5234],[0.7347, 0.4463],[0.8207, 0.4044],[0.9052, 0.3661],[0.7163, 0.5565],[0.8081, 0.5942],[0.7481, 0.7023],[0.6953, 0.7465],[0.7798, 0.6082],[0.8488, 0.6671],[0.7771, 0.7494],[0.7212, 0.7641],[0.824, 0.6705],[0.8696, 0.7261],[0.8111, 0.7855],[0.76, 0.7901]
[0.611, 0.8105],[0.5331, 0.7813],[0.5001, 0.7278],[0.5598, 0.732],[0.6425, 0.7548],[0.6252, 0.5246],[0.7359, 0.4434],[0.8233, 0.402],[0.9105, 0.3638],[0.7117, 0.5556],[0.8074, 0.5933],[0.7569, 0.6988],[0.7055, 0.7509],[0.7739, 0.606],[0.8499, 0.6599],[0.7841, 0.743],[0.7257, 0.7658],[0.8172, 0.6668],[0.8713, 0.7152],[0.8171, 0.7776],[0.7639, 0.7907]
[0.6092, 0.8146],[0.5372, 0.7835],[0.5114, 0.7309],[0.5759, 0.7323],[0.6599, 0.7521],[0.6292, 0.5254],[0.74, 0.4431],[0.8264, 0.4015],[0.9102, 0.3643],[0.7157, 0.5563],[0.8134, 0.5902],[0.7675, 0.6943],[0.7156, 0.7475],[0.7779, 0.607],[0.8492, 0.6633],[0.7886, 0.7469],[0.7321, 0.7713],[0.8201, 0.6675],[0.874, 0.7166],[0.8226, 0.7769],[0.7685, 0.7909]
[0.6113, 0.8169],[0.5392, 0.7853],[0.5114, 0.7346],[0.5656, 0.7404],[0.6383, 0.7615],[0.6299, 0.5245],[0.7407, 0.4443],[0.8284, 0.4019],[0.9129, 0.3647],[0.714, 0.5536],[0.8087, 0.5974],[0.763, 0.6998],[0.7108, 0.7533],[0.7744, 0.6031],[0.8486, 0.6607],[0.7892, 0.744],[0.7318, 0.7714],[0.8163, 0.6635],[0.8715, 0.7145],[0.8228, 0.7758],[0.7705, 0.7915]
[0.6134, 0.8214],[0.542, 0.7877],[0.5133, 0.7374],[0.5608, 0.739],[0.6271, 0.7607],[0.6306, 0.5253],[0.7409, 0.4466],[0.8284, 0.4038],[0.9106, 0.3669],[0.7152, 0.5554],[0.8125, 0.5937],[0.7692, 0.6977],[0.7166, 0.7526],[0.7765, 0.605],[0.8496, 0.6593],[0.7932, 0.7442],[0.736, 0.7735],[0.8187, 0.6649],[0.8739, 0.7121],[0.8269, 0.773],[0.7738, 0.7902]
[0.6082, 0.8252],[0.5363, 0.7909],[0.5028, 0.7383],[0.5434, 0.7339],[0.6093, 0.7525],[0.6307, 0.5267],[0.7427, 0.4475],[0.829, 0.4045],[0.9104, 0.3671],[0.7138, 0.56],[0.8138, 0.5952],[0.764, 0.6974],[0.71, 0.7468],[0.7748, 0.61],[0.8503, 0.6626],[0.7881, 0.7443],[0.7293, 0.7682],[0.8171, 0.6697],[0.8748, 0.7146],[0.824, 0.7752],[0.7695, 0.79]
[0.6058, 0.8271],[0.5381, 0.7897],[0.5095, 0.7377],[0.5491, 0.7408],[0.6039, 0.7665],[0.6333, 0.5258],[0.7427, 0.4458],[0.8295, 0.4051],[0.9115, 0.3695],[0.718, 0.5609],[0.8113, 0.5908],[0.7639, 0.6917],[0.7104, 0.7404],[0.7794, 0.6125],[0.8515, 0.6589],[0.7908, 0.7426],[0.7322, 0.7692],[0.8205, 0.6737],[0.8737, 0.7184],[0.8237, 0.7792],[0.7704, 0.7947]
[0.6104, 0.823],[0.5433, 0.7895],[0.5085, 0.742],[0.5315, 0.7443],[0.5607, 0.7631],[0.6361, 0.5254],[0.7436, 0.4476],[0.8303, 0.4061],[0.9125, 0.3704],[0.721, 0.5568],[0.8129, 0.5956],[0.7604, 0.6992],[0.7056, 0.7485],[0.7822, 0.6062],[0.8524, 0.6634],[0.7875, 0.7441],[0.7282, 0.7675],[0.8242, 0.6674],[0.8745, 0.7206],[0.8206, 0.7808],[0.7661, 0.7928]
[0.6129, 0.8198],[0.552, 0.79],[0.5223, 0.7451],[0.538, 0.7495],[0.5423, 0.765],[0.6393, 0.5248],[0.7458, 0.4485],[0.831, 0.407],[0.9128, 0.3693],[0.7235, 0.5524],[0.814, 0.6072],[0.7561, 0.7095],[0.7018, 0.7509],[0.7837, 0.6012],[0.851, 0.6744],[0.7829, 0.7512],[0.7262, 0.7658],[0.8252, 0.6621],[0.8729, 0.7256],[0.8177, 0.7836],[0.7653, 0.7901]
[0.6139, 0.8178],[0.5423, 0.7855],[0.5117, 0.7351],[0.5605, 0.7426],[0.6273, 0.769],[0.6353, 0.5292],[0.7434, 0.4501],[0.8296, 0.409],[0.9126, 0.3721],[0.72, 0.5589],[0.8104, 0.6024],[0.7571, 0.7061],[0.7046, 0.7532],[0.7808, 0.6072],[0.8515, 0.6647],[0.7861, 0.7451],[0.7292, 0.7652],[0.8238, 0.667],[0.8741, 0.7175],[0.8214, 0.7772],[0.77, 0.7877]
[0.6176, 0.8176],[0.5488, 0.7876],[0.5178, 0.7381],[0.5617, 0.7397],[0.6198, 0.7624],[0.6368, 0.5278],[0.7452, 0.4486],[0.8318, 0.4071],[0.9159, 0.3701],[0.7225, 0.5599],[0.8148, 0.5982],[0.7654, 0.6997],[0.7131, 0.7488],[0.784, 0.6108],[0.8545, 0.6667],[0.7937, 0.7469],[0.7374, 0.7696],[0.8257, 0.6718],[0.8767, 0.7225],[0.8267, 0.7815],[0.7752, 0.7938]
[0.6161, 0.8163],[0.5457, 0.7875],[0.5163, 0.7408],[0.5622, 0.7497],[0.6189, 0.7687],[0.636, 0.5299],[0.7446, 0.4528],[0.8308, 0.411],[0.9154, 0.3722],[0.7209, 0.5587],[0.8175, 0.6071],[0.7587, 0.709],[0.7064, 0.7459],[0.7824, 0.6076],[0.8533, 0.6767],[0.7836, 0.7539],[0.7296, 0.7612],[0.8259, 0.6677],[0.8729, 0.7295],[0.8176, 0.7862],[0.7688, 0.7858]
[0.614, 0.8134],[0.5424, 0.7832],[0.5187, 0.7372],[0.5764, 0.752],[0.6439, 0.7749],[0.6333, 0.5295],[0.7434, 0.4502],[0.8311, 0.4084],[0.9163, 0.3705],[0.7204, 0.5629],[0.8209, 0.5969],[0.7742, 0.7007],[0.7216, 0.75],[0.7821, 0.6139],[0.8578, 0.6677],[0.7974, 0.7507],[0.7393, 0.773],[0.8229, 0.6749],[0.8765, 0.7222],[0.8279, 0.7834],[0.7764, 0.7958]
[0.6179, 0.8082],[0.5449, 0.7804],[0.5206, 0.736],[0.5757, 0.7569],[0.6333, 0.7795],[0.639, 0.5281],[0.7451, 0.4532],[0.8311, 0.4123],[0.9158, 0.3728],[0.7286, 0.5587],[0.814, 0.5992],[0.7544, 0.7041],[0.7063, 0.743],[0.7919, 0.6076],[0.8526, 0.6754],[0.7796, 0.7563],[0.7276, 0.7653],[0.8348, 0.667],[0.8729, 0.7291],[0.8125, 0.7898],[0.7649, 0.7911]
[0.6108, 0.8059],[0.539, 0.7772],[0.523, 0.729],[0.5973, 0.7466],[0.6751, 0.7714],[0.6363, 0.5302],[0.7441, 0.453],[0.8308, 0.4136],[0.9153, 0.3761],[0.7247, 0.5634],[0.815, 0.5906],[0.7643, 0.6917],[0.714, 0.7381],[0.7866, 0.6135],[0.8539, 0.6694],[0.7859, 0.7521],[0.7292, 0.7706],[0.8274, 0.6736],[0.8747, 0.7253],[0.8168, 0.7865],[0.7638, 0.7961]
[0.611, 0.8062],[0.5403, 0.777],[0.5255, 0.7297],[0.5986, 0.7453],[0.6751, 0.7672],[0.6387, 0.5293],[0.7467, 0.4522],[0.8332, 0.4127],[0.9165, 0.3762],[0.7273, 0.5613],[0.8128, 0.5959],[0.7617, 0.6968],[0.7098, 0.744],[0.789, 0.6112],[0.853, 0.6708],[0.7857, 0.7523],[0.7285, 0.7725],[0.8293, 0.672],[0.875, 0.7275],[0.8177, 0.7881],[0.7643, 0.7987]
[0.6154, 0.8082],[0.5446, 0.7786],[0.5262, 0.7328],[0.5889, 0.7505],[0.6454, 0.7715],[0.642, 0.5312],[0.7483, 0.4552],[0.8341, 0.416],[0.9177, 0.379],[0.731, 0.5623],[0.8174, 0.6035],[0.7568, 0.704],[0.7044, 0.7447],[0.7931, 0.6118],[0.8529, 0.6836],[0.7783, 0.76],[0.7235, 0.7693],[0.8343, 0.6725],[0.8727, 0.7385],[0.8103, 0.795],[0.7596, 0.7953]
[0.613, 0.8108],[0.5463, 0.7826],[0.5309, 0.7371],[0.5952, 0.7521],[0.6542, 0.7712],[0.6393, 0.533],[0.7482, 0.4571],[0.8355, 0.416],[0.9207, 0.3784],[0.7261, 0.5639],[0.8201, 0.6043],[0.7616, 0.7062],[0.7087, 0.7481],[0.7881, 0.6123],[0.8556, 0.6816],[0.7829, 0.7604],[0.7265, 0.7723],[0.829, 0.6713],[0.8736, 0.7357],[0.8141, 0.7936],[0.7634, 0.7962]
[0.6134, 0.8102],[0.5436, 0.7837],[0.5251, 0.7364],[0.5995, 0.7463],[0.6777, 0.7627],[0.6374, 0.5321],[0.7466, 0.4578],[0.8341, 0.4167],[0.92, 0.3795],[0.727, 0.5585],[0.8175, 0.6127],[0.7577, 0.7158],[0.7041, 0.7577],[0.7899, 0.6067],[0.8563, 0.6853],[0.7833, 0.7642],[0.726, 0.7766],[0.8322, 0.6663],[0.8759, 0.7371],[0.8167, 0.796],[0.7646, 0.7994]