[0.5157, 0.6363],[0.4975, 0.6099],[0.4893, 0.5738],[0.5011, 0.5533],[0.5154, 0.5617],[0.494, 0.5485],[0.4942, 0.5141],[0.4976, 0.5195],[0.4989, 0.5361],[0.5067, 0.5461],[0.5077, 0.5087],[0.51, 0.5184],[0.5099, 0.5356],[0.5182, 0.5498],[0.5206, 0.5148],[0.5203, 0.5255],[0.5184, 0.5443],[0.5296, 0.5586],[0.5317, 0.5323],[0.5303, 0.5379],[0.5284, 0.5526]
[0.5146, 0.6351],[0.4962, 0.6082],[0.4909, 0.5705],[0.5044, 0.5522],[0.5198, 0.558],[0.494, 0.549],[0.4939, 0.5133],[0.4963, 0.5166],[0.4979, 0.5327],[0.5067, 0.5479],[0.508, 0.5091],[0.511, 0.515],[0.5117, 0.5311],[0.5184, 0.5524],[0.5209, 0.5173],[0.5219, 0.5228],[0.5212, 0.5404],[0.5297, 0.5604],[0.5315, 0.5357],[0.5313, 0.5356],[0.5301, 0.5476]
[0.5147, 0.6329],[0.4964, 0.6078],[0.4907, 0.5694],[0.5044, 0.5506],[0.5196, 0.5575],[0.4939, 0.5478],[0.494, 0.5116],[0.4968, 0.5176],[0.4989, 0.5361],[0.5067, 0.5458],[0.5085, 0.5059],[0.511, 0.5163],[0.5115, 0.5358],[0.5184, 0.5499],[0.5212, 0.5149],[0.5217, 0.5252],[0.5206, 0.5448],[0.5296, 0.5576],[0.5316, 0.5333],[0.5309, 0.5371],[0.5292, 0.5516]
[0.5147, 0.6343],[0.4967, 0.609],[0.4905, 0.57],[0.5042, 0.5498],[0.5195, 0.5556],[0.4941, 0.5473],[0.4937, 0.5111],[0.4968, 0.519],[0.4991, 0.5383],[0.5066, 0.5456],[0.5083, 0.506],[0.511, 0.5158],[0.5116, 0.5341],[0.518, 0.5502],[0.5212, 0.5151],[0.5218, 0.5246],[0.5205, 0.544],[0.5292, 0.5582],[0.5317, 0.5326],[0.5305, 0.5366],[0.528, 0.5526]
[0.5151, 0.6352],[0.4969, 0.6114],[0.4904, 0.5711],[0.5041, 0.5497],[0.5197, 0.5536],[0.4946, 0.5476],[0.4943, 0.5103],[0.4975, 0.5195],[0.4993, 0.5393],[0.5071, 0.5453],[0.5088, 0.5052],[0.5115, 0.5169],[0.5116, 0.5363],[0.5185, 0.5497],[0.5214, 0.5149],[0.522, 0.5269],[0.5204, 0.5466],[0.5296, 0.5581],[0.5316, 0.5329],[0.5307, 0.5386],[0.5285, 0.5546]
[0.515, 0.6357],[0.4973, 0.6117],[0.4903, 0.5711],[0.5039, 0.5492],[0.5194, 0.5543],[0.4945, 0.547],[0.494, 0.5101],[0.4973, 0.5193],[0.4994, 0.5392],[0.5071, 0.5447],[0.5089, 0.5048],[0.5114, 0.5172],[0.5116, 0.5371],[0.5186, 0.5494],[0.5216, 0.5149],[0.522, 0.5273],[0.5201, 0.5474],[0.5296, 0.5578],[0.5318, 0.5329],[0.5305, 0.5388],[0.5281, 0.5547]
[0.515, 0.6361],[0.4975, 0.6131],[0.4902, 0.5717],[0.5036, 0.5492],[0.5196, 0.5541],[0.4945, 0.5472],[0.4939, 0.5095],[0.497, 0.5194],[0.4991, 0.5399],[0.5072, 0.5448],[0.5093, 0.5042],[0.5111, 0.5177],[0.511, 0.5383],[0.5187, 0.5496],[0.5217, 0.515],[0.5216, 0.5286],[0.5197, 0.5487],[0.5298, 0.5581],[0.5319, 0.5329],[0.5305, 0.5394],[0.5281, 0.5552]
[0.5149, 0.6369],[0.4973, 0.6123],[0.4904, 0.5706],[0.5038, 0.5491],[0.5196, 0.5551],[0.494, 0.5473],[0.4935, 0.5099],[0.4969, 0.5185],[0.4991, 0.539],[0.5069, 0.5451],[0.5091, 0.505],[0.5113, 0.5176],[0.5112, 0.5378],[0.5185, 0.5499],[0.5216, 0.516],[0.5216, 0.5287],[0.5197, 0.5485],[0.5297, 0.5581],[0.5318, 0.5332],[0.5307, 0.5389],[0.5284, 0.5547]
[0.515, 0.6368],[0.4973, 0.6124],[0.4904, 0.5706],[0.5039, 0.5493],[0.5201, 0.5551],[0.4941, 0.5471],[0.4939, 0.5094],[0.4969, 0.5193],[0.4989, 0.5401],[0.5071, 0.5449],[0.5095, 0.5037],[0.5113, 0.5174],[0.5111, 0.538],[0.5188, 0.5496],[0.5219, 0.5155],[0.5218, 0.5287],[0.5199, 0.5485],[0.53, 0.5578],[0.532, 0.5328],[0.531, 0.5383],[0.5291, 0.5536]
[0.5152, 0.6373],[0.4969, 0.6114],[0.4906, 0.5705],[0.5045, 0.5488],[0.5201, 0.5506],[0.4938, 0.5479],[0.4937, 0.5094],[0.4974, 0.5187],[0.4992, 0.5392],[0.5069, 0.5459],[0.5089, 0.5051],[0.5118, 0.5176],[0.5116, 0.5367],[0.5186, 0.5505],[0.5214, 0.5161],[0.5219, 0.5281],[0.5201, 0.5476],[0.53, 0.5586],[0.5314, 0.5333],[0.5309, 0.5389],[0.5287, 0.5545]
[0.5151, 0.6373],[0.497, 0.6118],[0.4905, 0.5707],[0.5047, 0.5491],[0.5207, 0.552],[0.4937, 0.5481],[0.4937, 0.5098],[0.4971, 0.519],[0.4991, 0.5391],[0.5067, 0.5463],[0.509, 0.5047],[0.5115, 0.5174],[0.5114, 0.5369],[0.5184, 0.5512],[0.5215, 0.5161],[0.5218, 0.5275],[0.5199, 0.5473],[0.5298, 0.5592],[0.5316, 0.5332],[0.5307, 0.5384],[0.5285, 0.5544]
[0.5153, 0.637],[0.4969, 0.6116],[0.4906, 0.5711],[0.5048, 0.5501],[0.521, 0.551],[0.494, 0.5494],[0.4937, 0.5106],[0.4972, 0.5172],[0.4991, 0.5361],[0.5071, 0.547],[0.5093, 0.5055],[0.5118, 0.5173],[0.5115, 0.5367],[0.5189, 0.5513],[0.5218, 0.5151],[0.5219, 0.5269],[0.52, 0.5473],[0.5303, 0.5594],[0.5315, 0.5333],[0.5307, 0.5384],[0.5286, 0.5546]
[0.5154, 0.6363],[0.4964, 0.6077],[0.4907, 0.5704],[0.5048, 0.5512],[0.5193, 0.5559],[0.494, 0.5486],[0.4941, 0.5103],[0.4977, 0.5193],[0.4999, 0.5385],[0.5071, 0.5474],[0.5085, 0.5052],[0.5116, 0.5184],[0.512, 0.538],[0.5187, 0.5512],[0.5213, 0.5144],[0.5221, 0.5261],[0.5209, 0.5468],[0.5304, 0.5582],[0.5321, 0.5321],[0.5314, 0.5377],[0.5295, 0.5541]
[0.5155, 0.6355],[0.4971, 0.6094],[0.4906, 0.5706],[0.504, 0.5503],[0.5186, 0.5562],[0.4946, 0.5481],[0.4943, 0.5096],[0.4977, 0.5192],[0.5, 0.5389],[0.5072, 0.5468],[0.5088, 0.5049],[0.5116, 0.5184],[0.512, 0.5383],[0.5187, 0.5512],[0.5214, 0.5146],[0.5219, 0.5267],[0.5206, 0.5473],[0.53, 0.559],[0.5321, 0.532],[0.5311, 0.5376],[0.529, 0.5541]
[0.5154, 0.6357],[0.497, 0.6098],[0.4904, 0.5706],[0.5039, 0.5498],[0.5191, 0.5539],[0.4943, 0.5484],[0.4942, 0.5096],[0.4977, 0.5192],[0.4997, 0.5392],[0.5071, 0.5468],[0.5089, 0.5049],[0.5117, 0.5183],[0.5118, 0.5384],[0.5185, 0.5512],[0.5213, 0.5144],[0.5219, 0.5268],[0.5204, 0.5478],[0.5299, 0.5593],[0.532, 0.5322],[0.531, 0.5376],[0.5286, 0.5542]
[0.5158, 0.6355],[0.497, 0.6097],[0.4902, 0.5709],[0.5031, 0.5502],[0.5178, 0.5529],[0.4943, 0.5487],[0.4945, 0.5093],[0.4983, 0.5197],[0.4999, 0.5402],[0.5071, 0.5471],[0.5083, 0.5054],[0.5119, 0.519],[0.5121, 0.539],[0.5187, 0.5511],[0.5208, 0.5142],[0.5221, 0.5268],[0.5207, 0.5476],[0.5303, 0.5588],[0.5315, 0.5319],[0.5313, 0.5376],[0.5292, 0.5541]
[0.5156, 0.6353],[0.4969, 0.6095],[0.4902, 0.5713],[0.5033, 0.5512],[0.518, 0.5527],[0.4943, 0.5488],[0.4943, 0.5094],[0.4979, 0.5197],[0.4993, 0.5393],[0.507, 0.547],[0.5084, 0.5056],[0.5116, 0.5197],[0.5117, 0.5397],[0.5186, 0.5508],[0.5208, 0.514],[0.5219, 0.5267],[0.5206, 0.5473],[0.53, 0.5586],[0.5314, 0.532],[0.5311, 0.5375],[0.5294, 0.5535]
[0.5156, 0.6366],[0.4973, 0.6107],[0.4906, 0.5711],[0.5034, 0.5501],[0.5179, 0.554],[0.4942, 0.5486],[0.4941, 0.5093],[0.498, 0.5195],[0.4998, 0.5392],[0.5069, 0.5467],[0.5082, 0.5051],[0.5117, 0.519],[0.512, 0.5393],[0.5184, 0.5506],[0.5208, 0.5135],[0.5219, 0.5266],[0.5206, 0.5475],[0.5298, 0.5583],[0.5314, 0.532],[0.5307, 0.5385],[0.5285, 0.5554]
[0.5149, 0.6372],[0.4969, 0.6097],[0.4908, 0.5703],[0.5044, 0.5504],[0.519, 0.5555],[0.4942, 0.5481],[0.4939, 0.51],[0.4974, 0.5188],[0.4995, 0.5383],[0.5068, 0.5469],[0.5083, 0.506],[0.5115, 0.5174],[0.5121, 0.5366],[0.5184, 0.5517],[0.5212, 0.5149],[0.5221, 0.5253],[0.5207, 0.5462],[0.5298, 0.5598],[0.5318, 0.5327],[0.5308, 0.5376],[0.5283, 0.5546]
[0.515, 0.6356],[0.4966, 0.6104],[0.4901, 0.5711],[0.5034, 0.5509],[0.5184, 0.5547],[0.4946, 0.5485],[0.4942, 0.5098],[0.4975, 0.5199],[0.4993, 0.5402],[0.5072, 0.5469],[0.5087, 0.5048],[0.5112, 0.5177],[0.5112, 0.5382],[0.5187, 0.5513],[0.5212, 0.5141],[0.5216, 0.5252],[0.5199, 0.5458],[0.5298, 0.5593],[0.5317, 0.5321],[0.5309, 0.5365],[0.5286, 0.5525]
[0.5145, 0.6349],[0.4966, 0.6091],[0.4904, 0.5706],[0.504, 0.5503],[0.5192, 0.5561],[0.4946, 0.5473],[0.4941, 0.5092],[0.497, 0.5201],[0.4991, 0.5404],[0.5071, 0.546],[0.5088, 0.5042],[0.5105, 0.5177],[0.5106, 0.5379],[0.5184, 0.5505],[0.5216, 0.514],[0.5213, 0.526],[0.5196, 0.5466],[0.5296, 0.5588],[0.532, 0.5326],[0.5303, 0.5379],[0.5277, 0.5544]
[0.5145, 0.6357],[0.4967, 0.6105],[0.4905, 0.5712],[0.5042, 0.5505],[0.5197, 0.5565],[0.4949, 0.5477],[0.494, 0.5099],[0.497, 0.5192],[0.4992, 0.5392],[0.5073, 0.5461],[0.5088, 0.5054],[0.5108, 0.5174],[0.5111, 0.5376],[0.5187, 0.5507],[0.5216, 0.5143],[0.5214, 0.5254],[0.5197, 0.5459],[0.5297, 0.5591],[0.5319, 0.5326],[0.5302, 0.537],[0.5275, 0.5534]
[0.5144, 0.6356],[0.4964, 0.6096],[0.4906, 0.571],[0.5049, 0.5509],[0.5206, 0.5564],[0.4943, 0.5473],[0.4942, 0.5092],[0.4972, 0.5197],[0.4992, 0.5397],[0.5071, 0.5462],[0.5088, 0.5048],[0.5109, 0.5179],[0.5113, 0.5379],[0.5187, 0.551],[0.5216, 0.5144],[0.5215, 0.5258],[0.5201, 0.5462],[0.5301, 0.5592],[0.532, 0.5324],[0.5306, 0.5366],[0.5285, 0.5524]
[0.5147, 0.6349],[0.4969, 0.6086],[0.491, 0.5702],[0.5048, 0.5501],[0.5198, 0.5557],[0.4946, 0.5468],[0.4941, 0.5088],[0.4973, 0.5194],[0.4996, 0.5391],[0.5072, 0.5457],[0.509, 0.5046],[0.5111, 0.5178],[0.5115, 0.5375],[0.5187, 0.5505],[0.5217, 0.5144],[0.5216, 0.5264],[0.52, 0.5468],[0.53, 0.5587],[0.532, 0.5319],[0.5308, 0.5369],[0.5284, 0.553]
[0.5157, 0.6345],[0.4969, 0.6077],[0.4906, 0.5697],[0.5036, 0.5489],[0.5181, 0.5483],[0.4942, 0.5477],[0.4945, 0.5097],[0.4979, 0.5191],[0.4996, 0.5394],[0.5071, 0.546],[0.5088, 0.5051],[0.5118, 0.5178],[0.5121, 0.5373],[0.5186, 0.5501],[0.5214, 0.5161],[0.5219, 0.5264],[0.5204, 0.5457],[0.5301, 0.5577],[0.5318, 0.5331],[0.5312, 0.5382],[0.5292, 0.5537]
[0.5151, 0.6336],[0.497, 0.6091],[0.4906, 0.5696],[0.5043, 0.5485],[0.5198, 0.5515],[0.494, 0.5473],[0.4943, 0.5097],[0.4972, 0.5199],[0.499, 0.5405],[0.5068, 0.5453],[0.5088, 0.5042],[0.511, 0.5172],[0.5112, 0.5367],[0.5184, 0.5496],[0.5213, 0.5151],[0.5214, 0.5272],[0.5199, 0.5465],[0.5297, 0.5577],[0.5316, 0.5331],[0.5305, 0.539],[0.5284, 0.5545]
[0.515, 0.6346],[0.4963, 0.6074],[0.4896, 0.5694],[0.5025, 0.5495],[0.5172, 0.5524],[0.494, 0.5473],[0.4941, 0.5099],[0.4971, 0.5189],[0.499, 0.5392],[0.5068, 0.5462],[0.5088, 0.5057],[0.5111, 0.5177],[0.5113, 0.5368],[0.5182, 0.5505],[0.5212, 0.5153],[0.5213, 0.526],[0.5201, 0.5457],[0.5297, 0.5584],[0.5319, 0.5328],[0.5307, 0.538],[0.5283, 0.554]
[0.5148, 0.6357],[0.4963, 0.6086],[0.4901, 0.5687],[0.5039, 0.5483],[0.5194, 0.5524],[0.4936, 0.5483],[0.4938, 0.5109],[0.4971, 0.519],[0.499, 0.5391],[0.5064, 0.5467],[0.5079, 0.5055],[0.511, 0.5162],[0.5115, 0.5356],[0.518, 0.5509],[0.5208, 0.5144],[0.5217, 0.524],[0.5204, 0.5444],[0.5294, 0.5586],[0.5314, 0.5324],[0.5308, 0.5357],[0.5286, 0.5517]
[0.5151, 0.6351],[0.4968, 0.6108],[0.4902, 0.5706],[0.5039, 0.5492],[0.5194, 0.5537],[0.4943, 0.5484],[0.4942, 0.5098],[0.4974, 0.5191],[0.4993, 0.5394],[0.507, 0.5468],[0.5088, 0.5044],[0.5111, 0.5171],[0.5111, 0.5375],[0.5185, 0.551],[0.5212, 0.514],[0.5213, 0.5258],[0.5198, 0.5466],[0.5299, 0.5586],[0.5316, 0.532],[0.5303, 0.5369],[0.5281, 0.5531]
[0.5153, 0.636],[0.4969, 0.6107],[0.4905, 0.5706],[0.5042, 0.549],[0.5192, 0.5531],[0.4942, 0.548],[0.4939, 0.5098],[0.4978, 0.518],[0.5001, 0.5373],[0.5069, 0.5466],[0.5085, 0.5059],[0.5116, 0.5176],[0.512, 0.5369],[0.5184, 0.551],[0.5211, 0.5149],[0.5218, 0.5254],[0.5204, 0.5457],[0.5298, 0.5585],[0.5315, 0.5316],[0.5308, 0.536],[0.5288, 0.5524]
[0.5154, 0.6358],[0.4968, 0.6105],[0.4905, 0.5702],[0.5044, 0.5491],[0.5194, 0.5531],[0.4942, 0.5484],[0.494, 0.5096],[0.4979, 0.5185],[0.5003, 0.5381],[0.507, 0.5472],[0.5085, 0.5056],[0.5116, 0.5175],[0.5121, 0.5369],[0.5184, 0.5519],[0.5211, 0.5151],[0.5218, 0.5252],[0.5205, 0.5456],[0.5298, 0.5592],[0.5314, 0.532],[0.5309, 0.5358],[0.5289, 0.5519]
[0.5156, 0.6371],[0.4962, 0.6092],[0.4901, 0.5703],[0.5038, 0.5505],[0.519, 0.5519],[0.494, 0.5486],[0.4937, 0.5108],[0.4976, 0.5172],[0.4999, 0.5355],[0.507, 0.5473],[0.5083, 0.5067],[0.512, 0.5176],[0.5125, 0.5366],[0.5186, 0.5519],[0.521, 0.516],[0.5223, 0.5252],[0.521, 0.5454],[0.5299, 0.5594],[0.5311, 0.5332],[0.5311, 0.5358],[0.5297, 0.5508]
[0.5157, 0.6369],[0.4964, 0.6094],[0.4906, 0.5701],[0.5045, 0.5504],[0.5199, 0.5517],[0.494, 0.5485],[0.4944, 0.5098],[0.498, 0.519],[0.4994, 0.5388],[0.5071, 0.5473],[0.5083, 0.5056],[0.5119, 0.5168],[0.5122, 0.5359],[0.5189, 0.5517],[0.5208, 0.5159],[0.5223, 0.5247],[0.5211, 0.5444],[0.5302, 0.5593],[0.5311, 0.5342],[0.5314, 0.5363],[0.5302, 0.5497]
[0.5157, 0.636],[0.4966, 0.6097],[0.4903, 0.571],[0.5037, 0.5507],[0.5184, 0.5504],[0.4938, 0.5479],[0.494, 0.5093],[0.498, 0.5185],[0.4999, 0.5383],[0.5068, 0.5463],[0.5082, 0.5047],[0.5117, 0.5171],[0.5121, 0.5365],[0.5185, 0.5507],[0.5209, 0.5155],[0.522, 0.5258],[0.5205, 0.5456],[0.5298, 0.5587],[0.5312, 0.5327],[0.5312, 0.537],[0.5295, 0.5522]
[0.5149, 0.6371],[0.4961, 0.6099],[0.4895, 0.5706],[0.5027, 0.551],[0.5179, 0.5549],[0.4939, 0.5473],[0.4937, 0.5096],[0.4969, 0.518],[0.4991, 0.5378],[0.5066, 0.5462],[0.5081, 0.5049],[0.5112, 0.5151],[0.5118, 0.5339],[0.5181, 0.5513],[0.5208, 0.5153],[0.5219, 0.5232],[0.5207, 0.5426],[0.5293, 0.5598],[0.5309, 0.5341],[0.5309, 0.5361],[0.5294, 0.5502]
[0.5144, 0.6357],[0.4959, 0.6092],[0.4898, 0.5701],[0.5037, 0.55],[0.519, 0.5531],[0.4935, 0.5468],[0.4936, 0.5088],[0.4969, 0.5186],[0.4989, 0.5388],[0.5064, 0.5456],[0.5082, 0.5038],[0.5108, 0.5161],[0.5112, 0.5355],[0.5179, 0.5506],[0.521, 0.5147],[0.5216, 0.5247],[0.5201, 0.545],[0.5292, 0.5588],[0.5313, 0.5316],[0.5306, 0.5356],[0.5286, 0.5516]
[0.5147, 0.6359],[0.4965, 0.6121],[0.49, 0.5712],[0.5041, 0.5489],[0.5201, 0.5528],[0.494, 0.5468],[0.4932, 0.5089],[0.4968, 0.5188],[0.4992, 0.5389],[0.5068, 0.5447],[0.5087, 0.5041],[0.5111, 0.5179],[0.5111, 0.5384],[0.5184, 0.5491],[0.5213, 0.5136],[0.5215, 0.5266],[0.5197, 0.5471],[0.5296, 0.5572],[0.5314, 0.5314],[0.5304, 0.5376],[0.5285, 0.5535]
[0.5148, 0.6368],[0.4966, 0.6136],[0.4896, 0.5721],[0.5032, 0.5497],[0.5193, 0.5545],[0.4943, 0.5474],[0.4937, 0.5093],[0.497, 0.5191],[0.4989, 0.5387],[0.507, 0.5449],[0.5086, 0.5041],[0.5111, 0.5178],[0.5109, 0.5383],[0.5184, 0.5492],[0.5212, 0.5137],[0.5214, 0.5274],[0.5193, 0.5477],[0.5296, 0.5577],[0.5314, 0.5322],[0.5303, 0.5389],[0.528, 0.555]
[0.5146, 0.6362],[0.4968, 0.6115],[0.4901, 0.5699],[0.5036, 0.5489],[0.5192, 0.5563],[0.494, 0.5463],[0.4934, 0.5096],[0.4963, 0.519],[0.4982, 0.5387],[0.5065, 0.544],[0.5084, 0.504],[0.5105, 0.518],[0.5105, 0.5384],[0.5183, 0.5484],[0.5211, 0.5142],[0.5211, 0.5275],[0.5192, 0.5475],[0.5295, 0.5564],[0.5314, 0.5315],[0.5301, 0.5379],[0.5281, 0.5537]
[0.5149, 0.6346],[0.4966, 0.6105],[0.4902, 0.5702],[0.5037, 0.549],[0.5194, 0.5533],[0.4941, 0.5464],[0.4935, 0.5096],[0.4964, 0.5192],[0.4982, 0.5392],[0.5069, 0.5437],[0.5088, 0.5036],[0.5109, 0.5182],[0.5106, 0.5385],[0.5185, 0.5481],[0.521, 0.5145],[0.521, 0.5288],[0.5191, 0.5484],[0.5297, 0.5564],[0.531, 0.5317],[0.5301, 0.5388],[0.5281, 0.5543]
[0.5148, 0.6344],[0.4966, 0.6106],[0.49, 0.5703],[0.5038, 0.5484],[0.5193, 0.5523],[0.494, 0.5467],[0.4935, 0.5092],[0.4969, 0.5195],[0.4986, 0.5396],[0.5067, 0.5442],[0.5085, 0.5042],[0.5111, 0.5186],[0.511, 0.5381],[0.5183, 0.5488],[0.5208, 0.5145],[0.5212, 0.5286],[0.5193, 0.5479],[0.5294, 0.5573],[0.5312, 0.5316],[0.53, 0.5388],[0.5276, 0.5546]
[0.5147, 0.6338],[0.4967, 0.6101],[0.49, 0.57],[0.5037, 0.5484],[0.5191, 0.553],[0.494, 0.5462],[0.4934, 0.5092],[0.4966, 0.5185],[0.4988, 0.5388],[0.5066, 0.5439],[0.5086, 0.5041],[0.5108, 0.5171],[0.5107, 0.5367],[0.5181, 0.5485],[0.521, 0.5147],[0.521, 0.528],[0.5193, 0.5475],[0.5292, 0.5568],[0.5312, 0.5316],[0.5299, 0.5383],[0.5277, 0.554]
[0.5146, 0.6343],[0.4966, 0.6102],[0.4901, 0.5698],[0.5037, 0.548],[0.519, 0.5519],[0.4939, 0.5467],[0.4934, 0.5093],[0.4969, 0.5179],[0.4991, 0.5382],[0.5066, 0.5446],[0.5085, 0.5046],[0.5113, 0.5169],[0.5113, 0.5363],[0.5181, 0.5492],[0.5209, 0.5145],[0.5213, 0.5275],[0.5196, 0.5471],[0.5292, 0.5575],[0.5309, 0.5322],[0.53, 0.5387],[0.5279, 0.5545]
[0.5148, 0.6338],[0.4965, 0.6094],[0.4898, 0.5696],[0.5033, 0.5484],[0.5186, 0.5527],[0.4937, 0.5465],[0.4939, 0.5093],[0.4973, 0.5186],[0.4991, 0.5386],[0.5065, 0.5446],[0.5084, 0.5042],[0.5111, 0.5179],[0.5111, 0.5376],[0.5179, 0.549],[0.5209, 0.515],[0.5212, 0.5286],[0.5195, 0.5478],[0.5291, 0.5575],[0.5311, 0.5326],[0.5301, 0.5392],[0.5278, 0.5546]
[0.5147, 0.634],[0.4966, 0.6093],[0.4901, 0.5695],[0.5039, 0.5485],[0.5192, 0.5537],[0.4935, 0.5461],[0.4939, 0.5088],[0.497, 0.5204],[0.4984, 0.5405],[0.5064, 0.5439],[0.5084, 0.5036],[0.5107, 0.5182],[0.5105, 0.5373],[0.5179, 0.5481],[0.5211, 0.5139],[0.5212, 0.5287],[0.5192, 0.5478],[0.5291, 0.5564],[0.5314, 0.532],[0.5302, 0.5397],[0.5276, 0.5549]
[0.5145, 0.6352],[0.4961, 0.6091],[0.4902, 0.5694],[0.5048, 0.5484],[0.5204, 0.5523],[0.4939, 0.5468],[0.494, 0.5091],[0.497, 0.5193],[0.4989, 0.5392],[0.5066, 0.5453],[0.5086, 0.5049],[0.5109, 0.5183],[0.5111, 0.5376],[0.5181, 0.5498],[0.5212, 0.5144],[0.5212, 0.5268],[0.5196, 0.5469],[0.5294, 0.5576],[0.5314, 0.532],[0.5301, 0.5379],[0.5277, 0.5541]
[0.5144, 0.6349],[0.496, 0.6084],[0.4903, 0.5683],[0.5052, 0.5479],[0.5207, 0.5527],[0.4938, 0.5463],[0.4941, 0.5089],[0.4972, 0.5199],[0.4991, 0.5399],[0.5068, 0.5448],[0.5092, 0.5037],[0.5112, 0.5174],[0.5112, 0.5366],[0.5183, 0.5492],[0.5218, 0.5151],[0.5216, 0.5281],[0.5197, 0.5478],[0.5296, 0.5568],[0.5316, 0.532],[0.5303, 0.5385],[0.528, 0.5543]
[0.5146, 0.6352],[0.4962, 0.6084],[0.4904, 0.5693],[0.5047, 0.5485],[0.5197, 0.5522],[0.4939, 0.5468],[0.4939, 0.5089],[0.4972, 0.5197],[0.4991, 0.5395],[0.5068, 0.5456],[0.5088, 0.5048],[0.5115, 0.5186],[0.5116, 0.5377],[0.5183, 0.5502],[0.5214, 0.515],[0.5218, 0.5268],[0.5201, 0.5467],[0.5296, 0.5581],[0.5315, 0.5318],[0.5303, 0.5373],[0.5279, 0.5535]
[0.5147, 0.6363],[0.4965, 0.6097],[0.4905, 0.5704],[0.5042, 0.5498],[0.5193, 0.553],[0.4942, 0.5477],[0.4939, 0.5089],[0.4973, 0.5205],[0.4989, 0.5409],[0.5071, 0.5456],[0.5086, 0.5043],[0.5113, 0.5183],[0.5113, 0.5377],[0.5185, 0.55],[0.5212, 0.5144],[0.5216, 0.5275],[0.52, 0.5475],[0.5298, 0.5583],[0.5316, 0.5316],[0.5308, 0.5374],[0.5285, 0.5535]
[0.5148, 0.6366],[0.4966, 0.6099],[0.4906, 0.5691],[0.5049, 0.5484],[0.5205, 0.5536],[0.4942, 0.5472],[0.4942, 0.5088],[0.4975, 0.5202],[0.4991, 0.5409],[0.5071, 0.5455],[0.5089, 0.5042],[0.5114, 0.5181],[0.5113, 0.5379],[0.5186, 0.5501],[0.5216, 0.515],[0.5218, 0.5277],[0.5201, 0.5478],[0.5299, 0.5581],[0.5319, 0.5321],[0.5308, 0.538],[0.5284, 0.5541]
[0.5155, 0.6368],[0.4969, 0.6098],[0.4907, 0.5701],[0.5047, 0.5492],[0.52, 0.5513],[0.4942, 0.5478],[0.4941, 0.5089],[0.4979, 0.5196],[0.4997, 0.5404],[0.5072, 0.5462],[0.5089, 0.5048],[0.5119, 0.5186],[0.5119, 0.5388],[0.5189, 0.5507],[0.5214, 0.5153],[0.5221, 0.5277],[0.5205, 0.5483],[0.5302, 0.5585],[0.5314, 0.532],[0.531, 0.5375],[0.5292, 0.5535]
[0.5155, 0.6374],[0.4974, 0.6119],[0.4908, 0.571],[0.5045, 0.5498],[0.5202, 0.5537],[0.4942, 0.5479],[0.494, 0.5095],[0.4978, 0.5193],[0.4997, 0.5396],[0.5071, 0.5459],[0.5088, 0.5051],[0.5116, 0.5189],[0.5117, 0.539],[0.5189, 0.5502],[0.5213, 0.5155],[0.522, 0.5282],[0.5205, 0.5484],[0.5302, 0.5581],[0.5317, 0.532],[0.5312, 0.5375],[0.5295, 0.5534]
[0.5155, 0.6373],[0.4975, 0.6102],[0.4918, 0.5706],[0.506, 0.5502],[0.5212, 0.5534],[0.4942, 0.548],[0.4942, 0.5105],[0.4979, 0.5175],[0.5, 0.5365],[0.5073, 0.5464],[0.509, 0.5054],[0.5121, 0.5175],[0.5122, 0.5375],[0.5191, 0.5507],[0.5218, 0.516],[0.5224, 0.5266],[0.5207, 0.5469],[0.5306, 0.5583],[0.532, 0.5323],[0.5315, 0.5364],[0.5298, 0.5519]
[0.5154, 0.6372],[0.4974, 0.611],[0.4916, 0.5712],[0.5059, 0.5505],[0.5214, 0.5512],[0.4945, 0.5483],[0.4942, 0.5105],[0.4975, 0.5175],[0.4997, 0.537],[0.5075, 0.5459],[0.509, 0.5054],[0.5118, 0.517],[0.512, 0.5369],[0.5193, 0.5499],[0.5218, 0.5155],[0.5221, 0.5268],[0.5207, 0.5473],[0.5307, 0.5572],[0.5321, 0.5323],[0.5317, 0.5366],[0.5302, 0.5516]
[0.5156, 0.6363],[0.4973, 0.6097],[0.4921, 0.57],[0.5071, 0.5483],[0.5221, 0.5476],[0.494, 0.5481],[0.4941, 0.5093],[0.4982, 0.5171],[0.5004, 0.5367],[0.5071, 0.5465],[0.5091, 0.5046],[0.5123, 0.5169],[0.5125, 0.5369],[0.519, 0.5507],[0.5218, 0.5156],[0.5223, 0.5267],[0.5207, 0.547],[0.5305, 0.558],[0.5321, 0.5319],[0.5317, 0.5365],[0.53, 0.5515]
[0.5153, 0.6371],[0.4967, 0.6103],[0.4908, 0.5707],[0.5041, 0.549],[0.5185, 0.5473],[0.4942, 0.5492],[0.4938, 0.5099],[0.498, 0.5173],[0.5003, 0.537],[0.5071, 0.5478],[0.5086, 0.5058],[0.5121, 0.5167],[0.5125, 0.5359],[0.5188, 0.5524],[0.5212, 0.5161],[0.522, 0.5251],[0.5207, 0.5449],[0.5303, 0.5602],[0.5317, 0.5335],[0.5315, 0.5357],[0.5302, 0.5491]
[0.5151, 0.6359],[0.4966, 0.61],[0.4907, 0.5702],[0.5049, 0.5488],[0.5203, 0.5498],[0.4941, 0.5481],[0.494, 0.5093],[0.4977, 0.5186],[0.4997, 0.5388],[0.5071, 0.5465],[0.5089, 0.5042],[0.5118, 0.5176],[0.5115, 0.5382],[0.5187, 0.5507],[0.5213, 0.5151],[0.5218, 0.5269],[0.5198, 0.5474],[0.5302, 0.5586],[0.5316, 0.5326],[0.5313, 0.5373],[0.5294, 0.5527]
[0.5147, 0.6362],[0.4962, 0.6091],[0.4904, 0.57],[0.5042, 0.5487],[0.5193, 0.5496],[0.4941, 0.5475],[0.4936, 0.5091],[0.4975, 0.5184],[0.5001, 0.5388],[0.5071, 0.5461],[0.5089, 0.5043],[0.5116, 0.5179],[0.5117, 0.5384],[0.5186, 0.5507],[0.5215, 0.515],[0.5217, 0.5266],[0.52, 0.5477],[0.53, 0.5586],[0.5315, 0.5326],[0.5309, 0.537],[0.529, 0.5529]
[0.5145, 0.6364],[0.4965, 0.6107],[0.4903, 0.57],[0.5042, 0.5491],[0.5199, 0.5516],[0.4938, 0.5476],[0.4935, 0.5097],[0.4969, 0.518],[0.4992, 0.5384],[0.5067, 0.5459],[0.5088, 0.5047],[0.5113, 0.517],[0.5113, 0.5372],[0.5185, 0.5507],[0.5212, 0.5157],[0.5217, 0.5269],[0.5201, 0.5476],[0.53, 0.5586],[0.5315, 0.5334],[0.5309, 0.5379],[0.5292, 0.5538]
[0.515, 0.6375],[0.4964, 0.6089],[0.4906, 0.5694],[0.5047, 0.5494],[0.52, 0.5519],[0.4937, 0.5484],[0.4939, 0.5107],[0.4971, 0.5181],[0.4992, 0.5368],[0.5068, 0.5468],[0.5088, 0.5055],[0.5116, 0.5167],[0.5117, 0.5357],[0.5185, 0.5513],[0.5215, 0.5165],[0.5219, 0.5264],[0.5205, 0.5468],[0.5302, 0.5587],[0.5318, 0.5334],[0.5311, 0.5372],[0.5294, 0.5529]
[0.515, 0.636],[0.4968, 0.6093],[0.4912, 0.5701],[0.5053, 0.5505],[0.5206, 0.5544],[0.4942, 0.5484],[0.4942, 0.5102],[0.4977, 0.519],[0.4997, 0.5388],[0.5071, 0.5473],[0.5089, 0.5052],[0.5116, 0.5154],[0.5117, 0.5345],[0.5189, 0.552],[0.5218, 0.5154],[0.5224, 0.5235],[0.5208, 0.5436],[0.5303, 0.5597],[0.5319, 0.5338],[0.5314, 0.5367],[0.5298, 0.5517]
[0.5145, 0.6359],[0.4965, 0.6102],[0.4908, 0.5711],[0.5048, 0.5507],[0.5201, 0.5537],[0.4946, 0.5484],[0.4942, 0.5108],[0.4975, 0.5185],[0.4997, 0.5381],[0.5072, 0.5475],[0.5092, 0.5057],[0.5116, 0.5163],[0.5119, 0.5358],[0.5187, 0.5524],[0.5219, 0.5156],[0.5222, 0.5238],[0.5207, 0.5443],[0.53, 0.5603],[0.532, 0.5337],[0.531, 0.536],[0.5292, 0.5513]
[0.5145, 0.6372],[0.497, 0.6123],[0.4907, 0.5717],[0.5047, 0.5502],[0.5205, 0.5549],[0.4942, 0.549],[0.4943, 0.5103],[0.4974, 0.5195],[0.4991, 0.5395],[0.507, 0.5476],[0.509, 0.5058],[0.5113, 0.5162],[0.5114, 0.5358],[0.5187, 0.5524],[0.5218, 0.5159],[0.5221, 0.5251],[0.5205, 0.5451],[0.53, 0.5603],[0.5319, 0.5349],[0.5311, 0.5376],[0.5295, 0.5517]
[0.515, 0.6374],[0.4972, 0.6127],[0.4908, 0.572],[0.5048, 0.5505],[0.5206, 0.5541],[0.494, 0.5484],[0.4943, 0.5101],[0.4974, 0.519],[0.499, 0.5386],[0.507, 0.5465],[0.509, 0.5051],[0.5114, 0.5174],[0.5113, 0.5377],[0.5188, 0.5508],[0.5218, 0.5153],[0.5221, 0.5263],[0.5203, 0.5465],[0.5301, 0.5585],[0.5318, 0.5334],[0.5314, 0.5374],[0.5298, 0.5516]
[0.5149, 0.6381],[0.4969, 0.6124],[0.4904, 0.5728],[0.5038, 0.5519],[0.5185, 0.5557],[0.4937, 0.5484],[0.4935, 0.5092],[0.4977, 0.5186],[0.5, 0.5383],[0.5067, 0.547],[0.5088, 0.505],[0.5119, 0.5183],[0.5121, 0.5385],[0.5184, 0.5514],[0.5216, 0.515],[0.5223, 0.5255],[0.5206, 0.5455],[0.5296, 0.5592],[0.5317, 0.5322],[0.5312, 0.5355],[0.5292, 0.5501]
[0.5146, 0.638],[0.4963, 0.6114],[0.49, 0.5722],[0.5035, 0.5512],[0.5184, 0.5536],[0.4932, 0.5484],[0.4932, 0.5101],[0.497, 0.5171],[0.4993, 0.536],[0.5064, 0.5471],[0.5083, 0.506],[0.5116, 0.5169],[0.5119, 0.5362],[0.5182, 0.5514],[0.5214, 0.5158],[0.5222, 0.5243],[0.5207, 0.5442],[0.5297, 0.5591],[0.5314, 0.5332],[0.531, 0.5359],[0.5295, 0.5502]
[0.515, 0.6383],[0.4965, 0.6107],[0.4906, 0.5711],[0.5046, 0.5504],[0.5197, 0.5513],[0.4936, 0.5491],[0.4939, 0.5108],[0.4975, 0.5161],[0.4996, 0.5339],[0.5066, 0.5478],[0.5082, 0.5064],[0.5117, 0.5159],[0.5122, 0.535],[0.5185, 0.5523],[0.5212, 0.5157],[0.5225, 0.5236],[0.5212, 0.5439],[0.5299, 0.5599],[0.5313, 0.5337],[0.5312, 0.5359],[0.5298, 0.5502]
[0.5147, 0.6368],[0.4961, 0.6088],[0.4908, 0.5705],[0.5048, 0.5504],[0.5201, 0.5527],[0.4937, 0.5476],[0.4942, 0.5105],[0.497, 0.5164],[0.4986, 0.5339],[0.5067, 0.5465],[0.5087, 0.5051],[0.5114, 0.5161],[0.5116, 0.5356],[0.5184, 0.5511],[0.5217, 0.5151],[0.5222, 0.5239],[0.5207, 0.5439],[0.53, 0.5592],[0.5317, 0.5326],[0.5313, 0.5352],[0.5296, 0.5502]
[0.5149, 0.6374],[0.4964, 0.6086],[0.4909, 0.57],[0.5048, 0.5493],[0.52, 0.5519],[0.494, 0.5473],[0.494, 0.5112],[0.4972, 0.5159],[0.4996, 0.5341],[0.5069, 0.5461],[0.5086, 0.5056],[0.5117, 0.5149],[0.5123, 0.5339],[0.5185, 0.5508],[0.5217, 0.5159],[0.5224, 0.5231],[0.5212, 0.5432],[0.53, 0.5586],[0.5317, 0.5332],[0.5313, 0.5354],[0.5298, 0.5505]
[0.5148, 0.6374],[0.4965, 0.6102],[0.4907, 0.5709],[0.5045, 0.5499],[0.5199, 0.5524],[0.494, 0.5471],[0.4938, 0.5103],[0.4973, 0.5157],[0.4998, 0.5339],[0.5071, 0.5455],[0.5087, 0.505],[0.5116, 0.5153],[0.5122, 0.5349],[0.5188, 0.5502],[0.5218, 0.5154],[0.5224, 0.524],[0.5212, 0.5439],[0.5301, 0.5582],[0.5316, 0.5329],[0.5314, 0.5355],[0.5301, 0.5501]
[0.5149, 0.6387],[0.4964, 0.6114],[0.4906, 0.5716],[0.5047, 0.5501],[0.52, 0.5522],[0.4936, 0.5477],[0.4935, 0.5099],[0.4973, 0.5162],[0.4996, 0.5349],[0.5066, 0.5461],[0.5082, 0.5053],[0.5115, 0.516],[0.5119, 0.5355],[0.5183, 0.5507],[0.5209, 0.5151],[0.5218, 0.5241],[0.5206, 0.5442],[0.5296, 0.5585],[0.5311, 0.5321],[0.531, 0.5349],[0.5298, 0.5496]
[0.5147, 0.6387],[0.4965, 0.6112],[0.4908, 0.5717],[0.5048, 0.5513],[0.5207, 0.5552],[0.4936, 0.5473],[0.4932, 0.5105],[0.4966, 0.5144],[0.4989, 0.5318],[0.5066, 0.5456],[0.508, 0.5051],[0.5109, 0.5151],[0.5113, 0.5347],[0.5184, 0.5499],[0.5207, 0.5153],[0.5212, 0.5247],[0.52, 0.5446],[0.5298, 0.5577],[0.531, 0.5327],[0.5307, 0.5355],[0.5296, 0.5504]
[0.5148, 0.6362],[0.497, 0.6106],[0.4908, 0.5711],[0.5049, 0.5508],[0.5206, 0.5554],[0.4937, 0.5471],[0.4931, 0.5089],[0.4967, 0.5175],[0.4988, 0.5366],[0.5066, 0.5454],[0.5088, 0.5043],[0.5113, 0.5181],[0.511, 0.5383],[0.5184, 0.5496],[0.5212, 0.5155],[0.5214, 0.5281],[0.5196, 0.5479],[0.5298, 0.5574],[0.5316, 0.5319],[0.5311, 0.5371],[0.5293, 0.5524]
[0.515, 0.6346],[0.4966, 0.6102],[0.49, 0.5714],[0.5037, 0.5505],[0.5193, 0.5519],[0.4938, 0.5473],[0.4929, 0.5093],[0.4969, 0.5176],[0.4992, 0.5369],[0.5068, 0.5451],[0.5088, 0.5046],[0.5118, 0.5185],[0.5114, 0.5382],[0.5184, 0.5493],[0.5212, 0.5153],[0.5218, 0.5286],[0.5198, 0.5481],[0.5297, 0.5572],[0.5314, 0.5324],[0.5309, 0.5388],[0.5288, 0.5541]
[0.515, 0.6335],[0.4964, 0.6097],[0.4898, 0.5711],[0.5033, 0.5498],[0.5182, 0.5507],[0.4938, 0.5469],[0.493, 0.509],[0.4969, 0.5175],[0.4991, 0.5359],[0.5065, 0.5451],[0.5087, 0.5044],[0.5114, 0.5184],[0.5109, 0.5377],[0.518, 0.5493],[0.5209, 0.5146],[0.5212, 0.5285],[0.5193, 0.5479],[0.5292, 0.5573],[0.5312, 0.5323],[0.5301, 0.5399],[0.5277, 0.5556]
[0.515, 0.6337],[0.4966, 0.6102],[0.4897, 0.5711],[0.5031, 0.5494],[0.518, 0.5517],[0.4936, 0.5462],[0.493, 0.5093],[0.4968, 0.5172],[0.4991, 0.5352],[0.5065, 0.5441],[0.5085, 0.5044],[0.5111, 0.5183],[0.5107, 0.5373],[0.5179, 0.5482],[0.5209, 0.514],[0.5212, 0.5282],[0.5193, 0.5477],[0.529, 0.5561],[0.531, 0.5317],[0.53, 0.5395],[0.5276, 0.555]
[0.5152, 0.6337],[0.4968, 0.6103],[0.4897, 0.5711],[0.5029, 0.549],[0.5175, 0.5505],[0.4936, 0.5462],[0.4932, 0.5088],[0.497, 0.5186],[0.4989, 0.5371],[0.5065, 0.5441],[0.5085, 0.5044],[0.5112, 0.5202],[0.5104, 0.5393],[0.5179, 0.548],[0.5207, 0.5144],[0.5212, 0.5298],[0.5191, 0.5485],[0.5289, 0.5561],[0.5309, 0.5318],[0.5301, 0.5402],[0.5278, 0.555]
[0.5153, 0.6346],[0.4968, 0.6108],[0.4898, 0.5709],[0.5031, 0.5489],[0.5179, 0.5502],[0.4934, 0.5466],[0.4929, 0.5091],[0.4969, 0.5178],[0.4989, 0.5366],[0.5064, 0.5444],[0.5082, 0.5048],[0.5112, 0.5197],[0.5105, 0.5385],[0.5179, 0.5482],[0.5207, 0.5147],[0.5212, 0.5298],[0.519, 0.5484],[0.529, 0.5563],[0.5309, 0.5325],[0.5301, 0.5414],[0.5276, 0.5564]
[0.5153, 0.6345],[0.4966, 0.6107],[0.4898, 0.5707],[0.5032, 0.5486],[0.5181, 0.5501],[0.4934, 0.5469],[0.4933, 0.5086],[0.4972, 0.5187],[0.4989, 0.538],[0.5064, 0.5448],[0.5085, 0.5048],[0.5113, 0.5207],[0.5103, 0.5398],[0.5179, 0.5488],[0.5208, 0.5147],[0.5213, 0.5303],[0.519, 0.549],[0.5291, 0.5569],[0.5312, 0.5324],[0.5303, 0.5414],[0.5278, 0.5564]
[0.515, 0.6338],[0.4964, 0.6105],[0.4895, 0.5701],[0.5029, 0.5483],[0.518, 0.5506],[0.4937, 0.547],[0.4936, 0.5078],[0.4972, 0.5198],[0.4987, 0.54],[0.5065, 0.545],[0.5087, 0.5045],[0.5111, 0.5212],[0.51, 0.5402],[0.518, 0.5491],[0.5209, 0.5145],[0.5211, 0.5303],[0.5188, 0.5489],[0.5292, 0.5575],[0.5311, 0.5326],[0.5301, 0.5419],[0.5275, 0.5571]
[0.5147, 0.634],[0.4961, 0.6104],[0.4891, 0.5706],[0.502, 0.549],[0.5167, 0.5505],[0.4938, 0.5475],[0.4935, 0.5084],[0.4972, 0.5176],[0.4991, 0.5377],[0.5065, 0.5459],[0.5083, 0.505],[0.5112, 0.5192],[0.5108, 0.539],[0.5178, 0.5502],[0.5205, 0.5139],[0.5209, 0.5271],[0.5191, 0.547],[0.5291, 0.5584],[0.5308, 0.5326],[0.5298, 0.5398],[0.5275, 0.5558]
[0.5149, 0.6346],[0.4961, 0.6105],[0.4889, 0.5712],[0.5014, 0.5493],[0.5161, 0.5479],[0.4938, 0.5479],[0.4934, 0.5091],[0.4971, 0.518],[0.4988, 0.5376],[0.5065, 0.5462],[0.5082, 0.5055],[0.5115, 0.5188],[0.5111, 0.5378],[0.518, 0.5504],[0.5206, 0.514],[0.5215, 0.5267],[0.5196, 0.5465],[0.5293, 0.5582],[0.5304, 0.5325],[0.5299, 0.5389],[0.5279, 0.5541]
[0.5147, 0.635],[0.4961, 0.611],[0.4891, 0.5706],[0.502, 0.5484],[0.5169, 0.5486],[0.4937, 0.5472],[0.4935, 0.5093],[0.4968, 0.5167],[0.4986, 0.5356],[0.5065, 0.5451],[0.5083, 0.5047],[0.5112, 0.5179],[0.5109, 0.5377],[0.5179, 0.5494],[0.5207, 0.5135],[0.5212, 0.5269],[0.5195, 0.547],[0.5292, 0.5575],[0.5306, 0.5325],[0.5299, 0.539],[0.528, 0.554]
[0.5149, 0.6342],[0.4962, 0.6107],[0.4891, 0.5706],[0.5021, 0.5481],[0.5173, 0.5492],[0.4936, 0.5468],[0.4935, 0.5089],[0.4966, 0.5179],[0.4983, 0.5377],[0.5065, 0.5445],[0.5082, 0.5041],[0.511, 0.5177],[0.5106, 0.5378],[0.5179, 0.5486],[0.5207, 0.5133],[0.5212, 0.5269],[0.5194, 0.547],[0.5292, 0.5567],[0.5306, 0.5326],[0.5298, 0.5392],[0.5279, 0.5538]
[0.515, 0.6346],[0.4963, 0.6086],[0.4894, 0.57],[0.502, 0.5492],[0.5163, 0.5521],[0.4937, 0.5475],[0.4934, 0.5093],[0.4968, 0.5184],[0.4985, 0.5373],[0.5062, 0.5456],[0.5075, 0.5052],[0.5107, 0.5177],[0.511, 0.5371],[0.5178, 0.5494],[0.5201, 0.5134],[0.5211, 0.5258],[0.5198, 0.546],[0.5291, 0.5568],[0.531, 0.5311],[0.5302, 0.5367],[0.5281, 0.5519]
[0.5145, 0.6347],[0.4962, 0.6083],[0.4898, 0.5695],[0.5028, 0.5492],[0.5172, 0.5535],[0.494, 0.5467],[0.494, 0.509],[0.4968, 0.519],[0.4983, 0.5384],[0.5065, 0.545],[0.5081, 0.505],[0.5106, 0.5187],[0.5107, 0.5382],[0.5179, 0.5491],[0.5207, 0.5137],[0.5212, 0.5266],[0.5201, 0.5464],[0.5294, 0.557],[0.5316, 0.5314],[0.5306, 0.5376],[0.5286, 0.5527]
[0.5142, 0.6345],[0.4964, 0.6087],[0.4901, 0.5693],[0.5035, 0.5491],[0.5183, 0.555],[0.494, 0.5462],[0.4936, 0.5093],[0.4967, 0.5192],[0.4988, 0.5388],[0.5067, 0.5443],[0.5087, 0.5039],[0.5107, 0.5166],[0.5107, 0.536],[0.5181, 0.549],[0.5212, 0.514],[0.5212, 0.5261],[0.5196, 0.5456],[0.5292, 0.5575],[0.5317, 0.5318],[0.5302, 0.5373],[0.528, 0.5526]
[0.514, 0.6354],[0.4964, 0.6112],[0.4901, 0.5708],[0.5034, 0.5494],[0.5185, 0.5529],[0.494, 0.5475],[0.4935, 0.5091],[0.497, 0.5182],[0.4991, 0.5383],[0.5068, 0.5458],[0.5092, 0.5046],[0.5115, 0.5181],[0.5111, 0.5383],[0.5182, 0.5507],[0.5215, 0.5148],[0.5216, 0.5279],[0.5196, 0.5475],[0.5292, 0.5592],[0.5315, 0.533],[0.5304, 0.5389],[0.5281, 0.5541]
[0.5141, 0.6355],[0.4963, 0.6109],[0.4901, 0.57],[0.5038, 0.549],[0.5191, 0.5543],[0.4938, 0.547],[0.4935, 0.5088],[0.497, 0.5181],[0.4991, 0.5387],[0.5067, 0.5452],[0.5093, 0.504],[0.5115, 0.5184],[0.511, 0.5392],[0.5183, 0.5496],[0.5217, 0.515],[0.5217, 0.5289],[0.5197, 0.5485],[0.5294, 0.5578],[0.5317, 0.5326],[0.5309, 0.5387],[0.5289, 0.5533]
[0.5143, 0.6371],[0.4964, 0.6116],[0.4901, 0.5706],[0.5041, 0.5491],[0.5196, 0.5544],[0.4937, 0.5473],[0.4934, 0.5088],[0.4972, 0.5187],[0.4994, 0.5389],[0.5067, 0.5455],[0.5091, 0.5051],[0.5116, 0.5198],[0.5114, 0.5402],[0.5183, 0.5499],[0.5216, 0.5151],[0.5219, 0.5286],[0.52, 0.5485],[0.5295, 0.5579],[0.5316, 0.5325],[0.5309, 0.5383],[0.5289, 0.553]
[0.5143, 0.6374],[0.4964, 0.6112],[0.4906, 0.5707],[0.5047, 0.55],[0.5201, 0.555],[0.4936, 0.5469],[0.4935, 0.5088],[0.497, 0.5183],[0.4992, 0.5382],[0.5065, 0.5454],[0.5088, 0.5044],[0.5115, 0.5183],[0.5115, 0.5387],[0.5182, 0.5501],[0.5216, 0.5153],[0.522, 0.5278],[0.5201, 0.5479],[0.5296, 0.5582],[0.532, 0.5326],[0.5314, 0.5377],[0.5292, 0.5528]
[0.5144, 0.637],[0.4965, 0.6097],[0.4909, 0.57],[0.5053, 0.5497],[0.5207, 0.555],[0.4935, 0.547],[0.4931, 0.5088],[0.4974, 0.5184],[0.4999, 0.538],[0.5065, 0.5456],[0.5086, 0.5046],[0.5119, 0.5184],[0.5122, 0.5382],[0.5181, 0.5502],[0.5216, 0.5159],[0.5221, 0.5276],[0.5202, 0.5473],[0.5295, 0.5581],[0.5318, 0.5323],[0.5312, 0.5367],[0.5292, 0.5517]
[0.5144, 0.6373],[0.4967, 0.6096],[0.4913, 0.5702],[0.5058, 0.5499],[0.521, 0.5534],[0.4935, 0.5474],[0.493, 0.509],[0.4972, 0.5179],[0.4997, 0.5376],[0.5065, 0.5465],[0.5087, 0.5052],[0.5122, 0.518],[0.5125, 0.5373],[0.5183, 0.5514],[0.5214, 0.5163],[0.5224, 0.5269],[0.5208, 0.5466],[0.5298, 0.5595],[0.5315, 0.5334],[0.5313, 0.5366],[0.5296, 0.5507]
[0.5147, 0.6361],[0.4966, 0.6093],[0.4908, 0.57],[0.5051, 0.5491],[0.5205, 0.5512],[0.4935, 0.5471],[0.4934, 0.5088],[0.4974, 0.5179],[0.4997, 0.5374],[0.5065, 0.546],[0.5088, 0.5048],[0.5118, 0.5175],[0.5118, 0.5366],[0.5181, 0.5508],[0.5213, 0.516],[0.5218, 0.5262],[0.5202, 0.5456],[0.5295, 0.5588],[0.5315, 0.5322],[0.5309, 0.5361],[0.5288, 0.5509]
[0.5147, 0.6361],[0.4963, 0.6082],[0.491, 0.5694],[0.5053, 0.5492],[0.5205, 0.5503],[0.4935, 0.5476],[0.4931, 0.5098],[0.4969, 0.5185],[0.4991, 0.5379],[0.5065, 0.5465],[0.5084, 0.5055],[0.5117, 0.5178],[0.5118, 0.5366],[0.5182, 0.5514],[0.5212, 0.5163],[0.5221, 0.5261],[0.5206, 0.5458],[0.5297, 0.5592],[0.5309, 0.5328],[0.5308, 0.5366],[0.5291, 0.5518]
[0.5145, 0.6356],[0.4963, 0.6091],[0.4907, 0.57],[0.5049, 0.5498],[0.5207, 0.5525],[0.4937, 0.5481],[0.4931, 0.5099],[0.4969, 0.5177],[0.4993, 0.5369],[0.5067, 0.5468],[0.5083, 0.5046],[0.5114, 0.5167],[0.5116, 0.5364],[0.5183, 0.5514],[0.521, 0.5154],[0.5216, 0.5258],[0.5202, 0.5458],[0.5298, 0.5592],[0.5312, 0.5328],[0.5309, 0.5362],[0.5294, 0.5513]
[0.514, 0.636],[0.4962, 0.6112],[0.4902, 0.5708],[0.5042, 0.549],[0.5198, 0.5512],[0.4945, 0.5473],[0.4937, 0.5088],[0.4969, 0.5185],[0.4992, 0.5388],[0.5071, 0.5456],[0.5088, 0.504],[0.5109, 0.5166],[0.5111, 0.5367],[0.5184, 0.5506],[0.5213, 0.5141],[0.5213, 0.5259],[0.5196, 0.5464],[0.5296, 0.5591],[0.5315, 0.5326],[0.5303, 0.5379],[0.5282, 0.5539]
[0.514, 0.6368],[0.4965, 0.6106],[0.4909, 0.5699],[0.5051, 0.5484],[0.5205, 0.5506],[0.4941, 0.5466],[0.4938, 0.5093],[0.4969, 0.5191],[0.499, 0.5387],[0.5069, 0.5447],[0.5087, 0.5041],[0.511, 0.5173],[0.5112, 0.5373],[0.5185, 0.5494],[0.5215, 0.5145],[0.5215, 0.527],[0.5198, 0.5474],[0.53, 0.5576],[0.5317, 0.5318],[0.5306, 0.5374],[0.5285, 0.553]
[0.5147, 0.6372],[0.4969, 0.6101],[0.4912, 0.57],[0.5055, 0.5481],[0.5206, 0.5474],[0.4942, 0.5473],[0.4939, 0.5088],[0.4975, 0.5194],[0.4995, 0.5389],[0.507, 0.5454],[0.5087, 0.5048],[0.5119, 0.5181],[0.5122, 0.5371],[0.5185, 0.5499],[0.5215, 0.5147],[0.5223, 0.5263],[0.5205, 0.5462],[0.53, 0.5577],[0.5319, 0.5312],[0.5314, 0.5363],[0.5293, 0.5516]
[0.5146, 0.6365],[0.4964, 0.608],[0.4912, 0.5694],[0.5056, 0.5488],[0.5207, 0.5513],[0.4941, 0.5467],[0.4939, 0.509],[0.4973, 0.5183],[0.4995, 0.5377],[0.5071, 0.5455],[0.5088, 0.5046],[0.5117, 0.5159],[0.5123, 0.5346],[0.5187, 0.5502],[0.5214, 0.5153],[0.5219, 0.5251],[0.5204, 0.545],[0.5302, 0.5581],[0.5319, 0.5315],[0.5314, 0.5354],[0.5297, 0.5507]
[0.5141, 0.6369],[0.4956, 0.608],[0.4905, 0.5697],[0.5051, 0.5488],[0.5201, 0.5503],[0.4942, 0.5477],[0.4935, 0.5102],[0.4971, 0.5174],[0.4999, 0.5365],[0.5071, 0.5465],[0.5086, 0.5055],[0.512, 0.5148],[0.5129, 0.5326],[0.5184, 0.5512],[0.521, 0.5155],[0.5217, 0.5232],[0.5206, 0.543],[0.5298, 0.5588],[0.5314, 0.5318],[0.5312, 0.5343],[0.5299, 0.5493]
[0.5139, 0.6367],[0.4963, 0.6102],[0.4905, 0.5704],[0.5048, 0.5497],[0.52, 0.5546],[0.494, 0.5468],[0.494, 0.5087],[0.4974, 0.5188],[0.4994, 0.5387],[0.5069, 0.5454],[0.509, 0.5037],[0.5113, 0.5167],[0.5113, 0.5366],[0.5184, 0.5502],[0.5216, 0.515],[0.5216, 0.5266],[0.5197, 0.5468],[0.5298, 0.5585],[0.5318, 0.5317],[0.5309, 0.5363],[0.5287, 0.5518]
[0.5143, 0.637],[0.4962, 0.6106],[0.4901, 0.5706],[0.5043, 0.5487],[0.5196, 0.5496],[0.4941, 0.5473],[0.4938, 0.5082],[0.4977, 0.5187],[0.4997, 0.5385],[0.507, 0.5459],[0.5092, 0.5045],[0.512, 0.5184],[0.5118, 0.538],[0.5184, 0.5507],[0.5214, 0.5152],[0.5219, 0.5267],[0.5201, 0.5468],[0.5298, 0.5589],[0.5317, 0.5312],[0.5311, 0.536],[0.5291, 0.5516]
[0.5144, 0.6368],[0.4961, 0.6098],[0.4902, 0.5706],[0.5045, 0.549],[0.5197, 0.5496],[0.4941, 0.5473],[0.4936, 0.5092],[0.4974, 0.5178],[0.4999, 0.5373],[0.5071, 0.5462],[0.5089, 0.5048],[0.5118, 0.5172],[0.5121, 0.5371],[0.5186, 0.551],[0.5213, 0.5156],[0.5219, 0.5254],[0.5204, 0.5458],[0.5301, 0.5588],[0.5317, 0.5314],[0.5311, 0.5351],[0.5294, 0.5506]
[0.5145, 0.6365],[0.4963, 0.6116],[0.4898, 0.5718],[0.5041, 0.5499],[0.5198, 0.5524],[0.4939, 0.5475],[0.4934, 0.5092],[0.4973, 0.5177],[0.4998, 0.5375],[0.5067, 0.5459],[0.5087, 0.5043],[0.5116, 0.5163],[0.5117, 0.5366],[0.5184, 0.5505],[0.5213, 0.5149],[0.5218, 0.5251],[0.5202, 0.5456],[0.5298, 0.5583],[0.5316, 0.5314],[0.5309, 0.5354],[0.5292, 0.5511]
[0.5143, 0.6371],[0.4963, 0.612],[0.4898, 0.5716],[0.5042, 0.5497],[0.5197, 0.5527],[0.4936, 0.5477],[0.4933, 0.5099],[0.497, 0.5174],[0.4996, 0.5363],[0.5064, 0.5464],[0.5084, 0.505],[0.5111, 0.5161],[0.5113, 0.5358],[0.5179, 0.5513],[0.5211, 0.5151],[0.5215, 0.5241],[0.5199, 0.5444],[0.5295, 0.5592],[0.5314, 0.532],[0.5306, 0.5355],[0.5286, 0.5513]
[0.5143, 0.6358],[0.4958, 0.6096],[0.4901, 0.5703],[0.5045, 0.5495],[0.5197, 0.5521],[0.4937, 0.5477],[0.4933, 0.5098],[0.4969, 0.5177],[0.4995, 0.5368],[0.5065, 0.5465],[0.5083, 0.5046],[0.5111, 0.5159],[0.5116, 0.5358],[0.5182, 0.5513],[0.5211, 0.515],[0.5216, 0.5243],[0.5201, 0.5446],[0.5297, 0.5592],[0.5314, 0.5322],[0.5306, 0.5359],[0.5287, 0.5517]
[0.514, 0.6352],[0.4958, 0.6097],[0.4897, 0.5709],[0.5037, 0.5495],[0.5187, 0.5516],[0.4939, 0.5473],[0.4933, 0.5093],[0.4972, 0.5178],[0.4997, 0.5368],[0.5065, 0.546],[0.5084, 0.5045],[0.5112, 0.5173],[0.5113, 0.5373],[0.518, 0.5507],[0.521, 0.5147],[0.5214, 0.5252],[0.5196, 0.5455],[0.5294, 0.5588],[0.5312, 0.5318],[0.5304, 0.5364],[0.5282, 0.5523]
[0.5139, 0.6342],[0.4955, 0.6081],[0.4896, 0.5711],[0.5036, 0.5513],[0.5183, 0.5523],[0.4935, 0.5468],[0.4934, 0.5088],[0.4967, 0.5187],[0.4988, 0.538],[0.5065, 0.5456],[0.5088, 0.5036],[0.511, 0.5184],[0.5106, 0.5383],[0.5179, 0.55],[0.5212, 0.5141],[0.5212, 0.5273],[0.5194, 0.5475],[0.5295, 0.5582],[0.5315, 0.5314],[0.5304, 0.5377],[0.5279, 0.5539]
[0.514, 0.6345],[0.4952, 0.6077],[0.4891, 0.5716],[0.5024, 0.5513],[0.5167, 0.551],[0.494, 0.5469],[0.4934, 0.509],[0.4967, 0.5176],[0.499, 0.5368],[0.5067, 0.5459],[0.5088, 0.5045],[0.5111, 0.518],[0.511, 0.5377],[0.5179, 0.5503],[0.5212, 0.5144],[0.5211, 0.5263],[0.5195, 0.5467],[0.5295, 0.5584],[0.5315, 0.5314],[0.5302, 0.537],[0.5275, 0.5535]
[0.5144, 0.6341],[0.4953, 0.6061],[0.4903, 0.5699],[0.5044, 0.5507],[0.5185, 0.5507],[0.4934, 0.5464],[0.4933, 0.5098],[0.4972, 0.5185],[0.4994, 0.5373],[0.5064, 0.5459],[0.5082, 0.5047],[0.5116, 0.5166],[0.5118, 0.5348],[0.5179, 0.5506],[0.521, 0.515],[0.5219, 0.525],[0.5207, 0.5447],[0.5295, 0.5584],[0.531, 0.5318],[0.5305, 0.5359],[0.5286, 0.5516]
[0.5142, 0.6331],[0.496, 0.6057],[0.491, 0.5687],[0.5054, 0.5492],[0.5196, 0.549],[0.494, 0.5463],[0.4932, 0.5098],[0.4973, 0.5179],[0.4998, 0.5365],[0.5067, 0.545],[0.5085, 0.5046],[0.5116, 0.5171],[0.5116, 0.5355],[0.518, 0.5496],[0.5212, 0.5144],[0.5218, 0.5266],[0.5201, 0.5461],[0.5293, 0.558],[0.5314, 0.5314],[0.5304, 0.5372],[0.5279, 0.5531]
[0.5141, 0.634],[0.4961, 0.608],[0.4904, 0.5706],[0.5042, 0.5501],[0.5187, 0.5506],[0.4942, 0.5473],[0.4935, 0.5097],[0.4977, 0.5183],[0.5003, 0.5368],[0.5069, 0.5459],[0.5088, 0.5052],[0.5119, 0.5175],[0.5121, 0.5356],[0.518, 0.5506],[0.5214, 0.5147],[0.522, 0.5263],[0.5201, 0.5456],[0.5292, 0.5591],[0.5316, 0.5323],[0.5304, 0.5376],[0.5276, 0.5534]
[0.5145, 0.6348],[0.4959, 0.6075],[0.4907, 0.5686],[0.5052, 0.5479],[0.52, 0.5499],[0.4938, 0.5473],[0.4936, 0.5099],[0.4976, 0.5182],[0.5, 0.5372],[0.5066, 0.546],[0.5083, 0.5053],[0.5117, 0.5164],[0.5123, 0.5348],[0.518, 0.5506],[0.521, 0.5153],[0.5218, 0.5257],[0.5204, 0.5453],[0.5294, 0.5583],[0.5312, 0.5321],[0.5306, 0.5368],[0.5286, 0.5524]
[0.5147, 0.6354],[0.4962, 0.6079],[0.4907, 0.5686],[0.5053, 0.5476],[0.5204, 0.5502],[0.4938, 0.5474],[0.4938, 0.5102],[0.4975, 0.5179],[0.4997, 0.5367],[0.5067, 0.546],[0.5084, 0.5049],[0.5116, 0.5165],[0.5118, 0.5354],[0.5181, 0.5504],[0.5212, 0.515],[0.5216, 0.5259],[0.5198, 0.5461],[0.5293, 0.5581],[0.5312, 0.5321],[0.5303, 0.537],[0.5281, 0.5529]
[0.5145, 0.6361],[0.4958, 0.6077],[0.4906, 0.5686],[0.5049, 0.5484],[0.5201, 0.5519],[0.4936, 0.5476],[0.4937, 0.5103],[0.4974, 0.5175],[0.4997, 0.5366],[0.5065, 0.5467],[0.5084, 0.5049],[0.5116, 0.5166],[0.5121, 0.5356],[0.5179, 0.5514],[0.5211, 0.5157],[0.5215, 0.5252],[0.5199, 0.5456],[0.5292, 0.559],[0.531, 0.5324],[0.5304, 0.5361],[0.5285, 0.5521]
[0.5148, 0.6363],[0.4961, 0.6083],[0.4901, 0.57],[0.5039, 0.5494],[0.5189, 0.5514],[0.4934, 0.5484],[0.4935, 0.5099],[0.4975, 0.5184],[0.4997, 0.5374],[0.5061, 0.5472],[0.5078, 0.5048],[0.5115, 0.5167],[0.5118, 0.5354],[0.5177, 0.5517],[0.5204, 0.5156],[0.5212, 0.5256],[0.5195, 0.5455],[0.5292, 0.5595],[0.5308, 0.532],[0.5303, 0.5361],[0.5281, 0.5521]
[0.5145, 0.6364],[0.4961, 0.6105],[0.4898, 0.5705],[0.5039, 0.549],[0.5195, 0.5528],[0.4934, 0.5479],[0.4935, 0.5095],[0.4975, 0.5191],[0.4994, 0.5383],[0.5061, 0.5463],[0.5081, 0.5041],[0.5112, 0.5175],[0.5111, 0.5374],[0.5178, 0.5509],[0.5206, 0.515],[0.5212, 0.5267],[0.5195, 0.547],[0.5292, 0.5589],[0.5308, 0.5317],[0.5303, 0.5365],[0.5283, 0.5525]
[0.5144, 0.6365],[0.4958, 0.6097],[0.4897, 0.57],[0.504, 0.5487],[0.5193, 0.5517],[0.4932, 0.5482],[0.4932, 0.5098],[0.497, 0.5186],[0.4991, 0.5373],[0.506, 0.5469],[0.5081, 0.5053],[0.5111, 0.5181],[0.5112, 0.5375],[0.5176, 0.5515],[0.5206, 0.5152],[0.5212, 0.5262],[0.5195, 0.5468],[0.5292, 0.5591],[0.5309, 0.5316],[0.5301, 0.5366],[0.5281, 0.5532]
[0.5151, 0.6357],[0.4964, 0.611],[0.4899, 0.5707],[0.5038, 0.5491],[0.5195, 0.5501],[0.494, 0.548],[0.494, 0.5088],[0.4978, 0.5187],[0.4993, 0.538],[0.5066, 0.5458],[0.5083, 0.5041],[0.5113, 0.5186],[0.5109, 0.5393],[0.5183, 0.5499],[0.5207, 0.514],[0.5214, 0.5274],[0.5196, 0.5478],[0.5296, 0.5578],[0.531, 0.5315],[0.5305, 0.5373],[0.5285, 0.5529]
[0.5143, 0.636],[0.4956, 0.6101],[0.4895, 0.5688],[0.5042, 0.5483],[0.5204, 0.5547],[0.4932, 0.5481],[0.4937, 0.5091],[0.4969, 0.5212],[0.4983, 0.5413],[0.5063, 0.547],[0.5084, 0.5052],[0.5111, 0.5184],[0.5109, 0.5371],[0.5182, 0.5519],[0.521, 0.5158],[0.522, 0.5265],[0.5203, 0.5462],[0.5298, 0.5597],[0.5311, 0.5332],[0.5309, 0.5369],[0.5292, 0.5519]
[0.5143, 0.6343],[0.4959, 0.6096],[0.4896, 0.5682],[0.5042, 0.5479],[0.5203, 0.5551],[0.4929, 0.5468],[0.4933, 0.5087],[0.4966, 0.5214],[0.4981, 0.5423],[0.5061, 0.5451],[0.5086, 0.5039],[0.5109, 0.5193],[0.5105, 0.5389],[0.518, 0.5497],[0.5212, 0.5155],[0.5216, 0.5293],[0.5197, 0.5482],[0.5295, 0.5577],[0.5312, 0.5325],[0.5307, 0.5385],[0.5287, 0.5531]
[0.5142, 0.6348],[0.496, 0.6094],[0.4893, 0.5695],[0.5034, 0.5486],[0.5189, 0.555],[0.4934, 0.5462],[0.4936, 0.5085],[0.4964, 0.5225],[0.498, 0.5428],[0.5062, 0.5449],[0.5087, 0.5039],[0.5105, 0.5203],[0.5101, 0.5394],[0.5178, 0.5496],[0.5212, 0.5148],[0.5211, 0.5297],[0.519, 0.549],[0.5291, 0.558],[0.5315, 0.5318],[0.5302, 0.5392],[0.5277, 0.5547]
[0.514, 0.6354],[0.4962, 0.6097],[0.4897, 0.5689],[0.5041, 0.5484],[0.5196, 0.5547],[0.4928, 0.546],[0.4935, 0.5083],[0.4968, 0.5236],[0.4981, 0.5439],[0.5058, 0.5443],[0.5087, 0.5036],[0.5109, 0.5213],[0.5103, 0.54],[0.5175, 0.5489],[0.5212, 0.5151],[0.5215, 0.5309],[0.5191, 0.5491],[0.5286, 0.5575],[0.5312, 0.532],[0.5304, 0.5402],[0.528, 0.5549]
[0.5139, 0.6361],[0.4959, 0.6097],[0.4897, 0.5706],[0.5039, 0.5497],[0.5195, 0.5551],[0.4926, 0.5463],[0.493, 0.5091],[0.4962, 0.5214],[0.498, 0.5412],[0.5056, 0.5451],[0.5082, 0.5041],[0.5107, 0.519],[0.5107, 0.5385],[0.5173, 0.5496],[0.5207, 0.5152],[0.521, 0.5277],[0.5192, 0.5474],[0.5285, 0.5577],[0.5309, 0.5317],[0.5302, 0.5371],[0.5281, 0.5525]
[0.514, 0.6356],[0.4956, 0.6096],[0.4892, 0.5703],[0.5031, 0.5492],[0.5186, 0.553],[0.493, 0.5471],[0.493, 0.5091],[0.4961, 0.5196],[0.498, 0.5394],[0.5059, 0.5456],[0.5082, 0.5037],[0.5104, 0.5176],[0.5103, 0.5377],[0.5173, 0.5501],[0.5202, 0.5144],[0.5203, 0.526],[0.5187, 0.5467],[0.5286, 0.5579],[0.5303, 0.5316],[0.5294, 0.5368],[0.5275, 0.553]
[0.5139, 0.6358],[0.4954, 0.6094],[0.4891, 0.5699],[0.5033, 0.549],[0.5187, 0.5552],[0.4927, 0.5464],[0.493, 0.509],[0.4962, 0.5191],[0.498, 0.5383],[0.5055, 0.5454],[0.5081, 0.5044],[0.5105, 0.519],[0.5103, 0.5385],[0.5169, 0.5499],[0.5201, 0.5154],[0.5205, 0.5281],[0.5186, 0.5477],[0.5281, 0.5576],[0.5303, 0.5322],[0.5295, 0.5384],[0.5273, 0.5542]
[0.514, 0.635],[0.4962, 0.6103],[0.4894, 0.5704],[0.5033, 0.5495],[0.519, 0.5564],[0.4929, 0.5462],[0.4937, 0.5087],[0.4963, 0.5202],[0.4976, 0.5394],[0.5057, 0.5447],[0.5084, 0.5034],[0.5099, 0.5187],[0.5094, 0.5377],[0.5172, 0.5492],[0.5206, 0.5152],[0.5203, 0.529],[0.5184, 0.5478],[0.5283, 0.5575],[0.5309, 0.5328],[0.5296, 0.5395],[0.5273, 0.5544]
[0.5138, 0.6346],[0.4957, 0.6082],[0.4895, 0.5691],[0.5036, 0.549],[0.5187, 0.5552],[0.493, 0.5458],[0.4934, 0.5086],[0.4963, 0.5201],[0.498, 0.539],[0.5058, 0.5449],[0.5081, 0.5045],[0.5105, 0.5188],[0.5105, 0.537],[0.5173, 0.5495],[0.5206, 0.5155],[0.5209, 0.5277],[0.5191, 0.5465],[0.5285, 0.5575],[0.5307, 0.5317],[0.5297, 0.5378],[0.5273, 0.5533]
[0.5139, 0.6351],[0.4956, 0.6085],[0.4895, 0.5689],[0.5035, 0.5487],[0.5185, 0.5552],[0.4929, 0.5463],[0.4931, 0.5093],[0.4963, 0.5201],[0.4982, 0.5395],[0.5058, 0.5449],[0.508, 0.5042],[0.5105, 0.5174],[0.5108, 0.536],[0.5172, 0.5493],[0.5207, 0.5156],[0.521, 0.5276],[0.5192, 0.5465],[0.5282, 0.5571],[0.5305, 0.5323],[0.5298, 0.5383],[0.5275, 0.5538]
[0.5143, 0.6351],[0.496, 0.6101],[0.4894, 0.5697],[0.5027, 0.5491],[0.518, 0.5552],[0.4931, 0.5464],[0.4935, 0.5089],[0.4964, 0.5199],[0.4979, 0.5394],[0.5058, 0.5447],[0.5082, 0.5042],[0.5105, 0.5189],[0.5105, 0.5383],[0.5173, 0.549],[0.5207, 0.5151],[0.5209, 0.5285],[0.519, 0.5475],[0.5284, 0.5568],[0.5306, 0.5323],[0.5298, 0.5389],[0.5277, 0.5541]
[0.5143, 0.6361],[0.4962, 0.6117],[0.4894, 0.57],[0.5029, 0.5483],[0.5185, 0.5547],[0.4931, 0.5471],[0.4936, 0.5091],[0.4966, 0.5199],[0.498, 0.5393],[0.5059, 0.5451],[0.5082, 0.5046],[0.5104, 0.5193],[0.5101, 0.539],[0.5174, 0.5492],[0.5205, 0.515],[0.5208, 0.5282],[0.519, 0.5474],[0.5286, 0.5569],[0.5307, 0.5321],[0.5299, 0.5383],[0.5279, 0.5532]
[0.5138, 0.6336],[0.4961, 0.6082],[0.4897, 0.5689],[0.5036, 0.549],[0.5189, 0.5562],[0.4935, 0.5461],[0.4935, 0.5087],[0.4965, 0.5196],[0.498, 0.5381],[0.5061, 0.5446],[0.5084, 0.5041],[0.5102, 0.5189],[0.5097, 0.539],[0.5176, 0.5489],[0.5211, 0.5144],[0.5207, 0.5272],[0.5184, 0.5472],[0.5286, 0.5567],[0.5312, 0.531],[0.5298, 0.5364],[0.5273, 0.5518]
[0.5132, 0.6339],[0.4957, 0.6082],[0.4889, 0.57],[0.5023, 0.5493],[0.5173, 0.5551],[0.4939, 0.5458],[0.4933, 0.5093],[0.4961, 0.519],[0.4983, 0.5377],[0.5063, 0.5447],[0.5088, 0.5046],[0.5104, 0.5179],[0.5102, 0.5382],[0.5176, 0.5496],[0.5213, 0.5141],[0.5206, 0.5256],[0.5185, 0.5463],[0.5286, 0.5577],[0.5314, 0.5311],[0.5294, 0.5356],[0.5267, 0.5515]
[0.5133, 0.634],[0.4955, 0.6078],[0.4893, 0.5694],[0.5031, 0.5484],[0.5182, 0.5532],[0.4935, 0.5457],[0.4937, 0.509],[0.4966, 0.5191],[0.4984, 0.5377],[0.5061, 0.5446],[0.5085, 0.5041],[0.5101, 0.5174],[0.5099, 0.5369],[0.5174, 0.5492],[0.5211, 0.514],[0.5202, 0.5259],[0.5182, 0.5464],[0.5286, 0.5572],[0.5312, 0.5308],[0.5292, 0.536],[0.5264, 0.5519]
[0.5135, 0.6351],[0.4958, 0.6097],[0.4894, 0.5706],[0.5032, 0.5491],[0.5185, 0.5528],[0.4935, 0.5467],[0.4937, 0.5089],[0.4968, 0.5181],[0.4986, 0.5369],[0.506, 0.5456],[0.5086, 0.5044],[0.5105, 0.5173],[0.5102, 0.5371],[0.5174, 0.5503],[0.5212, 0.5144],[0.5206, 0.5259],[0.5182, 0.5467],[0.5286, 0.5585],[0.5313, 0.5314],[0.5295, 0.5361],[0.5264, 0.5524]
[0.5139, 0.6348],[0.4958, 0.6088],[0.4899, 0.5694],[0.5039, 0.5488],[0.519, 0.554],[0.4937, 0.5463],[0.4938, 0.5093],[0.497, 0.5175],[0.499, 0.5359],[0.5062, 0.5449],[0.5085, 0.5042],[0.5108, 0.517],[0.5109, 0.5369],[0.5176, 0.5495],[0.5211, 0.5143],[0.5208, 0.5263],[0.5189, 0.5471],[0.5287, 0.5573],[0.5314, 0.5308],[0.5298, 0.5357],[0.5273, 0.5516]
[0.5139, 0.6347],[0.4959, 0.6101],[0.4896, 0.5709],[0.5037, 0.5496],[0.5193, 0.5535],[0.4939, 0.5468],[0.4937, 0.509],[0.4969, 0.5179],[0.4991, 0.5369],[0.5065, 0.5453],[0.5089, 0.5041],[0.5109, 0.5172],[0.5105, 0.5377],[0.5179, 0.5497],[0.5212, 0.5141],[0.5208, 0.5263],[0.5189, 0.5475],[0.5289, 0.5575],[0.5314, 0.531],[0.5301, 0.5358],[0.5277, 0.5517]
[0.5143, 0.6337],[0.4961, 0.609],[0.4899, 0.5701],[0.504, 0.549],[0.5192, 0.5517],[0.4939, 0.5463],[0.4939, 0.5086],[0.4973, 0.5172],[0.4992, 0.536],[0.5065, 0.5449],[0.5092, 0.504],[0.5113, 0.5179],[0.5109, 0.5381],[0.5178, 0.5493],[0.5213, 0.5143],[0.5211, 0.5275],[0.5189, 0.5481],[0.5288, 0.5571],[0.5313, 0.531],[0.5302, 0.5371],[0.5277, 0.553]
[0.5143, 0.6342],[0.4965, 0.6095],[0.4902, 0.5702],[0.5041, 0.5494],[0.519, 0.5536],[0.4938, 0.5463],[0.494, 0.5093],[0.497, 0.5174],[0.4988, 0.5358],[0.5064, 0.5447],[0.5089, 0.5047],[0.5111, 0.5179],[0.5111, 0.537],[0.5178, 0.5492],[0.5212, 0.5144],[0.5212, 0.5274],[0.5193, 0.5468],[0.5286, 0.5574],[0.5314, 0.5312],[0.5302, 0.5372],[0.5278, 0.5526]
[0.5139, 0.634],[0.496, 0.6091],[0.49, 0.5702],[0.504, 0.5505],[0.5192, 0.5541],[0.4938, 0.5462],[0.4943, 0.5082],[0.4971, 0.5189],[0.4985, 0.5382],[0.5065, 0.5452],[0.5093, 0.5042],[0.5115, 0.519],[0.511, 0.5386],[0.5181, 0.5499],[0.5215, 0.5141],[0.5216, 0.5274],[0.5197, 0.5473],[0.5292, 0.5581],[0.5314, 0.5315],[0.5307, 0.537],[0.5286, 0.5521]
[0.514, 0.6346],[0.4962, 0.609],[0.4895, 0.5711],[0.5031, 0.5506],[0.5182, 0.553],[0.4935, 0.5467],[0.4938, 0.5087],[0.497, 0.5183],[0.4988, 0.5371],[0.5061, 0.5455],[0.5091, 0.5043],[0.5114, 0.5185],[0.511, 0.5384],[0.5176, 0.5501],[0.5212, 0.5143],[0.5214, 0.5267],[0.5194, 0.5469],[0.5288, 0.5583],[0.5314, 0.5316],[0.5304, 0.5368],[0.5281, 0.5522]
[0.514, 0.6351],[0.4961, 0.6106],[0.4894, 0.5711],[0.5031, 0.5499],[0.5183, 0.5523],[0.4934, 0.5474],[0.4936, 0.5091],[0.4973, 0.5181],[0.4991, 0.5366],[0.5061, 0.5457],[0.5088, 0.5045],[0.5116, 0.5185],[0.5112, 0.5383],[0.5177, 0.55],[0.5211, 0.5142],[0.5217, 0.5269],[0.5198, 0.5468],[0.5288, 0.558],[0.5309, 0.5313],[0.5305, 0.5368],[0.5286, 0.552]
[0.5141, 0.6349],[0.4959, 0.6103],[0.4896, 0.5709],[0.5037, 0.5498],[0.5191, 0.5534],[0.4937, 0.5465],[0.494, 0.509],[0.4972, 0.5174],[0.4988, 0.5356],[0.5065, 0.5449],[0.5088, 0.5041],[0.5113, 0.5181],[0.5111, 0.5378],[0.5179, 0.5494],[0.5212, 0.5139],[0.5216, 0.5275],[0.5197, 0.5477],[0.5291, 0.5576],[0.5312, 0.5313],[0.5305, 0.5374],[0.5285, 0.553]
[0.5139, 0.6352],[0.4962, 0.6096],[0.4905, 0.5695],[0.5049, 0.5495],[0.52, 0.5548],[0.4931, 0.546],[0.4941, 0.509],[0.4972, 0.5201],[0.4985, 0.5399],[0.5061, 0.5448],[0.509, 0.504],[0.5111, 0.5188],[0.5106, 0.5378],[0.5178, 0.5496],[0.5215, 0.5155],[0.5216, 0.5289],[0.5195, 0.5478],[0.529, 0.5581],[0.5314, 0.5326],[0.5304, 0.5391],[0.5281, 0.554]
[0.514, 0.6356],[0.4963, 0.6098],[0.4905, 0.5704],[0.5046, 0.5502],[0.5198, 0.5536],[0.4936, 0.5468],[0.494, 0.5089],[0.4976, 0.519],[0.4992, 0.5391],[0.5065, 0.5456],[0.509, 0.5045],[0.5118, 0.5179],[0.5114, 0.5371],[0.518, 0.5504],[0.5214, 0.5155],[0.5218, 0.5278],[0.5197, 0.5473],[0.5292, 0.5586],[0.5314, 0.5329],[0.531, 0.5379],[0.5287, 0.5527]
[0.5143, 0.6351],[0.4964, 0.6091],[0.4906, 0.57],[0.5048, 0.5499],[0.5199, 0.5529],[0.4935, 0.547],[0.494, 0.5091],[0.4975, 0.519],[0.4991, 0.5385],[0.5065, 0.5461],[0.509, 0.5042],[0.5117, 0.5179],[0.5114, 0.5369],[0.518, 0.5508],[0.5215, 0.5158],[0.5218, 0.5281],[0.5196, 0.5476],[0.5292, 0.5591],[0.5315, 0.5331],[0.5309, 0.5381],[0.5286, 0.5529]
[0.5144, 0.6351],[0.4963, 0.6092],[0.4902, 0.5709],[0.5041, 0.5507],[0.5193, 0.5533],[0.4937, 0.5474],[0.4939, 0.5093],[0.4975, 0.5183],[0.4993, 0.5377],[0.5066, 0.5464],[0.5088, 0.5045],[0.5116, 0.517],[0.5114, 0.5364],[0.5181, 0.5511],[0.5212, 0.5151],[0.5216, 0.5258],[0.5197, 0.5459],[0.5293, 0.5591],[0.5313, 0.5323],[0.5308, 0.536],[0.5287, 0.5513]
[0.5142, 0.6351],[0.4959, 0.6096],[0.4899, 0.5701],[0.5037, 0.5499],[0.5188, 0.5505],[0.494, 0.5474],[0.494, 0.5092],[0.4975, 0.5184],[0.4992, 0.538],[0.5068, 0.5462],[0.5088, 0.5044],[0.5116, 0.5161],[0.5116, 0.5349],[0.5182, 0.5513],[0.5213, 0.5144],[0.5221, 0.5253],[0.5203, 0.545],[0.5292, 0.5599],[0.5312, 0.5328],[0.5308, 0.5372],[0.5287, 0.5525]
[0.514, 0.6343],[0.4961, 0.6091],[0.4897, 0.5702],[0.5031, 0.5499],[0.518, 0.5512],[0.494, 0.5469],[0.494, 0.5089],[0.4973, 0.5187],[0.4991, 0.5387],[0.5067, 0.546],[0.5088, 0.5042],[0.5116, 0.5167],[0.5115, 0.5355],[0.518, 0.551],[0.5213, 0.5144],[0.5219, 0.5255],[0.5202, 0.5452],[0.529, 0.5596],[0.5312, 0.5325],[0.5306, 0.5372],[0.5284, 0.5527]