[0.5526, 1.0],[0.7425, 1.0],[0.753, 0.8308],[0.5618, 0.639],[0.3673, 0.5462],[0.7767, 0.4956],[0.845, 0.1828],[0.8765, 0.0],[0.893, 0.0],[0.59, 0.4789],[0.5624, 0.1625],[0.5329, 0.0],[0.5079, 0.0],[0.4343, 0.5425],[0.3101, 0.2549],[0.2398, 0.0742],[0.1787, 0.0],[0.318, 0.6697],[0.2779, 0.5018],[0.3337, 0.5787],[0.3771, 0.6752]
[0.5644, 1.0],[0.7418, 1.0],[0.7484, 0.8375],[0.5519, 0.6431],[0.362, 0.5373],[0.7734, 0.4993],[0.8378, 0.178],[0.8667, 0.0],[0.8818, 0.0],[0.592, 0.4878],[0.5585, 0.1559],[0.5276, 0.0],[0.5007, 0.0],[0.4376, 0.5521],[0.3114, 0.259],[0.2411, 0.0738],[0.1819, 0.0],[0.3278, 0.6719],[0.2707, 0.5007],[0.3226, 0.5835],[0.3666, 0.6952]
[0.5631, 1.0],[0.7405, 1.0],[0.7563, 0.8501],[0.5572, 0.6556],[0.362, 0.5529],[0.7727, 0.503],[0.8325, 0.1817],[0.8588, 0.0],[0.8713, 0.0],[0.5907, 0.4922],[0.5545, 0.1566],[0.525, 0.0],[0.498, 0.0],[0.4369, 0.5566],[0.3068, 0.2668],[0.2352, 0.0782],[0.1741, 0.0],[0.3226, 0.6719],[0.2779, 0.5022],[0.3337, 0.5924],[0.3791, 0.7077]
[0.5618, 1.0],[0.7392, 1.0],[0.753, 0.8541],[0.5539, 0.656],[0.3541, 0.5569],[0.7707, 0.5041],[0.8292, 0.1865],[0.8562, 0.0002],[0.8687, 0.0],[0.5867, 0.4911],[0.5486, 0.157],[0.5171, 0.0],[0.4882, 0.0],[0.4317, 0.5558],[0.3015, 0.269],[0.2325, 0.0805],[0.1734, 0.0],[0.318, 0.6708],[0.2713, 0.5081],[0.3278, 0.5924],[0.3751, 0.7015]
[0.5565, 1.0],[0.7333, 1.0],[0.7491, 0.8571],[0.5526, 0.6578],[0.3515, 0.5547],[0.7727, 0.507],[0.8305, 0.1869],[0.8555, 0.0],[0.8693, 0.0],[0.5881, 0.4956],[0.5513, 0.1614],[0.5191, 0.0],[0.4928, 0.0],[0.4303, 0.5577],[0.3048, 0.2705],[0.2358, 0.0834],[0.1767, 0.0],[0.3167, 0.6693],[0.272, 0.5133],[0.3265, 0.598],[0.3699, 0.7085]
[0.5598, 1.0],[0.7353, 1.0],[0.7464, 0.8619],[0.5532, 0.6663],[0.3515, 0.5573],[0.7701, 0.5044],[0.8299, 0.1865],[0.8549, 0.0],[0.8673, 0.0],[0.5874, 0.4974],[0.5506, 0.161],[0.5164, 0.0],[0.4869, 0.0],[0.4297, 0.5614],[0.3048, 0.2719],[0.2345, 0.0849],[0.176, 0.0],[0.3134, 0.673],[0.2647, 0.514],[0.3206, 0.5972],[0.3673, 0.7077]
[0.5618, 1.0],[0.7346, 1.0],[0.7477, 0.8637],[0.5598, 0.6652],[0.3594, 0.5462],[0.7714, 0.5059],[0.8299, 0.188],[0.8542, 0.0],[0.8654, 0.0],[0.5874, 0.4989],[0.5499, 0.1633],[0.5171, 0.0],[0.4882, 0.0],[0.4284, 0.5614],[0.3075, 0.2719],[0.2365, 0.0853],[0.1767, 0.0],[0.3127, 0.6693],[0.2667, 0.5163],[0.3199, 0.5994],[0.3633, 0.7088]
[0.5611, 1.0],[0.7359, 1.0],[0.7517, 0.8623],[0.5605, 0.6608],[0.3613, 0.5462],[0.7721, 0.5081],[0.8319, 0.1902],[0.8562, 0.0],[0.866, 0.0],[0.5881, 0.4982],[0.5519, 0.1658],[0.5197, 0.0],[0.4908, 0.0],[0.4317, 0.5606],[0.3075, 0.2727],[0.2365, 0.0849],[0.1754, 0.0],[0.3167, 0.6711],[0.2674, 0.5133],[0.3232, 0.5965],[0.3705, 0.7059]
[0.5611, 1.0],[0.7339, 1.0],[0.7477, 0.8604],[0.5545, 0.6586],[0.3574, 0.5432],[0.7707, 0.5104],[0.8312, 0.1899],[0.8575, 0.0],[0.8687, 0.0],[0.5881, 0.5004],[0.5526, 0.1673],[0.5197, 0.0],[0.4895, 0.0],[0.4323, 0.5628],[0.3094, 0.276],[0.2391, 0.0886],[0.1793, 0.0],[0.3167, 0.6719],[0.2687, 0.5133],[0.3239, 0.595],[0.3705, 0.7022]
[0.5631, 1.0],[0.7359, 1.0],[0.7491, 0.8682],[0.5559, 0.6671],[0.3594, 0.5536],[0.7714, 0.5107],[0.8305, 0.1917],[0.8568, 0.0006],[0.8693, 0.0],[0.5887, 0.4982],[0.5519, 0.1658],[0.5204, 0.0],[0.4915, 0.0],[0.433, 0.5617],[0.3081, 0.2734],[0.2385, 0.0871],[0.1793, 0.0],[0.3173, 0.6763],[0.2674, 0.5129],[0.3252, 0.5943],[0.3745, 0.7029]
[0.5611, 1.0],[0.7366, 1.0],[0.7497, 0.8667],[0.5572, 0.6674],[0.3574, 0.5558],[0.7734, 0.5104],[0.8325, 0.1925],[0.8575, 0.0017],[0.8693, 0.0],[0.5894, 0.5],[0.5532, 0.167],[0.521, 0.0],[0.4928, 0.0],[0.431, 0.5647],[0.3081, 0.2741],[0.2385, 0.086],[0.1787, 0.0],[0.3153, 0.6793],[0.268, 0.5152],[0.3278, 0.5943],[0.3771, 0.7015]
[0.5605, 1.0],[0.7366, 1.0],[0.7556, 0.8648],[0.5559, 0.6663],[0.3567, 0.558],[0.7727, 0.5104],[0.8286, 0.1943],[0.8542, 0.0043],[0.8673, 0.0],[0.5867, 0.4982],[0.5513, 0.1681],[0.521, 0.0],[0.4947, 0.0],[0.4303, 0.5639],[0.3055, 0.2745],[0.2371, 0.0871],[0.1793, 0.0],[0.3127, 0.6808],[0.2661, 0.5155],[0.3265, 0.5909],[0.3811, 0.6926]
[0.5618, 1.0],[0.7359, 1.0],[0.7504, 0.8689],[0.5565, 0.6763],[0.3574, 0.5713],[0.7661, 0.5122],[0.824, 0.195],[0.8509, 0.0043],[0.8654, 0.0],[0.5815, 0.5018],[0.5486, 0.1725],[0.5184, 0.0],[0.4915, 0.0],[0.4244, 0.5691],[0.2996, 0.2782],[0.2312, 0.0871],[0.1734, 0.0],[0.3055, 0.687],[0.2634, 0.5185],[0.3311, 0.5839],[0.3909, 0.6808]
[0.5532, 1.0],[0.7326, 1.0],[0.7491, 0.8634],[0.5605, 0.6748],[0.3594, 0.5651],[0.7707, 0.5107],[0.8292, 0.1943],[0.8542, 0.0025],[0.866, 0.0],[0.5861, 0.5026],[0.5506, 0.174],[0.5158, 0.0],[0.4842, 0.0],[0.4251, 0.5643],[0.3029, 0.2764],[0.2319, 0.0886],[0.1714, 0.0],[0.3048, 0.6711],[0.2654, 0.5181],[0.3272, 0.5961],[0.3791, 0.7007]
[0.5545, 1.0],[0.7326, 1.0],[0.7425, 0.8482],[0.546, 0.6652],[0.341, 0.5654],[0.7648, 0.5085],[0.8259, 0.1939],[0.8516, 0.0039],[0.8621, 0.0],[0.5815, 0.503],[0.546, 0.1703],[0.5118, 0.0],[0.4809, 0.0],[0.4205, 0.5654],[0.2976, 0.279],[0.2306, 0.0912],[0.1727, 0.0],[0.3042, 0.673],[0.2634, 0.5207],[0.3285, 0.6009],[0.3778, 0.7096]
[0.5585, 1.0],[0.7333, 1.0],[0.7438, 0.8512],[0.5427, 0.6597],[0.3436, 0.5591],[0.7661, 0.5111],[0.8213, 0.1984],[0.845, 0.0102],[0.8568, 0.0],[0.5821, 0.5018],[0.5453, 0.1725],[0.5138, 0.0],[0.4862, 0.0],[0.4264, 0.5673],[0.2989, 0.2804],[0.2299, 0.0923],[0.1734, 0.0],[0.3114, 0.6808],[0.2588, 0.5181],[0.3147, 0.5887],[0.3666, 0.6852]
[0.5532, 1.0],[0.7261, 1.0],[0.7313, 0.8475],[0.5361, 0.6601],[0.3331, 0.5588],[0.7648, 0.514],[0.8213, 0.1999],[0.8443, 0.0091],[0.8568, 0.0],[0.5828, 0.5063],[0.5467, 0.1773],[0.5105, 0.0],[0.4823, 0.0],[0.4244, 0.5676],[0.2969, 0.2804],[0.224, 0.0904],[0.1649, 0.0],[0.3101, 0.6752],[0.2588, 0.5233],[0.3219, 0.5968],[0.3765, 0.7007]
[0.5585, 1.0],[0.7293, 1.0],[0.7405, 0.8571],[0.544, 0.6697],[0.3416, 0.5725],[0.7648, 0.514],[0.822, 0.1984],[0.847, 0.0095],[0.8588, 0.0],[0.5808, 0.5052],[0.544, 0.1766],[0.5105, 0.0],[0.4809, 0.0],[0.4231, 0.5695],[0.295, 0.2834],[0.2247, 0.0938],[0.1655, 0.0],[0.3081, 0.6804],[0.2628, 0.5207],[0.3245, 0.5983],[0.3797, 0.704]
[0.5539, 1.0],[0.7326, 1.0],[0.7445, 0.8586],[0.5434, 0.6674],[0.3443, 0.5654],[0.7635, 0.5152],[0.8213, 0.1976],[0.845, 0.0084],[0.8568, 0.0],[0.5795, 0.507],[0.5427, 0.178],[0.5099, 0.0],[0.4816, 0.0],[0.4231, 0.5717],[0.295, 0.2815],[0.2247, 0.0938],[0.1655, 0.0],[0.3081, 0.6856],[0.2595, 0.5211],[0.3206, 0.6017],[0.3725, 0.7107]
[0.5552, 1.0],[0.7326, 1.0],[0.7392, 0.8678],[0.5434, 0.6748],[0.3456, 0.5676],[0.7661, 0.514],[0.8207, 0.1991],[0.8437, 0.0084],[0.8555, 0.0],[0.5821, 0.5063],[0.5427, 0.1777],[0.5072, 0.0],[0.4777, 0.0],[0.4231, 0.571],[0.2976, 0.2812],[0.2253, 0.0941],[0.1655, 0.0],[0.3075, 0.6852],[0.2595, 0.5244],[0.3213, 0.5998],[0.3732, 0.7052]
[0.5526, 1.0],[0.7274, 1.0],[0.7333, 0.8667],[0.5407, 0.6774],[0.3416, 0.5684],[0.7675, 0.5152],[0.8227, 0.1984],[0.8457, 0.0062],[0.8588, 0.0],[0.5835, 0.5085],[0.546, 0.1762],[0.5092, 0.0],[0.479, 0.0],[0.4238, 0.5702],[0.2996, 0.2801],[0.2253, 0.0927],[0.1649, 0.0],[0.3094, 0.6793],[0.2621, 0.5259],[0.3245, 0.6042],[0.3751, 0.7133]
[0.5559, 1.0],[0.7307, 1.0],[0.7353, 0.863],[0.5467, 0.6745],[0.3482, 0.5632],[0.7642, 0.514],[0.822, 0.1984],[0.8463, 0.0065],[0.8595, 0.0],[0.5821, 0.5078],[0.5453, 0.1747],[0.5099, 0.0],[0.4803, 0.0],[0.4211, 0.5721],[0.2976, 0.2823],[0.2266, 0.0938],[0.1662, 0.0],[0.3061, 0.6845],[0.2588, 0.5266],[0.3252, 0.5983],[0.3797, 0.7033]
[0.5545, 1.0],[0.7274, 1.0],[0.7339, 0.8659],[0.546, 0.6734],[0.3449, 0.5573],[0.7655, 0.5129],[0.8227, 0.1984],[0.8463, 0.0047],[0.8581, 0.0],[0.5835, 0.5074],[0.546, 0.1751],[0.5099, 0.0],[0.4796, 0.0],[0.4238, 0.5702],[0.3015, 0.2801],[0.2286, 0.0919],[0.1655, 0.0],[0.3088, 0.6782],[0.2628, 0.5237],[0.3239, 0.6013],[0.3732, 0.7103]
[0.5572, 1.0],[0.7267, 1.0],[0.7379, 0.8693],[0.546, 0.6745],[0.3482, 0.5691],[0.7622, 0.5137],[0.82, 0.1987],[0.8463, 0.0091],[0.8588, 0.0],[0.5795, 0.5018],[0.5407, 0.1732],[0.5072, 0.0],[0.4777, 0.0],[0.4231, 0.5658],[0.2969, 0.2797],[0.2266, 0.0927],[0.1681, 0.0],[0.3081, 0.6796],[0.2575, 0.5211],[0.314, 0.5965],[0.3646, 0.6974]
[0.548, 1.0],[0.7234, 1.0],[0.7431, 0.8608],[0.5434, 0.6682],[0.341, 0.5621],[0.7675, 0.5144],[0.824, 0.1976],[0.8463, 0.008],[0.8555, 0.0],[0.5802, 0.5033],[0.5434, 0.1729],[0.5099, 0.0],[0.4796, 0.0],[0.4218, 0.5647],[0.2969, 0.2812],[0.2273, 0.0949],[0.1668, 0.0],[0.3048, 0.6726],[0.2674, 0.5225],[0.3245, 0.6061],[0.3705, 0.7111]
[0.5545, 1.0],[0.7293, 1.0],[0.7438, 0.863],[0.5467, 0.6711],[0.3456, 0.5688],[0.7648, 0.5155],[0.8227, 0.201],[0.847, 0.0124],[0.8575, 0.0],[0.5808, 0.5044],[0.5447, 0.1706],[0.5125, 0.0],[0.4829, 0.0],[0.4231, 0.5676],[0.295, 0.2834],[0.2266, 0.0934],[0.1688, 0.0],[0.3055, 0.6793],[0.2661, 0.5218],[0.3265, 0.6057],[0.3745, 0.7148]
[0.5539, 1.0],[0.7267, 1.0],[0.7431, 0.8645],[0.5447, 0.67],[0.3443, 0.5676],[0.7615, 0.5137],[0.8174, 0.1995],[0.8437, 0.011],[0.8575, 0.0],[0.5782, 0.5018],[0.5394, 0.1725],[0.5066, 0.0],[0.4777, 0.0],[0.4225, 0.5662],[0.295, 0.2823],[0.2266, 0.093],[0.1681, 0.0],[0.3048, 0.6789],[0.2628, 0.5192],[0.3199, 0.5998],[0.3679, 0.7044]
[0.5539, 1.0],[0.7254, 1.0],[0.7392, 0.8582],[0.5427, 0.6682],[0.3397, 0.5647],[0.7642, 0.5122],[0.82, 0.1965],[0.8437, 0.0062],[0.8549, 0.0],[0.5795, 0.5037],[0.5414, 0.174],[0.5066, 0.0],[0.4763, 0.0],[0.4211, 0.5658],[0.2963, 0.2812],[0.2266, 0.0938],[0.1662, 0.0],[0.3055, 0.6737],[0.2661, 0.5225],[0.3265, 0.6072],[0.3732, 0.7166]
[0.5532, 1.0],[0.7261, 1.0],[0.7412, 0.8574],[0.5427, 0.6652],[0.3423, 0.5606],[0.7622, 0.5129],[0.8181, 0.1995],[0.8443, 0.011],[0.8562, 0.0],[0.5782, 0.5007],[0.5394, 0.1718],[0.5072, 0.0],[0.477, 0.0],[0.4211, 0.5632],[0.295, 0.2793],[0.2273, 0.0919],[0.1675, 0.0],[0.3042, 0.6726],[0.2634, 0.5207],[0.3213, 0.5991],[0.3692, 0.7007]
[0.5539, 1.0],[0.7333, 1.0],[0.7451, 0.8578],[0.5467, 0.6686],[0.3482, 0.5658],[0.7635, 0.5152],[0.8207, 0.1987],[0.845, 0.0091],[0.8562, 0.0],[0.5808, 0.5052],[0.5421, 0.1732],[0.5092, 0.0],[0.4796, 0.0],[0.4231, 0.5695],[0.2969, 0.2823],[0.2279, 0.093],[0.1681, 0.0],[0.3068, 0.6833],[0.2621, 0.5218],[0.3239, 0.602],[0.3738, 0.7103]
[0.5519, 1.0],[0.73, 1.0],[0.7412, 0.8604],[0.5453, 0.6726],[0.3443, 0.5647],[0.7642, 0.5144],[0.8207, 0.1984],[0.8443, 0.0076],[0.8555, 0.0],[0.5815, 0.5059],[0.5427, 0.1729],[0.5072, 0.0],[0.4763, 0.0],[0.4231, 0.5684],[0.3002, 0.2815],[0.2299, 0.0945],[0.1695, 0.0],[0.3075, 0.6785],[0.2634, 0.5225],[0.3239, 0.6039],[0.3732, 0.7129]
[0.5526, 1.0],[0.7267, 1.0],[0.7451, 0.8611],[0.5473, 0.673],[0.3475, 0.5676],[0.7642, 0.5118],[0.8213, 0.1958],[0.8457, 0.0062],[0.8562, 0.0],[0.5802, 0.5011],[0.5434, 0.1714],[0.5092, 0.0],[0.4783, 0.0],[0.4238, 0.5647],[0.2989, 0.279],[0.2299, 0.0927],[0.1714, 0.0],[0.3068, 0.676],[0.2628, 0.5196],[0.3193, 0.6039],[0.3666, 0.7122]
[0.5572, 1.0],[0.7339, 1.0],[0.7477, 0.8549],[0.5453, 0.6652],[0.3462, 0.5595],[0.7675, 0.5118],[0.8259, 0.195],[0.8496, 0.005],[0.8588, 0.0],[0.5835, 0.5011],[0.5473, 0.1703],[0.5131, 0.0],[0.4823, 0.0],[0.4264, 0.5636],[0.3002, 0.2778],[0.2312, 0.0915],[0.1708, 0.0],[0.3101, 0.6741],[0.2661, 0.5189],[0.3239, 0.6031],[0.3699, 0.7111]
[0.5572, 1.0],[0.7353, 1.0],[0.751, 0.856],[0.5467, 0.6634],[0.3462, 0.5595],[0.7648, 0.5078],[0.824, 0.191],[0.8483, 0.0017],[0.8588, 0.0],[0.5815, 0.497],[0.5447, 0.1666],[0.5105, 0.0],[0.4796, 0.0],[0.4251, 0.5606],[0.2989, 0.2727],[0.2306, 0.0867],[0.1721, 0.0],[0.3088, 0.6748],[0.2595, 0.5144],[0.3153, 0.5991],[0.3627, 0.707]
[0.5559, 1.0],[0.7326, 1.0],[0.7464, 0.8582],[0.544, 0.6638],[0.3456, 0.5584],[0.7694, 0.5129],[0.8273, 0.1917],[0.8496, 0.0014],[0.8595, 0.0],[0.5848, 0.5011],[0.5467, 0.1673],[0.5118, 0.0],[0.4796, 0.0],[0.4277, 0.5625],[0.3002, 0.2745],[0.2299, 0.0878],[0.1688, 0.0],[0.3121, 0.6741],[0.2647, 0.5129],[0.3206, 0.5976],[0.3646, 0.7077]
[0.5578, 1.0],[0.7326, 1.0],[0.7484, 0.8604],[0.5486, 0.6671],[0.3502, 0.5606],[0.7661, 0.5085],[0.8253, 0.1925],[0.8503, 0.0036],[0.8608, 0.0],[0.5821, 0.4963],[0.5447, 0.1633],[0.5099, 0.0],[0.4783, 0.0],[0.4257, 0.5584],[0.2996, 0.2723],[0.2306, 0.086],[0.1708, 0.0],[0.3094, 0.6708],[0.2641, 0.5129],[0.3193, 0.5972],[0.3646, 0.7048]
[0.5526, 1.0],[0.7234, 1.0],[0.7418, 0.8567],[0.546, 0.6601],[0.3456, 0.5499],[0.7681, 0.5067],[0.8266, 0.1854],[0.8503, 0.0],[0.8614, 0.0],[0.5835, 0.4963],[0.5506, 0.1633],[0.5158, 0.0],[0.4836, 0.0],[0.4264, 0.5569],[0.3048, 0.2712],[0.2345, 0.0856],[0.1734, 0.0],[0.3114, 0.6649],[0.2713, 0.5126],[0.3252, 0.5991],[0.3666, 0.7085]
[0.5578, 1.0],[0.7333, 1.0],[0.7484, 0.8549],[0.5532, 0.6645],[0.3574, 0.5566],[0.7655, 0.5033],[0.8253, 0.1851],[0.8516, 0.0],[0.8641, 0.0],[0.5835, 0.4937],[0.548, 0.1596],[0.5158, 0.0],[0.4862, 0.0],[0.4271, 0.5573],[0.3035, 0.2686],[0.2352, 0.083],[0.1773, 0.0],[0.3121, 0.67],[0.2661, 0.5122],[0.318, 0.5943],[0.362, 0.7011]
[0.5591, 1.0],[0.732, 1.0],[0.7458, 0.856],[0.5506, 0.6615],[0.3554, 0.5499],[0.7668, 0.5041],[0.8253, 0.1851],[0.8503, 0.0],[0.8608, 0.0],[0.5841, 0.4941],[0.5473, 0.161],[0.5145, 0.0],[0.4842, 0.0],[0.4284, 0.5577],[0.3042, 0.269],[0.2339, 0.0816],[0.1741, 0.0],[0.3121, 0.6678],[0.2674, 0.5133],[0.3219, 0.5972],[0.3686, 0.7052]
[0.5565, 1.0],[0.7287, 1.0],[0.7431, 0.8537],[0.5486, 0.663],[0.3548, 0.5543],[0.7648, 0.5022],[0.8246, 0.1862],[0.8503, 0.0],[0.8595, 0.0],[0.5821, 0.4911],[0.5467, 0.1607],[0.5125, 0.0],[0.4803, 0.0],[0.4257, 0.5543],[0.3029, 0.2668],[0.2332, 0.0812],[0.1734, 0.0],[0.3081, 0.6656],[0.2661, 0.5092],[0.3206, 0.5913],[0.3692, 0.6959]
[0.5539, 1.0],[0.73, 1.0],[0.7491, 0.846],[0.5493, 0.656],[0.3521, 0.554],[0.7675, 0.5037],[0.8279, 0.1865],[0.8522, 0.0],[0.8627, 0.0],[0.5828, 0.4922],[0.548, 0.1599],[0.5151, 0.0],[0.4829, 0.0],[0.4271, 0.5551],[0.3022, 0.2682],[0.2332, 0.0823],[0.1727, 0.0],[0.3114, 0.6671],[0.2674, 0.5107],[0.3219, 0.6002],[0.3673, 0.7129]
[0.5598, 1.0],[0.7353, 1.0],[0.7464, 0.8456],[0.5467, 0.6571],[0.3482, 0.5569],[0.7681, 0.5018],[0.8266, 0.1836],[0.8509, 0.0],[0.8614, 0.0],[0.5854, 0.493],[0.5499, 0.1585],[0.5151, 0.0],[0.4829, 0.0],[0.4284, 0.5558],[0.3029, 0.2701],[0.2325, 0.083],[0.1708, 0.0],[0.3127, 0.6686],[0.2661, 0.51],[0.3239, 0.5987],[0.3686, 0.7144]
[0.5585, 1.0],[0.7359, 1.0],[0.7523, 0.8482],[0.5499, 0.6615],[0.3495, 0.5606],[0.7688, 0.4982],[0.824, 0.1814],[0.8483, 0.0],[0.8601, 0.0],[0.5835, 0.4885],[0.5453, 0.1577],[0.5112, 0.0],[0.4809, 0.0],[0.4257, 0.5514],[0.3002, 0.2638],[0.2293, 0.0782],[0.1695, 0.0],[0.3081, 0.663],[0.268, 0.5063],[0.3272, 0.5909],[0.3751, 0.6996]
[0.5565, 1.0],[0.7326, 1.0],[0.7471, 0.8478],[0.5486, 0.6564],[0.3502, 0.5547],[0.7668, 0.5007],[0.8233, 0.184],[0.8476, 0.0],[0.8595, 0.0],[0.5828, 0.49],[0.546, 0.1585],[0.5125, 0.0],[0.4829, 0.0],[0.4257, 0.554],[0.2989, 0.2649],[0.2299, 0.0768],[0.1708, 0.0],[0.3075, 0.6671],[0.2667, 0.5044],[0.3265, 0.5846],[0.3771, 0.6915]
[0.5578, 1.0],[0.7353, 1.0],[0.7543, 0.8486],[0.5545, 0.6578],[0.3548, 0.5562],[0.7675, 0.5011],[0.8266, 0.1825],[0.8516, 0.0],[0.8634, 0.0],[0.5821, 0.4915],[0.5473, 0.1585],[0.5151, 0.0],[0.4849, 0.0],[0.4257, 0.5573],[0.2989, 0.269],[0.2306, 0.0808],[0.1701, 0.0],[0.3101, 0.6737],[0.2687, 0.5067],[0.3291, 0.5839],[0.3784, 0.6896]
[0.5598, 1.0],[0.7399, 1.0],[0.7556, 0.8497],[0.5532, 0.6608],[0.3554, 0.5584],[0.7694, 0.4989],[0.8266, 0.184],[0.8509, 0.0],[0.8614, 0.0],[0.5854, 0.4904],[0.5486, 0.1588],[0.5151, 0.0],[0.4849, 0.0],[0.4284, 0.5566],[0.3015, 0.2679],[0.2306, 0.0786],[0.1701, 0.0],[0.3114, 0.6734],[0.2661, 0.5059],[0.3272, 0.5828],[0.3797, 0.6885]
[0.5591, 1.0],[0.7326, 1.0],[0.7491, 0.8475],[0.5499, 0.6545],[0.3515, 0.5488],[0.7681, 0.5004],[0.8279, 0.1814],[0.8516, 0.0],[0.8621, 0.0],[0.5848, 0.4911],[0.5506, 0.1573],[0.5177, 0.0],[0.4862, 0.0],[0.4284, 0.5558],[0.3035, 0.269],[0.2325, 0.0819],[0.1714, 0.0],[0.3134, 0.6704],[0.2667, 0.5074],[0.3245, 0.5869],[0.3712, 0.693]
[0.5637, 1.0],[0.7379, 1.0],[0.751, 0.8497],[0.5499, 0.6582],[0.3508, 0.5547],[0.7707, 0.5004],[0.8266, 0.1843],[0.8496, 0.0],[0.8595, 0.0],[0.5867, 0.4915],[0.5493, 0.1596],[0.5164, 0.0],[0.4869, 0.0],[0.4303, 0.5569],[0.3029, 0.2686],[0.2312, 0.0808],[0.1701, 0.0],[0.3153, 0.673],[0.2693, 0.5055],[0.3311, 0.5887],[0.3817, 0.7003]
[0.5585, 1.0],[0.7359, 1.0],[0.7497, 0.8489],[0.5499, 0.6564],[0.3502, 0.5532],[0.7701, 0.4993],[0.8253, 0.184],[0.8489, 0.0],[0.8608, 0.0],[0.5861, 0.4878],[0.5467, 0.1588],[0.5125, 0.0],[0.4829, 0.0],[0.4277, 0.5495],[0.3022, 0.2645],[0.2319, 0.079],[0.1708, 0.0],[0.3101, 0.6612],[0.2707, 0.507],[0.3305, 0.598],[0.3758, 0.7125]
[0.5578, 1.0],[0.7359, 1.0],[0.7504, 0.8526],[0.5519, 0.6593],[0.3535, 0.5543],[0.7701, 0.5048],[0.8259, 0.1873],[0.8496, 0.0],[0.8614, 0.0],[0.5861, 0.493],[0.5486, 0.1614],[0.5138, 0.0],[0.4849, 0.0],[0.4284, 0.5521],[0.3022, 0.2668],[0.2319, 0.0797],[0.1708, 0.0],[0.3127, 0.6615],[0.27, 0.5074],[0.3318, 0.5935],[0.3784, 0.7052]
[0.5605, 1.0],[0.7372, 1.0],[0.7537, 0.8508],[0.5539, 0.6626],[0.3535, 0.5621],[0.774, 0.5022],[0.8292, 0.1854],[0.8522, 0.0],[0.8608, 0.0],[0.5887, 0.4908],[0.5519, 0.1603],[0.5184, 0.0],[0.4875, 0.0],[0.429, 0.5529],[0.3048, 0.2656],[0.2358, 0.0786],[0.1741, 0.0],[0.3114, 0.6649],[0.2746, 0.5089],[0.3357, 0.598],[0.3817, 0.7111]
[0.5598, 1.0],[0.7366, 1.0],[0.751, 0.8574],[0.5585, 0.666],[0.3627, 0.5584],[0.7727, 0.5022],[0.8279, 0.1862],[0.8509, 0.0],[0.8621, 0.0],[0.59, 0.4919],[0.5513, 0.1599],[0.5158, 0.0],[0.4855, 0.0],[0.4323, 0.554],[0.3081, 0.2686],[0.2371, 0.0812],[0.178, 0.0],[0.316, 0.6638],[0.2693, 0.5096],[0.3265, 0.588],[0.3751, 0.6918]
[0.5585, 1.0],[0.7366, 1.0],[0.753, 0.8526],[0.5552, 0.6589],[0.3561, 0.5562],[0.7701, 0.507],[0.8259, 0.1891],[0.8483, 0.0],[0.8581, 0.0],[0.5867, 0.4956],[0.5486, 0.1621],[0.5151, 0.0],[0.4849, 0.0],[0.4297, 0.5573],[0.3042, 0.2727],[0.2358, 0.0845],[0.1767, 0.0],[0.3127, 0.6671],[0.2674, 0.5115],[0.3232, 0.5976],[0.3679, 0.7077]
[0.5618, 1.0],[0.7353, 1.0],[0.751, 0.856],[0.5565, 0.6626],[0.3587, 0.5606],[0.7701, 0.507],[0.8253, 0.1891],[0.8483, 0.0002],[0.8588, 0.0],[0.5861, 0.497],[0.548, 0.1655],[0.5145, 0.0],[0.4842, 0.0],[0.429, 0.5606],[0.3048, 0.2745],[0.2365, 0.0864],[0.1773, 0.0],[0.3127, 0.6723],[0.27, 0.5115],[0.3298, 0.592],[0.3804, 0.6989]
[0.5598, 1.0],[0.7339, 1.0],[0.7491, 0.8545],[0.5519, 0.6615],[0.3561, 0.5595],[0.7701, 0.5041],[0.8246, 0.1884],[0.8476, 0.0],[0.8568, 0.0],[0.5854, 0.4945],[0.5473, 0.1655],[0.5145, 0.0],[0.4855, 0.0],[0.4284, 0.5588],[0.3022, 0.2723],[0.2325, 0.0838],[0.1734, 0.0],[0.3114, 0.6704],[0.268, 0.5111],[0.3272, 0.5906],[0.3784, 0.693]
[0.5591, 1.0],[0.732, 1.0],[0.7484, 0.8552],[0.5545, 0.663],[0.3554, 0.5573],[0.7707, 0.5037],[0.824, 0.1877],[0.847, 0.0],[0.8575, 0.0],[0.5867, 0.4941],[0.5486, 0.164],[0.5145, 0.0],[0.4842, 0.0],[0.4284, 0.5566],[0.3035, 0.2734],[0.2339, 0.0856],[0.1734, 0.0],[0.3101, 0.666],[0.272, 0.5129],[0.3337, 0.6009],[0.3824, 0.7114]
[0.5578, 1.0],[0.7313, 1.0],[0.7445, 0.853],[0.5467, 0.6589],[0.3482, 0.5551],[0.7668, 0.5063],[0.8207, 0.1902],[0.843, 0.0028],[0.8529, 0.0],[0.5841, 0.497],[0.546, 0.164],[0.5105, 0.0],[0.479, 0.0],[0.4277, 0.5603],[0.3029, 0.2756],[0.2339, 0.0867],[0.1747, 0.0],[0.3114, 0.6715],[0.2674, 0.5137],[0.3259, 0.5957],[0.3732, 0.7018]
[0.5585, 1.0],[0.73, 1.0],[0.7405, 0.8512],[0.5453, 0.656],[0.3403, 0.5521],[0.7675, 0.5081],[0.82, 0.1895],[0.843, 0.001],[0.8555, 0.0],[0.5848, 0.5004],[0.5453, 0.1647],[0.5099, 0.0],[0.4796, 0.0],[0.4264, 0.5621],[0.3002, 0.2756],[0.2319, 0.0886],[0.1721, 0.0],[0.3114, 0.6734],[0.268, 0.5174],[0.3291, 0.6072],[0.3732, 0.7244]
[0.5539, 1.0],[0.73, 1.0],[0.7379, 0.8523],[0.5421, 0.6578],[0.337, 0.5518],[0.7668, 0.5096],[0.8213, 0.1888],[0.8437, 0.0],[0.8555, 0.0],[0.5848, 0.5022],[0.5447, 0.164],[0.5079, 0.0],[0.4763, 0.0],[0.4244, 0.5628],[0.2983, 0.2738],[0.2293, 0.0856],[0.1681, 0.0],[0.3101, 0.6708],[0.268, 0.5196],[0.3318, 0.6083],[0.3758, 0.7266]
[0.5493, 1.0],[0.7247, 1.0],[0.7353, 0.8574],[0.5414, 0.6663],[0.3403, 0.5603],[0.7635, 0.5092],[0.82, 0.1888],[0.8424, 0.0],[0.8522, 0.0],[0.5808, 0.5007],[0.5401, 0.1647],[0.5026, 0.0],[0.4704, 0.0],[0.4198, 0.5606],[0.295, 0.2778],[0.2266, 0.0927],[0.1668, 0.0],[0.3068, 0.6682],[0.268, 0.5222],[0.3305, 0.6135],[0.3725, 0.731]
[0.5539, 1.0],[0.7267, 1.0],[0.7379, 0.8534],[0.5388, 0.6674],[0.339, 0.5695],[0.7602, 0.5107],[0.8187, 0.1921],[0.8424, 0.0021],[0.8529, 0.0],[0.5782, 0.5015],[0.5388, 0.1673],[0.5053, 0.0],[0.477, 0.0],[0.4225, 0.5643],[0.293, 0.2756],[0.2233, 0.0849],[0.1655, 0.0],[0.3094, 0.6752],[0.2615, 0.517],[0.3186, 0.6024],[0.3679, 0.7151]
[0.5565, 1.0],[0.728, 1.0],[0.7425, 0.8656],[0.5486, 0.676],[0.3502, 0.5769],[0.7635, 0.5118],[0.8161, 0.1939],[0.8391, 0.0043],[0.8496, 0.0],[0.5808, 0.5],[0.5388, 0.1684],[0.5046, 0.0],[0.4757, 0.0],[0.4238, 0.5625],[0.2956, 0.2738],[0.2247, 0.0853],[0.1649, 0.0],[0.3081, 0.6748],[0.2647, 0.5152],[0.3239, 0.6009],[0.3719, 0.714]
[0.5513, 1.0],[0.7241, 1.0],[0.7418, 0.8641],[0.5453, 0.6745],[0.3449, 0.5688],[0.7615, 0.5133],[0.8167, 0.1954],[0.8404, 0.0058],[0.8522, 0.0],[0.5789, 0.503],[0.5381, 0.1695],[0.5039, 0.0],[0.4744, 0.0],[0.4225, 0.5632],[0.2969, 0.2775],[0.226, 0.0893],[0.1662, 0.0],[0.3075, 0.6689],[0.2641, 0.5196],[0.3193, 0.6053],[0.3646, 0.7151]
[0.5545, 1.0],[0.7221, 1.0],[0.7405, 0.8674],[0.5493, 0.6778],[0.3475, 0.5725],[0.7615, 0.5126],[0.8135, 0.1958],[0.8378, 0.0065],[0.8489, 0.0],[0.5789, 0.5015],[0.5394, 0.1673],[0.5046, 0.0],[0.4744, 0.0],[0.4231, 0.5621],[0.2956, 0.2771],[0.224, 0.0878],[0.1649, 0.0],[0.3075, 0.6678],[0.2661, 0.5174],[0.3213, 0.6046],[0.3679, 0.7159]
[0.5545, 1.0],[0.7234, 1.0],[0.7379, 0.8619],[0.5434, 0.6693],[0.3416, 0.5643],[0.7622, 0.5111],[0.8148, 0.1947],[0.8371, 0.005],[0.8463, 0.0],[0.5789, 0.4993],[0.5388, 0.1673],[0.5039, 0.0],[0.4731, 0.0],[0.4231, 0.5606],[0.295, 0.2753],[0.224, 0.0864],[0.1642, 0.0],[0.3068, 0.6678],[0.2647, 0.5159],[0.3213, 0.6024],[0.3699, 0.7129]
[0.5545, 1.0],[0.7228, 1.0],[0.7359, 0.8641],[0.5421, 0.67],[0.341, 0.5606],[0.7648, 0.51],[0.8154, 0.1954],[0.8371, 0.005],[0.847, 0.0],[0.5815, 0.4982],[0.5388, 0.1673],[0.5026, 0.0],[0.4711, 0.0],[0.4238, 0.5584],[0.2976, 0.2764],[0.2273, 0.089],[0.1675, 0.0],[0.3075, 0.6634],[0.2647, 0.5181],[0.3206, 0.6061],[0.3679, 0.7166]
[0.5572, 1.0],[0.7267, 1.0],[0.7392, 0.8626],[0.544, 0.67],[0.3416, 0.5595],[0.7622, 0.51],[0.8148, 0.195],[0.8371, 0.0043],[0.8476, 0.0],[0.5795, 0.5004],[0.5394, 0.1684],[0.5046, 0.0],[0.4731, 0.0],[0.4231, 0.5621],[0.2969, 0.2775],[0.2273, 0.0897],[0.1675, 0.0],[0.3068, 0.6686],[0.2601, 0.5185],[0.3153, 0.6024],[0.3627, 0.7103]
[0.5545, 1.0],[0.7254, 1.0],[0.7399, 0.8597],[0.5421, 0.6663],[0.339, 0.5573],[0.7615, 0.5107],[0.8154, 0.1939],[0.8378, 0.0039],[0.8463, 0.0],[0.5775, 0.5004],[0.5381, 0.1699],[0.5039, 0.0],[0.4724, 0.0],[0.4205, 0.5625],[0.2943, 0.2782],[0.226, 0.0904],[0.1655, 0.0],[0.3048, 0.6708],[0.2628, 0.5192],[0.3213, 0.6061],[0.3673, 0.7166]
[0.5565, 1.0],[0.7274, 1.0],[0.7418, 0.8549],[0.5407, 0.6652],[0.3357, 0.5628],[0.7648, 0.5107],[0.8181, 0.195],[0.8411, 0.0054],[0.8489, 0.0],[0.5795, 0.4985],[0.5414, 0.1692],[0.5079, 0.0],[0.4763, 0.0],[0.4218, 0.561],[0.295, 0.2753],[0.2273, 0.0875],[0.1662, 0.0],[0.3042, 0.6704],[0.2628, 0.5159],[0.3232, 0.6013],[0.3712, 0.7111]
[0.5545, 1.0],[0.7287, 1.0],[0.7431, 0.8552],[0.5414, 0.663],[0.3377, 0.5617],[0.7668, 0.5118],[0.8174, 0.1947],[0.8397, 0.0054],[0.8483, 0.0],[0.5815, 0.5007],[0.5407, 0.1688],[0.5079, 0.0],[0.479, 0.0],[0.4238, 0.5636],[0.2937, 0.2764],[0.2253, 0.0871],[0.1655, 0.0],[0.3061, 0.6737],[0.2628, 0.5159],[0.3226, 0.6035],[0.3705, 0.7159]
[0.5565, 1.0],[0.7293, 1.0],[0.7491, 0.8645],[0.5453, 0.673],[0.3423, 0.5713],[0.7642, 0.5126],[0.8167, 0.1965],[0.8397, 0.0073],[0.8496, 0.0],[0.5789, 0.5018],[0.5401, 0.1684],[0.5079, 0.0],[0.479, 0.0],[0.4238, 0.5665],[0.295, 0.2786],[0.2253, 0.0878],[0.1649, 0.0],[0.3068, 0.6793],[0.2608, 0.5166],[0.3186, 0.6024],[0.3679, 0.7137]
[0.5572, 1.0],[0.7307, 1.0],[0.7451, 0.8663],[0.5447, 0.6767],[0.3429, 0.571],[0.7688, 0.5104],[0.8187, 0.1943],[0.8397, 0.005],[0.8483, 0.0],[0.5835, 0.5],[0.5434, 0.1703],[0.5092, 0.0],[0.479, 0.0],[0.4251, 0.5636],[0.2989, 0.2771],[0.2286, 0.089],[0.1688, 0.0],[0.3075, 0.6745],[0.2621, 0.5177],[0.3186, 0.6042],[0.3666, 0.7151]
[0.548, 1.0],[0.7254, 1.0],[0.7438, 0.8552],[0.5434, 0.6612],[0.3443, 0.5562],[0.7661, 0.514],[0.8213, 0.1969],[0.8443, 0.0073],[0.8549, 0.0],[0.5808, 0.5026],[0.5427, 0.1725],[0.5092, 0.0],[0.4796, 0.0],[0.4231, 0.5643],[0.2969, 0.2786],[0.2279, 0.0919],[0.1675, 0.0],[0.3068, 0.6745],[0.2647, 0.5196],[0.3226, 0.6068],[0.3686, 0.7196]
[0.5513, 1.0],[0.728, 1.0],[0.7418, 0.8567],[0.5394, 0.6641],[0.3397, 0.5625],[0.7642, 0.5129],[0.8233, 0.1939],[0.8489, 0.0032],[0.8601, 0.0],[0.5802, 0.5007],[0.5434, 0.1681],[0.5099, 0.0],[0.4783, 0.0],[0.4231, 0.5639],[0.2969, 0.2749],[0.2306, 0.0875],[0.1714, 0.0],[0.3068, 0.6771],[0.2647, 0.5159],[0.3245, 0.6024],[0.3732, 0.7155]
[0.5519, 1.0],[0.7267, 1.0],[0.7431, 0.8604],[0.5447, 0.6689],[0.3462, 0.5647],[0.7675, 0.5163],[0.8253, 0.195],[0.8503, 0.005],[0.8608, 0.0],[0.5828, 0.5048],[0.5467, 0.1695],[0.5138, 0.0],[0.4823, 0.0],[0.4257, 0.5665],[0.3009, 0.2797],[0.2325, 0.0915],[0.1721, 0.0],[0.3088, 0.676],[0.2707, 0.5155],[0.3285, 0.6024],[0.3732, 0.7129]
[0.5578, 1.0],[0.732, 1.0],[0.7412, 0.8611],[0.5407, 0.6734],[0.3462, 0.5725],[0.7675, 0.514],[0.8259, 0.1962],[0.8509, 0.0069],[0.8601, 0.0],[0.5835, 0.5033],[0.548, 0.1703],[0.5131, 0.0],[0.4809, 0.0],[0.4257, 0.5654],[0.3015, 0.2778],[0.2325, 0.0886],[0.1721, 0.0],[0.3081, 0.6767],[0.2667, 0.5129],[0.3259, 0.5972],[0.3738, 0.707]
[0.5552, 1.0],[0.732, 1.0],[0.7438, 0.8637],[0.5453, 0.6726],[0.3528, 0.5669],[0.7668, 0.5129],[0.8227, 0.1969],[0.8476, 0.008],[0.8588, 0.0],[0.5835, 0.5011],[0.5447, 0.1695],[0.5099, 0.0],[0.4783, 0.0],[0.4257, 0.5628],[0.3009, 0.2767],[0.2319, 0.0893],[0.1727, 0.0],[0.3075, 0.6752],[0.2654, 0.5152],[0.3232, 0.598],[0.3705, 0.7052]
[0.5552, 1.0],[0.7293, 1.0],[0.7392, 0.8645],[0.5401, 0.6745],[0.3462, 0.5717],[0.7635, 0.5148],[0.82, 0.1962],[0.8437, 0.0069],[0.8542, 0.0],[0.5815, 0.5052],[0.5427, 0.1703],[0.5072, 0.0],[0.4757, 0.0],[0.4251, 0.5684],[0.2996, 0.2827],[0.2293, 0.0919],[0.1708, 0.0],[0.3088, 0.6808],[0.2621, 0.5185],[0.3206, 0.598],[0.3712, 0.7048]
[0.5532, 1.0],[0.7267, 1.0],[0.7379, 0.8663],[0.5388, 0.6752],[0.3462, 0.5658],[0.7629, 0.5166],[0.82, 0.1987],[0.8443, 0.008],[0.8555, 0.0],[0.5795, 0.507],[0.5427, 0.1755],[0.5079, 0.0],[0.4777, 0.0],[0.4238, 0.5702],[0.3015, 0.2841],[0.2306, 0.0941],[0.1714, 0.0],[0.3088, 0.6811],[0.2608, 0.5218],[0.3193, 0.5972],[0.3712, 0.6978]
[0.5545, 1.0],[0.7274, 1.0],[0.7372, 0.8663],[0.5407, 0.6745],[0.3469, 0.5684],[0.7668, 0.5174],[0.8213, 0.1976],[0.845, 0.0065],[0.8535, 0.0],[0.5835, 0.5078],[0.546, 0.1762],[0.5105, 0.0],[0.4783, 0.0],[0.4257, 0.5717],[0.3002, 0.2856],[0.2279, 0.096],[0.1668, 0.0],[0.3101, 0.6845],[0.2621, 0.5233],[0.3226, 0.6002],[0.3745, 0.7026]
[0.5545, 1.0],[0.7287, 1.0],[0.7392, 0.8659],[0.5434, 0.6734],[0.3482, 0.5676],[0.7681, 0.5189],[0.824, 0.1984],[0.8476, 0.0076],[0.8568, 0.0],[0.5835, 0.5085],[0.5467, 0.1755],[0.5112, 0.0],[0.4783, 0.0],[0.4251, 0.5717],[0.2989, 0.2849],[0.2279, 0.0952],[0.1662, 0.0],[0.3075, 0.6837],[0.2654, 0.5225],[0.3278, 0.602],[0.3791, 0.707]
[0.5565, 1.0],[0.73, 1.0],[0.7484, 0.8715],[0.5506, 0.6778],[0.3521, 0.5702],[0.7688, 0.5177],[0.8233, 0.1999],[0.847, 0.0113],[0.8568, 0.0],[0.5841, 0.507],[0.5473, 0.1751],[0.5131, 0.0],[0.4803, 0.0],[0.4271, 0.5706],[0.3015, 0.2852],[0.2319, 0.0982],[0.1714, 0.0],[0.3107, 0.6819],[0.2667, 0.5222],[0.3252, 0.6039],[0.3745, 0.7088]
[0.5585, 1.0],[0.732, 1.0],[0.7497, 0.8667],[0.5513, 0.6734],[0.3495, 0.5673],[0.7714, 0.5185],[0.8279, 0.1995],[0.8509, 0.0102],[0.8595, 0.0],[0.5867, 0.5074],[0.5499, 0.1755],[0.5151, 0.0],[0.4829, 0.0],[0.429, 0.5699],[0.3029, 0.2819],[0.2325, 0.0945],[0.1708, 0.0],[0.3127, 0.6793],[0.27, 0.5237],[0.3272, 0.609],[0.3732, 0.7185]
[0.5591, 1.0],[0.7333, 1.0],[0.7497, 0.8637],[0.5545, 0.6678],[0.3541, 0.558],[0.7701, 0.5152],[0.8266, 0.1984],[0.8503, 0.0091],[0.8601, 0.0],[0.5861, 0.5033],[0.5493, 0.1725],[0.5158, 0.0],[0.4842, 0.0],[0.4277, 0.5658],[0.3035, 0.2782],[0.2352, 0.0915],[0.1747, 0.0],[0.3101, 0.6752],[0.2713, 0.5229],[0.3285, 0.6098],[0.3745, 0.7196]
[0.5559, 1.0],[0.7385, 1.0],[0.753, 0.8611],[0.5473, 0.6756],[0.3462, 0.5773],[0.7688, 0.5155],[0.8253, 0.2017],[0.8503, 0.0117],[0.8601, 0.0],[0.5835, 0.5022],[0.5473, 0.171],[0.5138, 0.0],[0.4836, 0.0],[0.4251, 0.5654],[0.2989, 0.2786],[0.2306, 0.0915],[0.1695, 0.0],[0.3068, 0.6808],[0.2693, 0.5211],[0.3344, 0.6072],[0.3857, 0.7188]
[0.5545, 1.0],[0.7326, 1.0],[0.7491, 0.8608],[0.548, 0.6704],[0.3449, 0.5691],[0.7694, 0.5185],[0.8259, 0.2013],[0.8496, 0.011],[0.8581, 0.0],[0.5835, 0.5048],[0.5473, 0.1721],[0.5138, 0.0],[0.4823, 0.0],[0.4251, 0.5673],[0.2989, 0.2804],[0.2306, 0.0923],[0.1695, 0.0],[0.3081, 0.68],[0.2713, 0.5229],[0.3351, 0.6098],[0.3857, 0.721]
[0.5585, 1.0],[0.7366, 1.0],[0.7484, 0.86],[0.544, 0.6723],[0.3436, 0.5728],[0.7675, 0.5166],[0.8253, 0.1984],[0.8496, 0.0076],[0.8601, 0.0],[0.5835, 0.5052],[0.546, 0.1721],[0.5112, 0.0],[0.4803, 0.0],[0.4251, 0.5676],[0.2989, 0.2786],[0.2312, 0.0904],[0.1721, 0.0],[0.3081, 0.6815],[0.268, 0.5214],[0.3318, 0.6061],[0.3824, 0.7177]
[0.5578, 1.0],[0.7346, 1.0],[0.7504, 0.8604],[0.5447, 0.6745],[0.3462, 0.5787],[0.7694, 0.5137],[0.8233, 0.198],[0.8463, 0.0091],[0.8555, 0.0],[0.5841, 0.503],[0.5473, 0.1725],[0.5138, 0.0],[0.4842, 0.0],[0.4277, 0.5658],[0.3009, 0.2793],[0.2312, 0.0912],[0.1714, 0.0],[0.3094, 0.6782],[0.2713, 0.5174],[0.3331, 0.6024],[0.3843, 0.7118]
[0.5513, 1.0],[0.728, 1.0],[0.7438, 0.8586],[0.5427, 0.6663],[0.3429, 0.5628],[0.7629, 0.5177],[0.8207, 0.1995],[0.845, 0.0091],[0.8535, 0.0],[0.5775, 0.5052],[0.5401, 0.171],[0.5079, 0.0],[0.4777, 0.0],[0.4211, 0.5676],[0.2923, 0.2786],[0.2253, 0.0904],[0.1675, 0.0],[0.3055, 0.6778],[0.2661, 0.5203],[0.3226, 0.605],[0.3712, 0.7125]
[0.5467, 1.0],[0.7201, 1.0],[0.7346, 0.8619],[0.5355, 0.67],[0.3377, 0.5688],[0.7556, 0.5155],[0.8135, 0.1987],[0.8371, 0.0102],[0.8463, 0.0],[0.5703, 0.5041],[0.5322, 0.1725],[0.498, 0.0],[0.4678, 0.0],[0.4133, 0.5669],[0.2851, 0.2797],[0.2168, 0.0927],[0.1603, 0.0],[0.2983, 0.6771],[0.2582, 0.5218],[0.316, 0.6068],[0.3653, 0.7155]
[0.5414, 1.0],[0.7149, 1.0],[0.7339, 0.8604],[0.5368, 0.6715],[0.3357, 0.5695],[0.7517, 0.5144],[0.8089, 0.2006],[0.8325, 0.0117],[0.8404, 0.0],[0.5651, 0.5011],[0.5263, 0.1706],[0.4921, 0.0],[0.4612, 0.0],[0.4087, 0.5628],[0.2799, 0.2797],[0.2122, 0.093],[0.1557, 0.0],[0.2904, 0.6708],[0.2549, 0.5229],[0.3167, 0.6046],[0.3719, 0.7074]
[0.5388, 1.0],[0.7142, 1.0],[0.732, 0.8567],[0.5315, 0.6671],[0.3318, 0.5676],[0.7484, 0.5129],[0.8049, 0.1984],[0.8279, 0.0095],[0.8358, 0.0],[0.5631, 0.5018],[0.523, 0.1721],[0.4875, 0.0],[0.4573, 0.0],[0.4067, 0.5632],[0.2792, 0.2801],[0.2109, 0.0934],[0.1543, 0.0],[0.2897, 0.6723],[0.2496, 0.5196],[0.3127, 0.6028],[0.3673, 0.7111]
[0.5388, 1.0],[0.7162, 1.0],[0.7287, 0.8541],[0.5283, 0.6686],[0.3285, 0.5721],[0.7464, 0.5107],[0.8016, 0.1943],[0.8233, 0.0058],[0.8319, 0.0],[0.5631, 0.5026],[0.5243, 0.171],[0.4869, 0.0],[0.4547, 0.0],[0.4047, 0.5643],[0.2785, 0.2815],[0.2095, 0.0952],[0.1524, 0.0],[0.2891, 0.6748],[0.245, 0.5214],[0.3088, 0.6039],[0.3607, 0.7122]
[0.5381, 1.0],[0.7083, 1.0],[0.7241, 0.8574],[0.5289, 0.6652],[0.3291, 0.5643],[0.7471, 0.5129],[0.8016, 0.1947],[0.8233, 0.005],[0.8332, 0.0],[0.5637, 0.5041],[0.5256, 0.1732],[0.4882, 0.0],[0.456, 0.0],[0.4073, 0.5662],[0.2838, 0.2804],[0.2135, 0.0938],[0.155, 0.0],[0.293, 0.6767],[0.2457, 0.517],[0.3048, 0.5924],[0.3561, 0.6955]
[0.5499, 1.0],[0.7234, 1.0],[0.7366, 0.8478],[0.5355, 0.6634],[0.3344, 0.5643],[0.753, 0.5011],[0.8115, 0.1877],[0.8325, 0.0],[0.8397, 0.0],[0.5697, 0.4948],[0.5309, 0.1703],[0.4941, 0.0],[0.4599, 0.0],[0.4126, 0.561],[0.2891, 0.2749],[0.2187, 0.0919],[0.1576, 0.0],[0.2963, 0.676],[0.2457, 0.5126],[0.3035, 0.5876],[0.3528, 0.6893]
[0.5421, 1.0],[0.7109, 1.0],[0.7254, 0.8475],[0.5289, 0.6571],[0.3331, 0.5503],[0.755, 0.5037],[0.8108, 0.1895],[0.8305, 0.0],[0.8371, 0.0],[0.5716, 0.4933],[0.5329, 0.1688],[0.4961, 0.0],[0.4645, 0.0],[0.4139, 0.5543],[0.2904, 0.2701],[0.2201, 0.0867],[0.1622, 0.0],[0.2983, 0.6619],[0.2503, 0.5137],[0.3061, 0.592],[0.3554, 0.6907]
[0.5427, 1.0],[0.7123, 1.0],[0.7261, 0.8379],[0.5263, 0.6482],[0.3259, 0.5525],[0.7523, 0.5037],[0.8082, 0.188],[0.8312, 0.0],[0.8397, 0.0],[0.569, 0.4919],[0.5309, 0.167],[0.4947, 0.0],[0.4619, 0.0],[0.4126, 0.5532],[0.2858, 0.2682],[0.2174, 0.0842],[0.157, 0.0],[0.2956, 0.6641],[0.2562, 0.5085],[0.3153, 0.595],[0.3613, 0.7063]
[0.544, 1.0],[0.7109, 1.0],[0.7228, 0.8526],[0.5289, 0.656],[0.3259, 0.5566],[0.7583, 0.5074],[0.8102, 0.1877],[0.8319, 0.0],[0.8397, 0.0],[0.5743, 0.4937],[0.5329, 0.1658],[0.4954, 0.0],[0.4625, 0.0],[0.4146, 0.5547],[0.2877, 0.2686],[0.2207, 0.0853],[0.1609, 0.0],[0.2983, 0.6667],[0.2588, 0.5111],[0.3199, 0.6005],[0.3653, 0.7162]
[0.5513, 1.0],[0.7221, 1.0],[0.7339, 0.8523],[0.5407, 0.6601],[0.3351, 0.5621],[0.7622, 0.5096],[0.8141, 0.1899],[0.8351, 0.0021],[0.8437, 0.0],[0.5782, 0.4978],[0.5381, 0.167],[0.5007, 0.0],[0.4665, 0.0],[0.4185, 0.5591],[0.2917, 0.2775],[0.2253, 0.0941],[0.1649, 0.0],[0.3022, 0.6708],[0.2674, 0.5189],[0.3318, 0.6087],[0.3758, 0.7247]
[0.5473, 1.0],[0.7228, 1.0],[0.7399, 0.8519],[0.5381, 0.6656],[0.3357, 0.571],[0.7583, 0.5074],[0.8148, 0.1902],[0.8391, 0.0025],[0.8476, 0.0],[0.5736, 0.4967],[0.5361, 0.1655],[0.5, 0.0],[0.4671, 0.0],[0.4159, 0.558],[0.2897, 0.2738],[0.2233, 0.0886],[0.1655, 0.0],[0.3002, 0.6689],[0.2661, 0.5163],[0.3331, 0.6053],[0.3857, 0.7207]
[0.5486, 1.0],[0.7234, 1.0],[0.7346, 0.8508],[0.5375, 0.663],[0.3344, 0.5636],[0.7596, 0.5107],[0.8161, 0.1936],[0.8384, 0.0058],[0.847, 0.0],[0.5762, 0.4993],[0.5375, 0.1681],[0.5007, 0.0],[0.4685, 0.0],[0.4165, 0.5584],[0.2917, 0.2749],[0.2247, 0.0904],[0.1655, 0.0],[0.3015, 0.666],[0.2634, 0.5189],[0.3265, 0.6065],[0.3738, 0.7203]
[0.5493, 1.0],[0.7221, 1.0],[0.7307, 0.8523],[0.5375, 0.6604],[0.3324, 0.5562],[0.7629, 0.5129],[0.8181, 0.1932],[0.8397, 0.0036],[0.8489, 0.0],[0.5808, 0.5044],[0.5401, 0.1688],[0.5026, 0.0],[0.4698, 0.0],[0.4211, 0.5636],[0.295, 0.2786],[0.2266, 0.093],[0.1675, 0.0],[0.3061, 0.6682],[0.2654, 0.524],[0.3265, 0.6113],[0.3699, 0.7262]
[0.5539, 1.0],[0.7247, 1.0],[0.7359, 0.8489],[0.5414, 0.6556],[0.339, 0.5554],[0.7648, 0.5163],[0.82, 0.1958],[0.8411, 0.0073],[0.8509, 0.0],[0.5815, 0.5067],[0.5407, 0.1714],[0.5026, 0.0],[0.4711, 0.0],[0.4225, 0.5665],[0.2937, 0.2827],[0.2266, 0.096],[0.1681, 0.0],[0.3081, 0.6752],[0.27, 0.5248],[0.3344, 0.6109],[0.3804, 0.7251]
[0.5559, 1.0],[0.7307, 1.0],[0.7372, 0.8523],[0.5434, 0.6582],[0.341, 0.5551],[0.7635, 0.5177],[0.82, 0.1973],[0.8411, 0.0073],[0.8516, 0.0],[0.5815, 0.5122],[0.5401, 0.1751],[0.5013, 0.0],[0.4698, 0.0],[0.4225, 0.5736],[0.2943, 0.286],[0.2247, 0.0982],[0.1668, 0.0],[0.3114, 0.6837],[0.2647, 0.5262],[0.3305, 0.6065],[0.3797, 0.7188]
[0.5519, 1.0],[0.7313, 1.0],[0.7412, 0.8567],[0.5467, 0.666],[0.3462, 0.5658],[0.7615, 0.5207],[0.8167, 0.201],[0.8378, 0.0121],[0.8463, 0.0],[0.5795, 0.5129],[0.5394, 0.1792],[0.502, 0.0],[0.4698, 0.0],[0.4211, 0.5747],[0.2943, 0.2893],[0.226, 0.1019],[0.1675, 0.0],[0.3068, 0.6845],[0.2647, 0.5277],[0.3285, 0.6113],[0.3771, 0.7251]
[0.548, 1.0],[0.7247, 1.0],[0.7339, 0.8523],[0.5348, 0.6634],[0.3344, 0.5625],[0.755, 0.5233],[0.8154, 0.205],[0.8371, 0.015],[0.8443, 0.0],[0.5729, 0.5148],[0.5348, 0.1814],[0.4974, 0.0],[0.4652, 0.0],[0.4159, 0.5754],[0.2864, 0.2915],[0.2201, 0.1041],[0.1635, 0.0],[0.3029, 0.683],[0.2634, 0.5347],[0.3278, 0.6142],[0.3797, 0.7222]
[0.5499, 1.0],[0.7228, 1.0],[0.7274, 0.8567],[0.5302, 0.6697],[0.3311, 0.5691],[0.7569, 0.5251],[0.8128, 0.2061],[0.8338, 0.0169],[0.8411, 0.0],[0.5743, 0.5166],[0.5361, 0.1854],[0.4987, 0.0],[0.4645, 0.0],[0.4152, 0.5776],[0.2891, 0.2934],[0.2214, 0.1063],[0.1616, 0.0],[0.3029, 0.6848],[0.2621, 0.534],[0.3226, 0.6183],[0.3679, 0.7303]
[0.5473, 1.0],[0.7215, 1.0],[0.7313, 0.8604],[0.5355, 0.6741],[0.3351, 0.5695],[0.7583, 0.5233],[0.8141, 0.2061],[0.8351, 0.0154],[0.8411, 0.0],[0.5756, 0.5118],[0.5361, 0.1825],[0.498, 0.0],[0.4639, 0.0],[0.4159, 0.5721],[0.2904, 0.286],[0.2227, 0.1004],[0.1622, 0.0],[0.3002, 0.6796],[0.2641, 0.534],[0.3252, 0.6205],[0.3712, 0.7307]
[0.5473, 1.0],[0.7208, 1.0],[0.7339, 0.8615],[0.544, 0.67],[0.3397, 0.5699],[0.7615, 0.527],[0.8181, 0.2069],[0.8391, 0.0165],[0.8463, 0.0],[0.5769, 0.5163],[0.5381, 0.1828],[0.5013, 0.0],[0.4678, 0.0],[0.4165, 0.5758],[0.2897, 0.2897],[0.2227, 0.103],[0.1642, 0.0],[0.3015, 0.6822],[0.2647, 0.5333],[0.3278, 0.6187],[0.3745, 0.7336]
[0.5421, 1.0],[0.7182, 1.0],[0.7353, 0.856],[0.5309, 0.67],[0.3239, 0.5813],[0.7537, 0.5322],[0.8115, 0.2124],[0.8338, 0.025],[0.8417, 0.0],[0.569, 0.5233],[0.5315, 0.191],[0.4954, 0.0],[0.4619, 0.0],[0.4126, 0.5839],[0.2825, 0.3004],[0.2155, 0.1108],[0.157, 0.0],[0.3002, 0.6893],[0.2601, 0.5396],[0.3206, 0.6279],[0.3692, 0.7451]
[0.5368, 1.0],[0.7103, 1.0],[0.7195, 0.8689],[0.525, 0.6841],[0.3232, 0.5928],[0.7385, 0.5355],[0.7997, 0.2161],[0.824, 0.0265],[0.8345, 0.0],[0.5572, 0.5281],[0.5191, 0.195],[0.4842, 0.0],[0.454, 0.0],[0.4014, 0.5906],[0.272, 0.3011],[0.2036, 0.1108],[0.1471, 0.0],[0.291, 0.7007],[0.245, 0.5429],[0.3029, 0.6209],[0.3495, 0.7307]
[0.5348, 1.0],[0.707, 1.0],[0.7188, 0.8756],[0.521, 0.6878],[0.3219, 0.5976],[0.7339, 0.5399],[0.7911, 0.2217],[0.8135, 0.0306],[0.8207, 0.0],[0.5499, 0.5288],[0.5099, 0.1958],[0.475, 0.0],[0.4428, 0.0],[0.3962, 0.5924],[0.2667, 0.3041],[0.199, 0.1167],[0.1432, 0.0],[0.2851, 0.704],[0.2345, 0.5444],[0.2858, 0.619],[0.3337, 0.7203]
[0.5381, 1.0],[0.7103, 1.0],[0.7234, 0.8759],[0.521, 0.6896],[0.3186, 0.6013],[0.7379, 0.5344],[0.7865, 0.2213],[0.8062, 0.032],[0.8128, 0.0],[0.5513, 0.5244],[0.5085, 0.1962],[0.4704, 0.0],[0.4376, 0.0],[0.3949, 0.5895],[0.2654, 0.303],[0.1944, 0.1163],[0.1353, 0.0],[0.2799, 0.7037],[0.2352, 0.5473],[0.2956, 0.6272],[0.3495, 0.7332]
[0.5335, 1.0],[0.7077, 1.0],[0.7195, 0.8815],[0.5184, 0.6944],[0.318, 0.6053],[0.7333, 0.537],[0.7845, 0.2194],[0.8049, 0.0294],[0.8128, 0.0],[0.548, 0.5277],[0.502, 0.1969],[0.4632, 0.0],[0.431, 0.0],[0.3929, 0.5939],[0.2601, 0.3059],[0.1872, 0.1182],[0.1287, 0.0],[0.2799, 0.7088],[0.2299, 0.5525],[0.2891, 0.6268],[0.3443, 0.7281]
[0.5315, 1.0],[0.7044, 1.0],[0.7195, 0.8841],[0.5164, 0.7],[0.3121, 0.6116],[0.7366, 0.5362],[0.7872, 0.2187],[0.8062, 0.0298],[0.8128, 0.0],[0.548, 0.5296],[0.5026, 0.2017],[0.4652, 0.0],[0.4336, 0.0],[0.3903, 0.5961],[0.2595, 0.3111],[0.1872, 0.1248],[0.1281, 0.0],[0.2766, 0.7103],[0.2319, 0.5536],[0.2917, 0.6382],[0.3423, 0.7484]
[0.5309, 1.0],[0.7083, 1.0],[0.7208, 0.887],[0.5171, 0.7059],[0.3127, 0.6179],[0.7353, 0.5429],[0.7852, 0.2261],[0.8062, 0.0368],[0.8141, 0.0],[0.5486, 0.5347],[0.5039, 0.2021],[0.4658, 0.0],[0.433, 0.0],[0.3909, 0.5994],[0.2608, 0.3133],[0.1898, 0.1267],[0.13, 0.0],[0.2759, 0.7148],[0.2325, 0.5543],[0.2956, 0.6386],[0.3469, 0.7499]
[0.523, 1.0],[0.6985, 1.0],[0.7188, 0.8985],[0.5217, 0.7096],[0.3173, 0.612],[0.7274, 0.5466],[0.7813, 0.2276],[0.8016, 0.0368],[0.8082, 0.0],[0.5407, 0.5366],[0.4974, 0.2043],[0.4593, 0.0],[0.4244, 0.0],[0.3843, 0.6009],[0.2549, 0.3163],[0.1859, 0.1304],[0.1254, 0.0],[0.2693, 0.7151],[0.226, 0.5566],[0.2838, 0.6375],[0.3324, 0.7443]
[0.5191, 1.0],[0.6939, 1.0],[0.7129, 0.8889],[0.5026, 0.704],[0.2989, 0.6061],[0.7136, 0.5458],[0.7707, 0.2305],[0.7905, 0.0409],[0.7957, 0.0],[0.5283, 0.5396],[0.4862, 0.2095],[0.4494, 0.0054],[0.4159, 0.0],[0.3745, 0.6057],[0.247, 0.32],[0.1793, 0.1341],[0.1208, 0.0],[0.2628, 0.7185],[0.2207, 0.5591],[0.2805, 0.6408],[0.3305, 0.7473]
[0.5079, 1.0],[0.6833, 1.0],[0.6991, 0.8937],[0.4993, 0.704],[0.295, 0.6076],[0.7123, 0.5532],[0.7629, 0.2346],[0.7819, 0.0457],[0.7872, 0.0],[0.5269, 0.5444],[0.4816, 0.2143],[0.4428, 0.0091],[0.4087, 0.0],[0.3719, 0.6083],[0.2404, 0.3229],[0.1701, 0.1381],[0.1097, 0.0],[0.2601, 0.7196],[0.2141, 0.5654],[0.2707, 0.6464],[0.318, 0.7521]
[0.5059, 1.0],[0.6755, 1.0],[0.6919, 0.9014],[0.4809, 0.7207],[0.2753, 0.6345],[0.7017, 0.5588],[0.755, 0.2401],[0.774, 0.0501],[0.7767, 0.0],[0.5131, 0.5506],[0.4711, 0.218],[0.4336, 0.0139],[0.4001, 0.0],[0.3581, 0.6139],[0.2253, 0.3285],[0.157, 0.144],[0.1005, 0.0],[0.2463, 0.724],[0.2003, 0.571],[0.2523, 0.6571],[0.3009, 0.7647]
[0.4915, 1.0],[0.6617, 1.0],[0.6689, 0.8892],[0.4547, 0.7148],[0.2529, 0.6323],[0.6873, 0.558],[0.7392, 0.2398],[0.7576, 0.0476],[0.7602, 0.0],[0.502, 0.554],[0.4586, 0.2198],[0.4165, 0.0113],[0.3817, 0.0],[0.3456, 0.6168],[0.2115, 0.3285],[0.1392, 0.1422],[0.0821, 0.0],[0.2352, 0.7266],[0.1905, 0.585],[0.2509, 0.6778],[0.3055, 0.7916]
[0.4875, 1.0],[0.6544, 1.0],[0.6557, 0.9029],[0.4481, 0.721],[0.2503, 0.6238],[0.682, 0.558],[0.7313, 0.2376],[0.7497, 0.042],[0.7523, 0.0],[0.4974, 0.5521],[0.4494, 0.2206],[0.406, 0.0091],[0.3705, 0.0],[0.3403, 0.615],[0.2036, 0.3289],[0.1281, 0.1403],[0.0709, 0.0],[0.2286, 0.7236],[0.178, 0.5806],[0.2391, 0.6593],[0.2983, 0.761]
[0.4928, 1.0],[0.663, 1.0],[0.661, 0.9018],[0.4573, 0.7199],[0.2601, 0.6164],[0.6906, 0.5484],[0.7359, 0.2305],[0.7537, 0.0365],[0.7569, 0.0],[0.5053, 0.5451],[0.456, 0.2154],[0.4133, 0.005],[0.3771, 0.0],[0.3449, 0.6113],[0.2128, 0.3196],[0.1353, 0.1355],[0.0735, 0.0],[0.2306, 0.7233],[0.1833, 0.5747],[0.245, 0.6575],[0.2983, 0.7632]
[0.4921, 1.0],[0.663, 1.0],[0.6728, 0.8944],[0.4665, 0.7085],[0.2661, 0.6057],[0.6965, 0.5529],[0.7445, 0.2302],[0.7629, 0.0372],[0.7668, 0.0],[0.5092, 0.5458],[0.4619, 0.2157],[0.4198, 0.008],[0.3817, 0.0],[0.3508, 0.6087],[0.2181, 0.3244],[0.1432, 0.14],[0.0794, 0.0],[0.2358, 0.7162],[0.1911, 0.5732],[0.249, 0.6593],[0.2976, 0.7661]
[0.498, 1.0],[0.6689, 1.0],[0.6787, 0.8963],[0.4717, 0.7077],[0.2726, 0.6061],[0.6925, 0.5536],[0.7418, 0.2327],[0.7622, 0.0405],[0.7681, 0.0],[0.5066, 0.5488],[0.4619, 0.2161],[0.4225, 0.0087],[0.3863, 0.0],[0.3508, 0.615],[0.2194, 0.33],[0.1465, 0.1433],[0.0847, 0.0],[0.2371, 0.7295],[0.1925, 0.5728],[0.2523, 0.6575],[0.3029, 0.7654]
[0.4783, 1.0],[0.6511, 1.0],[0.6695, 0.9044],[0.4599, 0.7207],[0.2621, 0.6257],[0.6702, 0.5595],[0.7228, 0.2394],[0.7445, 0.0498],[0.7497, 0.0],[0.4842, 0.5547],[0.4409, 0.2206],[0.4034, 0.0154],[0.3692, 0.0],[0.3305, 0.6212],[0.1977, 0.3329],[0.1281, 0.1455],[0.0689, 0.0],[0.2187, 0.7362],[0.1721, 0.5773],[0.2293, 0.666],[0.2772, 0.7783]
[0.4829, 1.0],[0.6505, 1.0],[0.6656, 0.9158],[0.4586, 0.731],[0.2575, 0.6316],[0.6735, 0.558],[0.7195, 0.2387],[0.7392, 0.0468],[0.7431, 0.0],[0.4849, 0.5506],[0.4389, 0.218],[0.4001, 0.011],[0.364, 0.0],[0.3291, 0.6175],[0.2017, 0.3303],[0.1313, 0.1466],[0.0689, 0.0],[0.2141, 0.7321],[0.1721, 0.5747],[0.2273, 0.6623],[0.2726, 0.7698]
[0.4875, 1.0],[0.6603, 1.0],[0.6781, 0.9044],[0.4645, 0.7218],[0.2608, 0.6242],[0.686, 0.5532],[0.7346, 0.2324],[0.7517, 0.0391],[0.7537, 0.0],[0.498, 0.5466],[0.4527, 0.2176],[0.4119, 0.0113],[0.3725, 0.0],[0.3429, 0.6135],[0.2135, 0.3303],[0.1366, 0.1485],[0.0709, 0.0],[0.226, 0.7273],[0.1747, 0.5713],[0.226, 0.6512],[0.2726, 0.7499]
[0.4941, 1.0],[0.6663, 1.0],[0.682, 0.8818],[0.4704, 0.7048],[0.27, 0.6087],[0.7004, 0.5429],[0.753, 0.2235],[0.7714, 0.032],[0.774, 0.0],[0.5145, 0.5377],[0.4744, 0.2109],[0.4343, 0.0039],[0.3949, 0.0],[0.3574, 0.605],[0.2279, 0.3196],[0.1524, 0.1389],[0.086, 0.0],[0.2391, 0.7207],[0.1984, 0.5643],[0.2536, 0.6512],[0.3002, 0.7551]
[0.5053, 1.0],[0.6768, 1.0],[0.686, 0.8892],[0.4816, 0.7118],[0.2871, 0.6246],[0.6978, 0.5421],[0.7497, 0.222],[0.7721, 0.0306],[0.7786, 0.0],[0.5118, 0.5355],[0.4671, 0.2039],[0.4284, 0.0],[0.3942, 0.0],[0.3567, 0.6031],[0.2233, 0.3144],[0.1504, 0.1281],[0.0913, 0.0],[0.2424, 0.7222],[0.1977, 0.5603],[0.2503, 0.6475],[0.2969, 0.7569]
[0.5066, 1.0],[0.6801, 1.0],[0.6899, 0.8844],[0.4836, 0.707],[0.2864, 0.6187],[0.7004, 0.5355],[0.7477, 0.2194],[0.7681, 0.0313],[0.7747, 0.0],[0.5158, 0.5318],[0.4698, 0.2028],[0.431, 0.0],[0.3968, 0.0],[0.3613, 0.6009],[0.2293, 0.3133],[0.155, 0.1296],[0.0919, 0.0],[0.247, 0.7207],[0.2017, 0.5551],[0.2549, 0.6442],[0.2996, 0.7543]
[0.5039, 1.0],[0.6768, 1.0],[0.6906, 0.8822],[0.4849, 0.7029],[0.2897, 0.6079],[0.705, 0.5355],[0.7517, 0.2209],[0.7694, 0.035],[0.7747, 0.0],[0.5197, 0.5314],[0.4757, 0.2047],[0.4356, 0.0039],[0.3995, 0.0],[0.364, 0.5994],[0.2345, 0.3159],[0.1603, 0.1352],[0.0972, 0.0],[0.2477, 0.7159],[0.2023, 0.5525],[0.2555, 0.6397],[0.3002, 0.7477]
[0.5085, 1.0],[0.682, 1.0],[0.6939, 0.8852],[0.4921, 0.7015],[0.295, 0.6079],[0.7077, 0.5318],[0.7576, 0.2143],[0.7767, 0.0257],[0.7799, 0.0],[0.5223, 0.5266],[0.4783, 0.1984],[0.4409, 0.0],[0.4067, 0.0],[0.3659, 0.5961],[0.2345, 0.3093],[0.1616, 0.1252],[0.1005, 0.0],[0.249, 0.7159],[0.2049, 0.5481],[0.2601, 0.632],[0.3061, 0.7399]
[0.5072, 1.0],[0.6787, 1.0],[0.6912, 0.873],[0.4888, 0.6944],[0.2917, 0.6057],[0.707, 0.5296],[0.7569, 0.2117],[0.7767, 0.0232],[0.7813, 0.0],[0.5223, 0.5237],[0.4796, 0.1962],[0.4402, 0.0],[0.4047, 0.0],[0.3646, 0.5887],[0.2371, 0.3037],[0.1668, 0.1207],[0.1057, 0.0],[0.2483, 0.7029],[0.2089, 0.5436],[0.268, 0.6286],[0.3147, 0.7373]
[0.5066, 1.0],[0.682, 1.0],[0.6939, 0.8726],[0.4947, 0.6944],[0.2989, 0.6087],[0.7077, 0.5255],[0.7589, 0.2087],[0.778, 0.0195],[0.7826, 0.0],[0.5237, 0.5192],[0.479, 0.1913],[0.4376, 0.0],[0.4027, 0.0],[0.3659, 0.585],[0.2391, 0.2993],[0.1675, 0.1159],[0.1083, 0.0],[0.2509, 0.7018],[0.2095, 0.5425],[0.2707, 0.6187],[0.3213, 0.7218]
[0.5072, 1.0],[0.6761, 1.0],[0.6893, 0.8708],[0.4816, 0.6881],[0.2871, 0.5895],[0.7077, 0.5244],[0.7609, 0.2098],[0.7813, 0.0195],[0.7845, 0.0],[0.523, 0.5159],[0.4809, 0.1895],[0.4422, 0.0],[0.408, 0.0],[0.3699, 0.5802],[0.2431, 0.2915],[0.1708, 0.1085],[0.1123, 0.0],[0.2542, 0.693],[0.2128, 0.5333],[0.2753, 0.6127],[0.3331, 0.7155]
[0.5118, 1.0],[0.686, 1.0],[0.6991, 0.8652],[0.4947, 0.6833],[0.2989, 0.588],[0.7116, 0.5207],[0.7609, 0.2061],[0.7819, 0.0169],[0.7872, 0.0],[0.5269, 0.5144],[0.4829, 0.1862],[0.4461, 0.0],[0.4139, 0.0],[0.3712, 0.5813],[0.2391, 0.2948],[0.1695, 0.1082],[0.1103, 0.0],[0.2542, 0.697],[0.2187, 0.5336],[0.2884, 0.615],[0.3462, 0.7218]
[0.5092, 1.0],[0.6853, 1.0],[0.7004, 0.8615],[0.498, 0.6793],[0.3015, 0.5906],[0.7123, 0.5196],[0.7622, 0.2061],[0.7826, 0.0169],[0.7872, 0.0],[0.5269, 0.5107],[0.4823, 0.1832],[0.4448, 0.0],[0.4133, 0.0],[0.3712, 0.5754],[0.2371, 0.2919],[0.1668, 0.1056],[0.1097, 0.0],[0.2542, 0.6907],[0.2187, 0.5303],[0.2943, 0.605],[0.3607, 0.7066]
[0.5039, 1.0],[0.6814, 1.0],[0.6991, 0.856],[0.4967, 0.6715],[0.2996, 0.581],[0.7123, 0.5177],[0.7668, 0.2039],[0.7872, 0.015],[0.7918, 0.0],[0.5276, 0.5067],[0.4849, 0.1795],[0.4468, 0.0],[0.4133, 0.0],[0.3732, 0.5702],[0.2411, 0.2912],[0.1701, 0.1052],[0.1129, 0.0],[0.2562, 0.6837],[0.2135, 0.5333],[0.2818, 0.6035],[0.3449, 0.6981]
[0.5105, 1.0],[0.6833, 1.0],[0.6985, 0.8545],[0.498, 0.6674],[0.2983, 0.5765],[0.7136, 0.5192],[0.7668, 0.2039],[0.7872, 0.0176],[0.7931, 0.0],[0.5283, 0.5074],[0.4862, 0.1795],[0.4494, 0.0],[0.4172, 0.0],[0.3738, 0.5699],[0.2444, 0.2904],[0.176, 0.1078],[0.1169, 0.0],[0.2615, 0.6822],[0.2207, 0.5285],[0.2785, 0.6131],[0.3252, 0.7222]
[0.5131, 1.0],[0.6847, 1.0],[0.6945, 0.8515],[0.4941, 0.6638],[0.293, 0.5702],[0.709, 0.5185],[0.7635, 0.2028],[0.7832, 0.0169],[0.7911, 0.0],[0.5276, 0.5089],[0.4855, 0.1792],[0.4481, 0.0],[0.4152, 0.0],[0.3725, 0.5725],[0.2437, 0.29],[0.1773, 0.1067],[0.1195, 0.0],[0.2615, 0.687],[0.2201, 0.5307],[0.2851, 0.6098],[0.3331, 0.7188]
[0.5118, 1.0],[0.6866, 1.0],[0.6925, 0.8486],[0.4967, 0.6615],[0.2956, 0.5676],[0.7129, 0.5159],[0.7655, 0.1976],[0.7832, 0.0095],[0.7905, 0.0],[0.5322, 0.5089],[0.4869, 0.1784],[0.4455, 0.0],[0.4119, 0.0],[0.3738, 0.5702],[0.2444, 0.2863],[0.1754, 0.103],[0.1156, 0.0],[0.2615, 0.6822],[0.2214, 0.5292],[0.2917, 0.6087],[0.341, 0.7192]
[0.5131, 1.0],[0.686, 1.0],[0.6919, 0.8508],[0.4961, 0.6649],[0.2963, 0.5725],[0.7123, 0.5166],[0.7661, 0.2006],[0.7852, 0.0136],[0.7911, 0.0],[0.5309, 0.5085],[0.4882, 0.1792],[0.4481, 0.0],[0.4133, 0.0],[0.3732, 0.5695],[0.247, 0.2893],[0.18, 0.1085],[0.1215, 0.0],[0.2608, 0.6789],[0.2181, 0.527],[0.2805, 0.6087],[0.3265, 0.7181]
[0.5158, 1.0],[0.6847, 1.0],[0.6925, 0.8534],[0.5, 0.6667],[0.2983, 0.568],[0.7195, 0.5185],[0.7734, 0.2006],[0.7898, 0.0121],[0.7931, 0.0],[0.5375, 0.5089],[0.4934, 0.1806],[0.4533, 0.0],[0.4179, 0.0],[0.3791, 0.5676],[0.2536, 0.2875],[0.1846, 0.106],[0.1235, 0.0],[0.2674, 0.673],[0.226, 0.5303],[0.2871, 0.6179],[0.3305, 0.7318]
[0.5164, 1.0],[0.6866, 1.0],[0.6958, 0.8574],[0.5, 0.6711],[0.3075, 0.5765],[0.7182, 0.5174],[0.7734, 0.2002],[0.7937, 0.0106],[0.799, 0.0],[0.5368, 0.5074],[0.4934, 0.178],[0.4547, 0.0],[0.4231, 0.0],[0.3811, 0.5676],[0.2536, 0.2804],[0.1839, 0.0967],[0.1267, 0.0],[0.2674, 0.6785],[0.2233, 0.5237],[0.2845, 0.6083],[0.3357, 0.7203]
[0.5158, 1.0],[0.6807, 1.0],[0.6939, 0.8574],[0.4974, 0.6674],[0.3055, 0.5662],[0.7195, 0.5159],[0.7734, 0.198],[0.7944, 0.0084],[0.8003, 0.0],[0.5368, 0.5052],[0.4941, 0.174],[0.4566, 0.0],[0.4238, 0.0],[0.3843, 0.5662],[0.2569, 0.2823],[0.1872, 0.0978],[0.1287, 0.0],[0.2707, 0.676],[0.2266, 0.5174],[0.2831, 0.6035],[0.3318, 0.714]
[0.5237, 1.0],[0.6932, 1.0],[0.707, 0.8537],[0.5092, 0.6667],[0.3147, 0.5684],[0.7228, 0.5129],[0.7734, 0.1962],[0.7937, 0.0084],[0.8016, 0.0],[0.5407, 0.5048],[0.4974, 0.174],[0.4593, 0.0],[0.4277, 0.0],[0.385, 0.5662],[0.2588, 0.2834],[0.1885, 0.0986],[0.1287, 0.0],[0.2713, 0.6782],[0.2273, 0.5181],[0.2877, 0.6098],[0.3351, 0.7284]
[0.5223, 1.0],[0.6906, 1.0],[0.705, 0.8604],[0.5085, 0.6697],[0.3121, 0.5728],[0.7234, 0.5148],[0.774, 0.1987],[0.7937, 0.0099],[0.799, 0.0],[0.5401, 0.5044],[0.4961, 0.1736],[0.4593, 0.0],[0.4264, 0.0],[0.385, 0.5676],[0.2575, 0.283],[0.1879, 0.0975],[0.1274, 0.0],[0.2693, 0.6815],[0.226, 0.5185],[0.2851, 0.602],[0.3331, 0.7114]
[0.5243, 1.0],[0.6939, 1.0],[0.7077, 0.856],[0.5105, 0.6682],[0.3134, 0.5721],[0.7241, 0.5129],[0.7734, 0.1995],[0.7924, 0.0121],[0.7977, 0.0],[0.5407, 0.5037],[0.4961, 0.1755],[0.4586, 0.0],[0.4257, 0.0],[0.385, 0.5676],[0.2569, 0.2845],[0.1885, 0.1004],[0.1281, 0.0],[0.2687, 0.6822],[0.2266, 0.5203],[0.2897, 0.6028],[0.341, 0.7114]
[0.5223, 1.0],[0.6925, 1.0],[0.7116, 0.8611],[0.5131, 0.6697],[0.316, 0.571],[0.7241, 0.5129],[0.7753, 0.1999],[0.7957, 0.0121],[0.8016, 0.0],[0.5388, 0.5022],[0.4961, 0.1758],[0.4599, 0.0],[0.4277, 0.0],[0.3843, 0.5665],[0.2575, 0.2823],[0.1885, 0.0982],[0.1294, 0.0],[0.268, 0.6815],[0.2293, 0.5192],[0.291, 0.6002],[0.3423, 0.707]