"[0.439, 0.5937]","[0.4036, 0.5572]","[0.3861, 0.5075]","[0.3851, 0.4569]","[0.3855, 0.4174]","[0.4158, 0.4237]","[0.4246, 0.3526]","[0.4339, 0.3155]","[0.4429, 0.2883]","[0.4423, 0.4228]","[0.4564, 0.3468]","[0.4677, 0.3032]","[0.4781, 0.273]","[0.465, 0.4355]","[0.4792, 0.3647]","[0.4899, 0.3232]","[0.4983, 0.2934]","[0.484, 0.4569]","[0.4979, 0.4007]","[0.506, 0.3676]","[0.5125, 0.3405]"
"[0.4387, 0.5924]","[0.4033, 0.5531]","[0.3865, 0.5049]","[0.3861, 0.4525]","[0.3865, 0.4134]","[0.415, 0.4227]","[0.4266, 0.3469]","[0.4364, 0.3116]","[0.4458, 0.286]","[0.4423, 0.4222]","[0.4581, 0.3423]","[0.469, 0.2996]","[0.479, 0.2715]","[0.4656, 0.4361]","[0.48, 0.3625]","[0.4906, 0.3207]","[0.499, 0.2908]","[0.4843, 0.4594]","[0.4975, 0.3999]","[0.506, 0.3657]","[0.5137, 0.3377]"
"[0.4401, 0.5908]","[0.4041, 0.5505]","[0.3878, 0.5011]","[0.3878, 0.447]","[0.3886, 0.4087]","[0.417, 0.4192]","[0.4284, 0.3434]","[0.4381, 0.3091]","[0.4471, 0.283]","[0.4446, 0.4201]","[0.4603, 0.3404]","[0.471, 0.2989]","[0.4807, 0.2716]","[0.4676, 0.4352]","[0.4819, 0.3621]","[0.4924, 0.3204]","[0.5011, 0.291]","[0.4855, 0.4586]","[0.4988, 0.3979]","[0.5075, 0.3639]","[0.5156, 0.3363]"
"[0.4397, 0.5882]","[0.4057, 0.5477]","[0.3901, 0.4983]","[0.3902, 0.4455]","[0.3913, 0.4071]","[0.4176, 0.4164]","[0.4299, 0.3416]","[0.4401, 0.3076]","[0.4497, 0.2825]","[0.4447, 0.4168]","[0.4615, 0.3382]","[0.4728, 0.2975]","[0.4831, 0.2708]","[0.4677, 0.4317]","[0.4832, 0.3586]","[0.4943, 0.3186]","[0.5031, 0.29]","[0.4857, 0.4556]","[0.4996, 0.3962]","[0.5084, 0.3628]","[0.5166, 0.3354]"
"[0.4405, 0.5839]","[0.4071, 0.5402]","[0.3928, 0.4901]","[0.3936, 0.4374]","[0.3952, 0.4032]","[0.4196, 0.4107]","[0.4337, 0.3357]","[0.4443, 0.3036]","[0.4537, 0.2796]","[0.4474, 0.4125]","[0.4653, 0.3334]","[0.4772, 0.295]","[0.487, 0.2693]","[0.4704, 0.4285]","[0.4862, 0.357]","[0.4976, 0.3177]","[0.5068, 0.2895]","[0.4883, 0.4534]","[0.5024, 0.3929]","[0.5116, 0.3604]","[0.5203, 0.3345]"
"[0.4421, 0.5756]","[0.4112, 0.5296]","[0.3969, 0.4799]","[0.4004, 0.4252]","[0.4067, 0.3951]","[0.4233, 0.4055]","[0.4401, 0.3334]","[0.451, 0.3011]","[0.4602, 0.2775]","[0.45, 0.4066]","[0.4708, 0.3302]","[0.4833, 0.2928]","[0.4934, 0.269]","[0.4732, 0.422]","[0.4916, 0.3516]","[0.5037, 0.3149]","[0.5128, 0.2899]","[0.4914, 0.4465]","[0.5071, 0.3873]","[0.5168, 0.3565]","[0.5251, 0.3326]"
"[0.443, 0.574]","[0.414, 0.5211]","[0.4029, 0.4711]","[0.4125, 0.426]","[0.429, 0.4068]","[0.4266, 0.4028]","[0.4467, 0.3314]","[0.4604, 0.3011]","[0.471, 0.2813]","[0.4534, 0.4029]","[0.4774, 0.3281]","[0.4918, 0.2937]","[0.503, 0.2727]","[0.4767, 0.4182]","[0.4968, 0.351]","[0.5104, 0.3171]","[0.5206, 0.2944]","[0.4945, 0.4442]","[0.5113, 0.387]","[0.5217, 0.3599]","[0.5306, 0.3402]"
"[0.4426, 0.573]","[0.4169, 0.5159]","[0.4122, 0.4647]","[0.4229, 0.4254]","[0.436, 0.4064]","[0.431, 0.3974]","[0.452, 0.3337]","[0.4672, 0.3088]","[0.479, 0.2927]","[0.4557, 0.399]","[0.4815, 0.331]","[0.4973, 0.303]","[0.5094, 0.2851]","[0.4774, 0.416]","[0.5002, 0.3552]","[0.5145, 0.325]","[0.5252, 0.304]","[0.4945, 0.4427]","[0.513, 0.3919]","[0.5242, 0.3681]","[0.5335, 0.3514]"
"[0.4417, 0.5718]","[0.4174, 0.5127]","[0.4156, 0.463]","[0.4269, 0.4292]","[0.4388, 0.4158]","[0.4307, 0.3956]","[0.4542, 0.3365]","[0.4704, 0.3126]","[0.4824, 0.2981]","[0.4552, 0.3973]","[0.4824, 0.334]","[0.4981, 0.3087]","[0.5096, 0.2926]","[0.4767, 0.4141]","[0.5004, 0.3554]","[0.5151, 0.3276]","[0.5257, 0.3083]","[0.4943, 0.4404]","[0.5134, 0.3922]","[0.5253, 0.3689]","[0.5343, 0.3513]"
"[0.4403, 0.5705]","[0.421, 0.4945]","[0.4259, 0.4363]","[0.4428, 0.4046]","[0.4615, 0.395]","[0.4263, 0.3931]","[0.4543, 0.3357]","[0.4725, 0.3151]","[0.4855, 0.3039]","[0.45, 0.3967]","[0.4793, 0.3368]","[0.4962, 0.3132]","[0.508, 0.297]","[0.4719, 0.413]","[0.4971, 0.3587]","[0.5118, 0.3327]","[0.5221, 0.3146]","[0.4915, 0.4392]","[0.51, 0.395]","[0.5211, 0.3745]","[0.5292, 0.359]"
"[0.4391, 0.569]","[0.4197, 0.4924]","[0.4229, 0.4362]","[0.4401, 0.4041]","[0.4584, 0.3943]","[0.422, 0.3955]","[0.4516, 0.3404]","[0.4711, 0.3214]","[0.485, 0.3118]","[0.4453, 0.3995]","[0.4751, 0.3408]","[0.4928, 0.3188]","[0.5052, 0.3041]","[0.4674, 0.4159]","[0.4926, 0.3631]","[0.5071, 0.34]","[0.5169, 0.3242]","[0.4876, 0.4416]","[0.5051, 0.3985]","[0.5149, 0.379]","[0.5218, 0.3643]"
"[0.4373, 0.5763]","[0.4166, 0.4999]","[0.4187, 0.4432]","[0.4349, 0.4094]","[0.4522, 0.3993]","[0.4159, 0.4019]","[0.4465, 0.3459]","[0.466, 0.3285]","[0.4797, 0.3193]","[0.4389, 0.4052]","[0.4695, 0.3489]","[0.4869, 0.3293]","[0.4989, 0.3156]","[0.4616, 0.4216]","[0.4866, 0.3718]","[0.5004, 0.3501]","[0.5097, 0.3352]","[0.4826, 0.4465]","[0.4998, 0.4026]","[0.5094, 0.3827]","[0.5162, 0.3675]"
"[0.4322, 0.5836]","[0.411, 0.507]","[0.4124, 0.4485]","[0.4303, 0.4149]","[0.4493, 0.4045]","[0.4082, 0.4095]","[0.4411, 0.3534]","[0.4617, 0.3351]","[0.4759, 0.3262]","[0.4319, 0.4141]","[0.4639, 0.3555]","[0.4825, 0.3354]","[0.495, 0.3222]","[0.4554, 0.4303]","[0.4814, 0.3779]","[0.4958, 0.3565]","[0.5051, 0.3421]","[0.4774, 0.4545]","[0.4939, 0.4083]","[0.5029, 0.3879]","[0.5088, 0.3718]"
"[0.4297, 0.5892]","[0.407, 0.5138]","[0.4073, 0.4564]","[0.4253, 0.4215]","[0.4445, 0.4098]","[0.4026, 0.4171]","[0.4348, 0.3583]","[0.4557, 0.3378]","[0.4706, 0.3277]","[0.4269, 0.4214]","[0.4583, 0.359]","[0.4774, 0.3365]","[0.4905, 0.3217]","[0.4508, 0.4363]","[0.4771, 0.3809]","[0.4919, 0.3571]","[0.5013, 0.3403]","[0.473, 0.4593]","[0.4894, 0.4117]","[0.4983, 0.3899]","[0.5041, 0.3723]"
"[0.4239, 0.6007]","[0.3989, 0.5268]","[0.3986, 0.4691]","[0.4169, 0.4305]","[0.4361, 0.4155]","[0.3923, 0.4324]","[0.4256, 0.3648]","[0.4465, 0.3405]","[0.4609, 0.3284]","[0.4175, 0.4362]","[0.4498, 0.3646]","[0.4687, 0.3378]","[0.4808, 0.3209]","[0.4429, 0.4503]","[0.4698, 0.3854]","[0.4842, 0.3563]","[0.4927, 0.3365]","[0.4667, 0.4719]","[0.4831, 0.4155]","[0.4909, 0.3884]","[0.4953, 0.3665]"
"[0.4196, 0.6197]","[0.3923, 0.5479]","[0.3897, 0.4859]","[0.4073, 0.4413]","[0.4264, 0.4195]","[0.3832, 0.453]","[0.4152, 0.3791]","[0.4351, 0.3478]","[0.4492, 0.329]","[0.4097, 0.4575]","[0.4407, 0.3793]","[0.4594, 0.3452]","[0.4716, 0.3236]","[0.4366, 0.4702]","[0.4618, 0.3966]","[0.4761, 0.3627]","[0.4846, 0.3402]","[0.4615, 0.4885]","[0.4765, 0.4273]","[0.484, 0.3972]","[0.4888, 0.373]"
"[0.4151, 0.6452]","[0.3853, 0.5788]","[0.3805, 0.5121]","[0.3972, 0.4581]","[0.4157, 0.429]","[0.3721, 0.4839]","[0.4028, 0.3976]","[0.4232, 0.3597]","[0.4381, 0.3364]","[0.3991, 0.4885]","[0.4291, 0.3957]","[0.4484, 0.3529]","[0.4614, 0.3266]","[0.4269, 0.4992]","[0.4518, 0.4132]","[0.4664, 0.3709]","[0.475, 0.3431]","[0.4534, 0.5144]","[0.4679, 0.4451]","[0.4751, 0.4094]","[0.4799, 0.3812]"
"[0.4109, 0.6754]","[0.3801, 0.6096]","[0.3727, 0.5402]","[0.3873, 0.4808]","[0.4049, 0.4465]","[0.364, 0.5121]","[0.394, 0.418]","[0.4141, 0.3754]","[0.4286, 0.3484]","[0.3918, 0.5189]","[0.4207, 0.4181]","[0.4399, 0.3703]","[0.4526, 0.3396]","[0.4211, 0.5299]","[0.4436, 0.4348]","[0.4582, 0.3874]","[0.4671, 0.3563]","[0.4491, 0.5436]","[0.4616, 0.467]","[0.4687, 0.4264]","[0.4736, 0.3948]"
"[0.4106, 0.7119]","[0.3779, 0.6475]","[0.369, 0.5716]","[0.383, 0.5053]","[0.3998, 0.4654]","[0.3585, 0.5482]","[0.3868, 0.4426]","[0.4063, 0.3937]","[0.4214, 0.3616]","[0.3877, 0.5581]","[0.4141, 0.4439]","[0.4324, 0.3886]","[0.4453, 0.3522]","[0.418, 0.5689]","[0.4382, 0.4614]","[0.4524, 0.4062]","[0.4613, 0.3695]","[0.4467, 0.5797]","[0.458, 0.4935]","[0.4648, 0.4475]","[0.4695, 0.4122]"
"[0.4105, 0.7446]","[0.3769, 0.6787]","[0.3667, 0.6012]","[0.3786, 0.5299]","[0.3941, 0.4848]","[0.3526, 0.5838]","[0.3805, 0.4681]","[0.4005, 0.4132]","[0.4156, 0.3765]","[0.3827, 0.5956]","[0.4092, 0.4711]","[0.4281, 0.4103]","[0.4414, 0.3698]","[0.4149, 0.6051]","[0.4344, 0.4878]","[0.4482, 0.4261]","[0.457, 0.3849]","[0.4456, 0.6121]","[0.455, 0.5177]","[0.4615, 0.4673]","[0.4663, 0.4285]"
"[0.4104, 0.7687]","[0.3755, 0.7028]","[0.3631, 0.6236]","[0.3744, 0.5482]","[0.3895, 0.5005]","[0.3466, 0.6109]","[0.3751, 0.4888]","[0.3945, 0.4311]","[0.4089, 0.392]","[0.3781, 0.625]","[0.4042, 0.4928]","[0.4223, 0.4278]","[0.4351, 0.3843]","[0.4114, 0.6337]","[0.4304, 0.5105]","[0.443, 0.4451]","[0.4512, 0.4003]","[0.4425, 0.6366]","[0.4513, 0.5396]","[0.4572, 0.4875]","[0.4617, 0.4469]"
"[0.4119, 0.7822]","[0.3745, 0.7113]","[0.3614, 0.6355]","[0.3705, 0.5597]","[0.3829, 0.507]","[0.3432, 0.6299]","[0.3698, 0.5042]","[0.3893, 0.4436]","[0.4034, 0.4009]","[0.3748, 0.647]","[0.3989, 0.5091]","[0.4172, 0.4404]","[0.4293, 0.3941]","[0.4091, 0.6536]","[0.4268, 0.5275]","[0.4386, 0.4587]","[0.4458, 0.412]","[0.4406, 0.6534]","[0.4486, 0.5555]","[0.4523, 0.5005]","[0.4558, 0.4592]"
"[0.4134, 0.7943]","[0.3746, 0.7199]","[0.3622, 0.6449]","[0.369, 0.5684]","[0.3801, 0.5125]","[0.3387, 0.6442]","[0.365, 0.5188]","[0.3844, 0.4537]","[0.3982, 0.4098]","[0.372, 0.664]","[0.3946, 0.5231]","[0.4135, 0.4515]","[0.4259, 0.4036]","[0.4076, 0.6688]","[0.4228, 0.5404]","[0.4345, 0.4695]","[0.4421, 0.4231]","[0.4402, 0.6654]","[0.4461, 0.5668]","[0.4502, 0.5095]","[0.4548, 0.4675]"
"[0.4118, 0.8036]","[0.3738, 0.7371]","[0.3582, 0.6599]","[0.3663, 0.5796]","[0.3783, 0.522]","[0.3358, 0.6591]","[0.3609, 0.5292]","[0.3802, 0.4622]","[0.3948, 0.4149]","[0.3691, 0.6792]","[0.3916, 0.5347]","[0.4101, 0.4604]","[0.4225, 0.4098]","[0.4049, 0.6845]","[0.4208, 0.5522]","[0.4318, 0.4779]","[0.4389, 0.4272]","[0.4378, 0.6803]","[0.4439, 0.5769]","[0.4475, 0.519]","[0.4511, 0.4755]"
"[0.412, 0.803]","[0.3736, 0.736]","[0.3582, 0.6603]","[0.3659, 0.5815]","[0.3775, 0.524]","[0.335, 0.6638]","[0.359, 0.5353]","[0.3778, 0.4674]","[0.3922, 0.4194]","[0.3689, 0.6832]","[0.3901, 0.5394]","[0.4083, 0.4663]","[0.4206, 0.4162]","[0.4046, 0.6877]","[0.4199, 0.5563]","[0.4306, 0.4827]","[0.4375, 0.4329]","[0.4377, 0.683]","[0.4435, 0.5807]","[0.4473, 0.523]","[0.4511, 0.4805]"
"[0.4088, 0.8038]","[0.3727, 0.7425]","[0.3557, 0.6637]","[0.3641, 0.5836]","[0.377, 0.5294]","[0.3355, 0.6653]","[0.3586, 0.536]","[0.3774, 0.4683]","[0.3922, 0.4183]","[0.3685, 0.6844]","[0.3893, 0.5405]","[0.4072, 0.4643]","[0.4204, 0.4123]","[0.4034, 0.6923]","[0.4189, 0.5578]","[0.4302, 0.4805]","[0.4376, 0.4272]","[0.4365, 0.6902]","[0.4429, 0.5821]","[0.4476, 0.5224]","[0.4518, 0.4776]"
"[0.41, 0.7903]","[0.3737, 0.7266]","[0.3586, 0.6482]","[0.3676, 0.5679]","[0.3794, 0.5115]","[0.336, 0.6528]","[0.3596, 0.5251]","[0.378, 0.4577]","[0.3932, 0.4092]","[0.3691, 0.6717]","[0.3903, 0.5294]","[0.4076, 0.4557]","[0.4201, 0.4051]","[0.4043, 0.6768]","[0.4194, 0.5446]","[0.4303, 0.469]","[0.4386, 0.4169]","[0.4372, 0.6721]","[0.4429, 0.5678]","[0.447, 0.5088]","[0.4517, 0.4644]"
"[0.4129, 0.7693]","[0.3763, 0.6927]","[0.3663, 0.6194]","[0.373, 0.5455]","[0.384, 0.4884]","[0.3411, 0.6241]","[0.365, 0.5036]","[0.3839, 0.4381]","[0.3994, 0.3949]","[0.3737, 0.6444]","[0.3948, 0.5072]","[0.4126, 0.4388]","[0.4254, 0.3919]","[0.4082, 0.6486]","[0.4228, 0.524]","[0.434, 0.4527]","[0.4426, 0.4054]","[0.4405, 0.644]","[0.4461, 0.5471]","[0.4503, 0.4895]","[0.4557, 0.4475]"
"[0.4136, 0.7438]","[0.3789, 0.676]","[0.3674, 0.6004]","[0.3782, 0.5252]","[0.3919, 0.473]","[0.346, 0.5941]","[0.3724, 0.4749]","[0.3916, 0.414]","[0.4068, 0.3716]","[0.3768, 0.6127]","[0.4006, 0.4795]","[0.4184, 0.414]","[0.4311, 0.3681]","[0.4103, 0.6196]","[0.4281, 0.4962]","[0.4399, 0.4287]","[0.4487, 0.3821]","[0.4426, 0.6192]","[0.4499, 0.5216]","[0.4548, 0.4679]","[0.4597, 0.4272]"
"[0.4165, 0.7165]","[0.3852, 0.6447]","[0.3766, 0.5676]","[0.3883, 0.4954]","[0.4043, 0.4491]","[0.3558, 0.5507]","[0.3842, 0.4379]","[0.4052, 0.386]","[0.4205, 0.3515]","[0.3835, 0.568]","[0.4112, 0.4434]","[0.4301, 0.3856]","[0.4429, 0.3451]","[0.4155, 0.5797]","[0.4364, 0.4641]","[0.4501, 0.4024]","[0.4594, 0.36]","[0.4473, 0.5871]","[0.457, 0.4919]","[0.4631, 0.4421]","[0.4686, 0.4046]"
"[0.4228, 0.6901]","[0.3924, 0.6146]","[0.3854, 0.5422]","[0.3957, 0.476]","[0.4105, 0.4337]","[0.367, 0.5175]","[0.3977, 0.4149]","[0.4183, 0.3685]","[0.4325, 0.338]","[0.3929, 0.5299]","[0.4235, 0.4163]","[0.4431, 0.3666]","[0.4558, 0.3321]","[0.423, 0.5408]","[0.4471, 0.4353]","[0.4611, 0.3824]","[0.4699, 0.3462]","[0.4531, 0.5507]","[0.4654, 0.4666]","[0.4719, 0.4228]","[0.4771, 0.3895]"
"[0.4253, 0.6651]","[0.398, 0.5883]","[0.3928, 0.5177]","[0.4079, 0.4602]","[0.4263, 0.4277]","[0.3777, 0.4883]","[0.4111, 0.3956]","[0.4325, 0.3558]","[0.4475, 0.3296]","[0.403, 0.4968]","[0.4354, 0.3984]","[0.4554, 0.3554]","[0.4689, 0.3269]","[0.4306, 0.5089]","[0.4573, 0.4152]","[0.4719, 0.3693]","[0.4807, 0.3371]","[0.4586, 0.5219]","[0.4744, 0.4472]","[0.4817, 0.4084]","[0.4862, 0.3765]"
"[0.4292, 0.6497]","[0.4043, 0.572]","[0.4018, 0.5044]","[0.4177, 0.4552]","[0.4363, 0.4295]","[0.3896, 0.4672]","[0.421, 0.386]","[0.4425, 0.3514]","[0.4577, 0.329]","[0.4128, 0.4735]","[0.4451, 0.3857]","[0.4657, 0.3481]","[0.4796, 0.3238]","[0.439, 0.4875]","[0.4662, 0.4024]","[0.4819, 0.3631]","[0.4916, 0.3361]","[0.4658, 0.5061]","[0.4833, 0.4358]","[0.4921, 0.4007]","[0.4982, 0.3728]"
"[0.436, 0.632]","[0.4121, 0.554]","[0.411, 0.4898]","[0.4281, 0.4449]","[0.4475, 0.4234]","[0.3985, 0.4498]","[0.433, 0.3762]","[0.4552, 0.3492]","[0.47, 0.3329]","[0.4214, 0.4552]","[0.4562, 0.3786]","[0.4774, 0.3484]","[0.4912, 0.329]","[0.4471, 0.4696]","[0.4764, 0.3956]","[0.4923, 0.3626]","[0.5019, 0.3391]","[0.4726, 0.4891]","[0.4914, 0.4278]","[0.5008, 0.3979]","[0.5072, 0.3729]"
"[0.4403, 0.6235]","[0.4178, 0.5429]","[0.4179, 0.4814]","[0.4353, 0.4417]","[0.4545, 0.426]","[0.4076, 0.4386]","[0.4426, 0.3739]","[0.4647, 0.3521]","[0.479, 0.3401]","[0.4298, 0.441]","[0.4653, 0.3737]","[0.4865, 0.3498]","[0.5, 0.3336]","[0.4536, 0.4556]","[0.4847, 0.3905]","[0.5008, 0.3635]","[0.5105, 0.3431]","[0.4786, 0.4777]","[0.4996, 0.4214]","[0.5104, 0.396]","[0.5174, 0.3738]"
"[0.445, 0.6132]","[0.4238, 0.5338]","[0.425, 0.4743]","[0.4419, 0.4355]","[0.4615, 0.4216]","[0.4157, 0.4305]","[0.4526, 0.374]","[0.4753, 0.3577]","[0.4898, 0.3501]","[0.4381, 0.4344]","[0.474, 0.3745]","[0.4943, 0.3547]","[0.5077, 0.3421]","[0.4619, 0.4506]","[0.4928, 0.3927]","[0.5083, 0.3704]","[0.5176, 0.3539]","[0.4854, 0.4739]","[0.5059, 0.4229]","[0.5164, 0.4003]","[0.5233, 0.3799]"
"[0.4466, 0.6119]","[0.4264, 0.5364]","[0.4275, 0.4763]","[0.445, 0.4389]","[0.4648, 0.4251]","[0.4208, 0.431]","[0.4572, 0.3798]","[0.4796, 0.3665]","[0.4947, 0.361]","[0.4422, 0.434]","[0.478, 0.3804]","[0.4991, 0.3623]","[0.5138, 0.3496]","[0.4647, 0.4498]","[0.4957, 0.3996]","[0.5124, 0.3807]","[0.5234, 0.366]","[0.487, 0.473]","[0.5078, 0.4294]","[0.5191, 0.4111]","[0.5271, 0.3941]"
"[0.4455, 0.6091]","[0.4248, 0.5326]","[0.4259, 0.4755]","[0.4433, 0.4393]","[0.4626, 0.4259]","[0.4189, 0.4332]","[0.4553, 0.381]","[0.4774, 0.3655]","[0.4924, 0.3593]","[0.4409, 0.4369]","[0.4765, 0.3823]","[0.4972, 0.3643]","[0.5116, 0.3525]","[0.4636, 0.4533]","[0.4941, 0.4016]","[0.5106, 0.3827]","[0.5215, 0.3689]","[0.4856, 0.4776]","[0.5065, 0.4323]","[0.5181, 0.4135]","[0.5263, 0.3969]"
"[0.4433, 0.6097]","[0.4214, 0.5332]","[0.422, 0.4753]","[0.4396, 0.4406]","[0.4587, 0.4287]","[0.4157, 0.4373]","[0.451, 0.3812]","[0.4725, 0.3606]","[0.4874, 0.3502]","[0.4382, 0.4409]","[0.4732, 0.3828]","[0.4939, 0.3623]","[0.5078, 0.3491]","[0.4612, 0.4562]","[0.4917, 0.4018]","[0.5081, 0.3802]","[0.5188, 0.3648]","[0.4835, 0.4794]","[0.5041, 0.4312]","[0.5155, 0.4104]","[0.5238, 0.3925]"
"[0.4407, 0.6109]","[0.4179, 0.5369]","[0.4182, 0.4798]","[0.4351, 0.4428]","[0.4542, 0.4278]","[0.4103, 0.4412]","[0.446, 0.3808]","[0.4673, 0.3591]","[0.482, 0.348]","[0.4329, 0.4451]","[0.4683, 0.3827]","[0.4892, 0.3597]","[0.5031, 0.3457]","[0.4562, 0.4597]","[0.4873, 0.401]","[0.5041, 0.3762]","[0.5149, 0.3589]","[0.4786, 0.4817]","[0.4996, 0.431]","[0.511, 0.4074]","[0.519, 0.3875]"
"[0.4356, 0.6193]","[0.4102, 0.5487]","[0.4102, 0.4898]","[0.4287, 0.4486]","[0.4486, 0.4293]","[0.4025, 0.4517]","[0.438, 0.3826]","[0.4597, 0.3554]","[0.4749, 0.3403]","[0.426, 0.458]","[0.4614, 0.3863]","[0.4826, 0.356]","[0.4966, 0.3362]","[0.4509, 0.4738]","[0.481, 0.4066]","[0.4982, 0.3732]","[0.5093, 0.3499]","[0.475, 0.495]","[0.4943, 0.4377]","[0.505, 0.4082]","[0.5127, 0.3841]"
"[0.4303, 0.6354]","[0.4045, 0.5654]","[0.403, 0.5001]","[0.4218, 0.451]","[0.441, 0.425]","[0.3925, 0.4677]","[0.4279, 0.3886]","[0.4502, 0.3539]","[0.4663, 0.3322]","[0.4168, 0.4769]","[0.4519, 0.3938]","[0.4743, 0.355]","[0.4892, 0.3289]","[0.4428, 0.4923]","[0.4723, 0.4132]","[0.4903, 0.3728]","[0.5017, 0.3448]","[0.4687, 0.5111]","[0.4875, 0.4444]","[0.4979, 0.4107]","[0.5053, 0.3839]"
"[0.427, 0.6488]","[0.3993, 0.5818]","[0.3951, 0.5134]","[0.4121, 0.46]","[0.4312, 0.4314]","[0.384, 0.4812]","[0.4176, 0.3937]","[0.439, 0.3549]","[0.4545, 0.33]","[0.4095, 0.491]","[0.4418, 0.399]","[0.4634, 0.3554]","[0.4781, 0.3257]","[0.4368, 0.5053]","[0.4633, 0.4195]","[0.4809, 0.3736]","[0.4922, 0.3413]","[0.4636, 0.5218]","[0.48, 0.4503]","[0.4899, 0.4123]","[0.4971, 0.382]"
"[0.4232, 0.6612]","[0.3936, 0.5942]","[0.3874, 0.5219]","[0.4028, 0.4615]","[0.4206, 0.427]","[0.3763, 0.496]","[0.4079, 0.4013]","[0.4287, 0.3577]","[0.444, 0.3284]","[0.4031, 0.5083]","[0.4335, 0.4074]","[0.454, 0.3575]","[0.468, 0.3232]","[0.4313, 0.5225]","[0.456, 0.4283]","[0.4722, 0.3764]","[0.4827, 0.34]","[0.4586, 0.5366]","[0.4727, 0.4584]","[0.4818, 0.4159]","[0.4892, 0.3828]"
"[0.4215, 0.6828]","[0.3904, 0.6151]","[0.3824, 0.54]","[0.3977, 0.4754]","[0.4153, 0.4367]","[0.3687, 0.5141]","[0.4011, 0.4108]","[0.4217, 0.3634]","[0.4365, 0.3321]","[0.3958, 0.5265]","[0.4269, 0.415]","[0.4474, 0.361]","[0.4609, 0.3236]","[0.4254, 0.54]","[0.45, 0.4358]","[0.466, 0.3799]","[0.476, 0.3409]","[0.4545, 0.5529]","[0.4681, 0.4672]","[0.4766, 0.4221]","[0.4829, 0.3873]"
"[0.4214, 0.6995]","[0.3894, 0.6342]","[0.378, 0.5585]","[0.3908, 0.4901]","[0.4069, 0.447]","[0.3627, 0.5361]","[0.3929, 0.4261]","[0.4132, 0.3742]","[0.4277, 0.3391]","[0.3909, 0.5499]","[0.4197, 0.4317]","[0.4399, 0.3734]","[0.4535, 0.3324]","[0.4213, 0.5617]","[0.444, 0.4505]","[0.4591, 0.3898]","[0.4688, 0.347]","[0.4509, 0.5701]","[0.4638, 0.4803]","[0.4715, 0.4319]","[0.4771, 0.3937]"
"[0.4242, 0.7131]","[0.3897, 0.6476]","[0.3765, 0.574]","[0.3859, 0.5004]","[0.3991, 0.45]","[0.3572, 0.563]","[0.3856, 0.443]","[0.4053, 0.3861]","[0.4194, 0.3471]","[0.3866, 0.5793]","[0.4135, 0.4478]","[0.4325, 0.3831]","[0.445, 0.3393]","[0.4194, 0.587]","[0.4399, 0.4652]","[0.4528, 0.4]","[0.4606, 0.3551]","[0.4505, 0.5876]","[0.4613, 0.4926]","[0.4666, 0.441]","[0.4704, 0.4012]"
"[0.4257, 0.7278]","[0.3899, 0.6596]","[0.3768, 0.5866]","[0.384, 0.5106]","[0.395, 0.4567]","[0.3533, 0.5838]","[0.3789, 0.4617]","[0.3986, 0.3992]","[0.4131, 0.3568]","[0.3843, 0.6043]","[0.4081, 0.4666]","[0.4276, 0.397]","[0.4406, 0.3504]","[0.4182, 0.6099]","[0.4355, 0.4836]","[0.4476, 0.4155]","[0.4552, 0.3702]","[0.4496, 0.6069]","[0.4579, 0.5089]","[0.4627, 0.4547]","[0.4673, 0.4148]"
"[0.4212, 0.7421]","[0.3853, 0.6829]","[0.3676, 0.6052]","[0.3752, 0.5255]","[0.3882, 0.472]","[0.3483, 0.607]","[0.3727, 0.4788]","[0.3913, 0.4144]","[0.4059, 0.3677]","[0.3804, 0.6257]","[0.4023, 0.485]","[0.4199, 0.4109]","[0.4334, 0.3614]","[0.415, 0.633]","[0.4311, 0.501]","[0.4429, 0.4284]","[0.4501, 0.3789]","[0.447, 0.6299]","[0.4538, 0.524]","[0.4585, 0.4671]","[0.4622, 0.4251]"
"[0.4209, 0.753]","[0.3847, 0.6923]","[0.3672, 0.6149]","[0.374, 0.534]","[0.3855, 0.4763]","[0.3441, 0.6198]","[0.3681, 0.4918]","[0.3868, 0.4254]","[0.4013, 0.3772]","[0.3761, 0.6401]","[0.3983, 0.4962]","[0.4164, 0.4219]","[0.4296, 0.3717]","[0.4113, 0.6459]","[0.4282, 0.5135]","[0.4392, 0.4392]","[0.4461, 0.388]","[0.4441, 0.6415]","[0.4519, 0.5372]","[0.4561, 0.4776]","[0.4599, 0.4322]"
"[0.4186, 0.7638]","[0.3834, 0.7039]","[0.3654, 0.626]","[0.3727, 0.5449]","[0.3854, 0.4896]","[0.3423, 0.633]","[0.3645, 0.502]","[0.3842, 0.4324]","[0.4002, 0.3814]","[0.3741, 0.6551]","[0.3951, 0.5072]","[0.4142, 0.4284]","[0.4284, 0.3754]","[0.4092, 0.6628]","[0.4249, 0.5238]","[0.4368, 0.4438]","[0.4445, 0.3893]","[0.4424, 0.6583]","[0.4489, 0.5466]","[0.453, 0.4836]","[0.4564, 0.4362]"
"[0.4182, 0.7623]","[0.3828, 0.7027]","[0.3649, 0.6251]","[0.3729, 0.5436]","[0.3861, 0.4882]","[0.3411, 0.6344]","[0.3648, 0.5042]","[0.3846, 0.4354]","[0.4007, 0.3842]","[0.3731, 0.6579]","[0.395, 0.5102]","[0.4136, 0.4319]","[0.4279, 0.3791]","[0.4082, 0.6669]","[0.4251, 0.5279]","[0.4367, 0.4488]","[0.4444, 0.3944]","[0.4414, 0.6631]","[0.4486, 0.5516]","[0.4528, 0.4893]","[0.4565, 0.4422]"
"[0.4181, 0.7602]","[0.3824, 0.7002]","[0.3655, 0.6235]","[0.3743, 0.5438]","[0.3879, 0.4886]","[0.3412, 0.6349]","[0.3638, 0.5051]","[0.3836, 0.4355]","[0.4003, 0.3842]","[0.3733, 0.6585]","[0.3946, 0.5115]","[0.4132, 0.4329]","[0.4274, 0.38]","[0.4085, 0.6668]","[0.4247, 0.5271]","[0.4366, 0.4479]","[0.4447, 0.3939]","[0.4414, 0.6626]","[0.449, 0.5505]","[0.454, 0.4889]","[0.4582, 0.4431]"
"[0.4192, 0.7572]","[0.3827, 0.6909]","[0.3679, 0.617]","[0.3751, 0.5402]","[0.3868, 0.484]","[0.3415, 0.6322]","[0.3633, 0.5043]","[0.3827, 0.4334]","[0.3992, 0.3838]","[0.374, 0.6559]","[0.3946, 0.5097]","[0.4134, 0.4324]","[0.4271, 0.3805]","[0.4089, 0.6619]","[0.4245, 0.5256]","[0.436, 0.4479]","[0.4444, 0.3954]","[0.4412, 0.657]","[0.449, 0.5497]","[0.4533, 0.4883]","[0.4576, 0.4428]"
"[0.4176, 0.7589]","[0.3817, 0.6941]","[0.3664, 0.6195]","[0.374, 0.542]","[0.386, 0.4866]","[0.3408, 0.6346]","[0.3632, 0.5057]","[0.3825, 0.4348]","[0.3989, 0.3845]","[0.3732, 0.658]","[0.3942, 0.5106]","[0.4128, 0.4328]","[0.4265, 0.3804]","[0.408, 0.6637]","[0.4244, 0.526]","[0.4357, 0.4482]","[0.4439, 0.3953]","[0.4401, 0.6579]","[0.4485, 0.5492]","[0.4527, 0.4881]","[0.4569, 0.4426]"
"[0.4176, 0.7598]","[0.3816, 0.6953]","[0.366, 0.6201]","[0.3733, 0.5416]","[0.3859, 0.486]","[0.3407, 0.6332]","[0.3629, 0.5039]","[0.3821, 0.4337]","[0.3986, 0.3839]","[0.3727, 0.6572]","[0.3937, 0.5092]","[0.4124, 0.4325]","[0.4261, 0.3806]","[0.4076, 0.664]","[0.4236, 0.5256]","[0.4351, 0.4472]","[0.4432, 0.3939]","[0.4404, 0.6593]","[0.4481, 0.5499]","[0.4526, 0.4877]","[0.4568, 0.4412]"
"[0.4186, 0.7595]","[0.3819, 0.6914]","[0.3672, 0.6173]","[0.3745, 0.5406]","[0.3869, 0.4841]","[0.3407, 0.6311]","[0.3631, 0.5047]","[0.3825, 0.4339]","[0.3989, 0.3844]","[0.3729, 0.6554]","[0.3937, 0.5094]","[0.4127, 0.4327]","[0.4261, 0.3808]","[0.4077, 0.6621]","[0.4235, 0.5262]","[0.4353, 0.4477]","[0.4436, 0.3944]","[0.4407, 0.6576]","[0.4485, 0.5505]","[0.4528, 0.4882]","[0.457, 0.4417]"
"[0.4192, 0.7599]","[0.3819, 0.6894]","[0.3682, 0.6152]","[0.3749, 0.5388]","[0.3868, 0.4821]","[0.3408, 0.6318]","[0.3628, 0.5053]","[0.3822, 0.4337]","[0.3986, 0.3853]","[0.3735, 0.656]","[0.3938, 0.5086]","[0.4128, 0.4329]","[0.4261, 0.3816]","[0.4082, 0.6617]","[0.4235, 0.5254]","[0.435, 0.4475]","[0.4431, 0.3951]","[0.441, 0.6565]","[0.4484, 0.5499]","[0.4528, 0.488]","[0.4571, 0.4423]"
"[0.4198, 0.7595]","[0.382, 0.6895]","[0.368, 0.6156]","[0.375, 0.5389]","[0.387, 0.4813]","[0.3402, 0.6329]","[0.3629, 0.5067]","[0.3822, 0.4349]","[0.3982, 0.3861]","[0.3733, 0.6566]","[0.3938, 0.5103]","[0.4126, 0.4347]","[0.4259, 0.3833]","[0.4082, 0.6617]","[0.4236, 0.5268]","[0.4344, 0.4488]","[0.4422, 0.3961]","[0.441, 0.6558]","[0.4483, 0.5499]","[0.4522, 0.4883]","[0.4565, 0.4429]"
"[0.4176, 0.7632]","[0.3816, 0.701]","[0.3651, 0.6249]","[0.3729, 0.5455]","[0.3862, 0.4907]","[0.3396, 0.6375]","[0.3626, 0.5074]","[0.382, 0.4374]","[0.3982, 0.3864]","[0.3724, 0.661]","[0.3935, 0.513]","[0.4117, 0.4355]","[0.4252, 0.3834]","[0.4076, 0.6675]","[0.4236, 0.5282]","[0.4349, 0.4501]","[0.4427, 0.3968]","[0.4403, 0.6617]","[0.4475, 0.5508]","[0.4518, 0.4901]","[0.456, 0.4452]"
"[0.416, 0.7643]","[0.3802, 0.7014]","[0.3646, 0.6256]","[0.3728, 0.5471]","[0.3856, 0.4921]","[0.3399, 0.6385]","[0.361, 0.5089]","[0.3808, 0.4388]","[0.3974, 0.3883]","[0.372, 0.6608]","[0.3925, 0.5143]","[0.411, 0.4367]","[0.4248, 0.3847]","[0.4069, 0.6672]","[0.4229, 0.5293]","[0.4344, 0.4512]","[0.4421, 0.3982]","[0.4399, 0.6625]","[0.4468, 0.5521]","[0.451, 0.491]","[0.455, 0.446]"
"[0.4162, 0.7658]","[0.3809, 0.7059]","[0.3644, 0.6292]","[0.3724, 0.5488]","[0.385, 0.4922]","[0.339, 0.6409]","[0.3608, 0.5117]","[0.3801, 0.4415]","[0.3963, 0.3908]","[0.3709, 0.6619]","[0.3916, 0.5155]","[0.41, 0.4379]","[0.4237, 0.3858]","[0.4056, 0.6676]","[0.422, 0.5305]","[0.4337, 0.4528]","[0.4416, 0.3998]","[0.4384, 0.6623]","[0.4458, 0.5531]","[0.4503, 0.4924]","[0.4545, 0.4472]"
"[0.4168, 0.7636]","[0.3801, 0.7024]","[0.3637, 0.6271]","[0.3711, 0.5478]","[0.3841, 0.4917]","[0.3384, 0.6388]","[0.3605, 0.5096]","[0.3797, 0.4393]","[0.396, 0.389]","[0.3709, 0.6619]","[0.3918, 0.5141]","[0.4103, 0.4377]","[0.4236, 0.3861]","[0.406, 0.6683]","[0.4217, 0.5296]","[0.4333, 0.4525]","[0.4411, 0.4003]","[0.4389, 0.6633]","[0.4462, 0.5536]","[0.4508, 0.4929]","[0.455, 0.4483]"
"[0.4158, 0.765]","[0.3794, 0.7051]","[0.3625, 0.6289]","[0.3708, 0.5497]","[0.3846, 0.4947]","[0.3384, 0.6412]","[0.3602, 0.5102]","[0.3795, 0.4399]","[0.3958, 0.3886]","[0.3709, 0.6638]","[0.3912, 0.5153]","[0.4091, 0.4371]","[0.4229, 0.3846]","[0.4059, 0.6702]","[0.4214, 0.5299]","[0.4327, 0.4519]","[0.4407, 0.3988]","[0.4385, 0.6644]","[0.4454, 0.553]","[0.4497, 0.4926]","[0.4538, 0.4481]"
"[0.4158, 0.766]","[0.3799, 0.7053]","[0.363, 0.629]","[0.3711, 0.5495]","[0.3844, 0.494]","[0.3382, 0.6397]","[0.36, 0.5099]","[0.3795, 0.4399]","[0.3959, 0.3883]","[0.3702, 0.6631]","[0.3907, 0.5161]","[0.4092, 0.438]","[0.4232, 0.3852]","[0.4053, 0.6704]","[0.4209, 0.531]","[0.4325, 0.4524]","[0.4405, 0.3986]","[0.4382, 0.665]","[0.4452, 0.554]","[0.4499, 0.4929]","[0.454, 0.4474]"
"[0.417, 0.7628]","[0.3801, 0.6978]","[0.3647, 0.6231]","[0.3725, 0.5454]","[0.3845, 0.4887]","[0.3383, 0.6356]","[0.3603, 0.5084]","[0.38, 0.4373]","[0.3962, 0.387]","[0.3709, 0.6601]","[0.3913, 0.5144]","[0.4102, 0.437]","[0.4237, 0.3844]","[0.4062, 0.6665]","[0.4212, 0.5304]","[0.4326, 0.4516]","[0.4407, 0.3979]","[0.4391, 0.6612]","[0.446, 0.5532]","[0.4501, 0.4917]","[0.4543, 0.4461]"
"[0.4161, 0.7635]","[0.3802, 0.6998]","[0.3642, 0.6242]","[0.3724, 0.5465]","[0.3857, 0.4923]","[0.3385, 0.6354]","[0.3606, 0.5073]","[0.3802, 0.4376]","[0.3966, 0.3868]","[0.3704, 0.6606]","[0.3913, 0.5144]","[0.4101, 0.4362]","[0.4243, 0.3833]","[0.4055, 0.6687]","[0.4216, 0.5297]","[0.4333, 0.4509]","[0.4415, 0.3969]","[0.4386, 0.6641]","[0.446, 0.553]","[0.4504, 0.4914]","[0.4544, 0.4452]"
"[0.4175, 0.7608]","[0.381, 0.6916]","[0.367, 0.618]","[0.3745, 0.5421]","[0.3863, 0.4861]","[0.3391, 0.6327]","[0.3611, 0.5077]","[0.3809, 0.4365]","[0.3973, 0.3875]","[0.3713, 0.6574]","[0.3919, 0.5125]","[0.4111, 0.4361]","[0.4249, 0.3842]","[0.4061, 0.6639]","[0.4219, 0.5281]","[0.4338, 0.4504]","[0.4423, 0.3981]","[0.439, 0.6589]","[0.4468, 0.5517]","[0.4511, 0.4901]","[0.4553, 0.4444]"
"[0.4182, 0.7584]","[0.3805, 0.6866]","[0.3673, 0.6147]","[0.3737, 0.5398]","[0.3859, 0.483]","[0.3395, 0.6319]","[0.3609, 0.507]","[0.3802, 0.4354]","[0.3964, 0.3879]","[0.3721, 0.6551]","[0.3922, 0.5114]","[0.411, 0.4361]","[0.4245, 0.3853]","[0.4068, 0.6602]","[0.4223, 0.5275]","[0.4334, 0.4499]","[0.4418, 0.3978]","[0.4396, 0.6545]","[0.4471, 0.55]","[0.4513, 0.4887]","[0.456, 0.4436]"
"[0.4179, 0.7609]","[0.3813, 0.6914]","[0.3672, 0.618]","[0.3744, 0.5422]","[0.3865, 0.4857]","[0.3391, 0.6336]","[0.3614, 0.5067]","[0.3806, 0.4354]","[0.3966, 0.3867]","[0.3714, 0.6581]","[0.3921, 0.5114]","[0.4111, 0.4355]","[0.4245, 0.384]","[0.4061, 0.664]","[0.4223, 0.5281]","[0.4336, 0.4498]","[0.4418, 0.3971]","[0.4388, 0.6585]","[0.4469, 0.5518]","[0.4512, 0.4898]","[0.4558, 0.444]"
"[0.4171, 0.7631]","[0.3807, 0.6951]","[0.3661, 0.6206]","[0.3735, 0.5443]","[0.3856, 0.4891]","[0.339, 0.6343]","[0.3616, 0.5074]","[0.3811, 0.4366]","[0.3972, 0.3872]","[0.3713, 0.6584]","[0.3923, 0.5118]","[0.4111, 0.4355]","[0.4245, 0.3837]","[0.406, 0.6648]","[0.4222, 0.5276]","[0.4336, 0.4494]","[0.4418, 0.3963]","[0.4387, 0.6599]","[0.4464, 0.5518]","[0.4509, 0.4901]","[0.4553, 0.4444]"
"[0.4209, 0.7543]","[0.383, 0.6736]","[0.371, 0.6038]","[0.3747, 0.5333]","[0.3843, 0.4748]","[0.341, 0.6244]","[0.3624, 0.5039]","[0.3808, 0.4339]","[0.3962, 0.3897]","[0.3742, 0.6488]","[0.3922, 0.5098]","[0.4109, 0.4372]","[0.4244, 0.3872]","[0.4084, 0.6543]","[0.4222, 0.5276]","[0.4333, 0.451]","[0.4419, 0.3997]","[0.4408, 0.6484]","[0.447, 0.5509]","[0.451, 0.4897]","[0.4561, 0.4444]"
"[0.4164, 0.7607]","[0.3813, 0.6983]","[0.3648, 0.6222]","[0.373, 0.5427]","[0.3849, 0.4868]","[0.3384, 0.6383]","[0.3608, 0.5084]","[0.3805, 0.4371]","[0.3968, 0.3855]","[0.3709, 0.6626]","[0.3914, 0.5142]","[0.4099, 0.435]","[0.4233, 0.3815]","[0.406, 0.6687]","[0.4216, 0.5293]","[0.4329, 0.45]","[0.4406, 0.396]","[0.4384, 0.6622]","[0.446, 0.551]","[0.4498, 0.4889]","[0.4535, 0.4425]"
"[0.4173, 0.7567]","[0.3797, 0.6912]","[0.3651, 0.6183]","[0.3734, 0.5441]","[0.3866, 0.4897]","[0.3388, 0.6349]","[0.3606, 0.5079]","[0.38, 0.4371]","[0.3958, 0.3882]","[0.3714, 0.6592]","[0.3915, 0.5126]","[0.4098, 0.4347]","[0.4229, 0.383]","[0.4063, 0.6653]","[0.4216, 0.5277]","[0.4328, 0.4493]","[0.4407, 0.3965]","[0.4387, 0.6603]","[0.4467, 0.5511]","[0.4505, 0.491]","[0.4541, 0.4471]"
"[0.4172, 0.7606]","[0.3804, 0.698]","[0.3642, 0.6236]","[0.3723, 0.5465]","[0.3865, 0.4917]","[0.3378, 0.6389]","[0.3601, 0.5083]","[0.3794, 0.4382]","[0.3956, 0.3889]","[0.3701, 0.6635]","[0.391, 0.5131]","[0.4091, 0.4353]","[0.4224, 0.3837]","[0.4052, 0.6699]","[0.4212, 0.5278]","[0.4324, 0.4499]","[0.4403, 0.3971]","[0.4377, 0.6645]","[0.446, 0.5519]","[0.4498, 0.492]","[0.4534, 0.448]"
"[0.415, 0.769]","[0.3795, 0.7101]","[0.3617, 0.6328]","[0.3696, 0.553]","[0.3844, 0.5013]","[0.3373, 0.6429]","[0.3591, 0.5117]","[0.3785, 0.4429]","[0.3943, 0.393]","[0.3692, 0.6661]","[0.3895, 0.5165]","[0.407, 0.4382]","[0.4206, 0.3858]","[0.4042, 0.6741]","[0.4201, 0.5312]","[0.4317, 0.4527]","[0.4393, 0.3988]","[0.437, 0.6698]","[0.4443, 0.5542]","[0.4486, 0.4944]","[0.452, 0.4497]"
"[0.4151, 0.767]","[0.3791, 0.7069]","[0.3614, 0.6297]","[0.3694, 0.5499]","[0.3834, 0.4961]","[0.3369, 0.6401]","[0.3594, 0.5107]","[0.3789, 0.4415]","[0.3953, 0.3899]","[0.3689, 0.6641]","[0.3896, 0.5179]","[0.4076, 0.4397]","[0.4215, 0.3867]","[0.4039, 0.6728]","[0.4199, 0.534]","[0.4314, 0.4551]","[0.4392, 0.4009]","[0.4369, 0.6685]","[0.4439, 0.5564]","[0.4487, 0.4955]","[0.4527, 0.45]"
"[0.4148, 0.7693]","[0.3793, 0.711]","[0.3612, 0.6331]","[0.3691, 0.5523]","[0.383, 0.499]","[0.337, 0.6411]","[0.3588, 0.5117]","[0.3783, 0.4428]","[0.3948, 0.3915]","[0.3684, 0.6637]","[0.3891, 0.5184]","[0.407, 0.4401]","[0.4211, 0.3866]","[0.4031, 0.6726]","[0.4193, 0.534]","[0.4313, 0.4558]","[0.4394, 0.402]","[0.4362, 0.6688]","[0.4433, 0.5569]","[0.4483, 0.4964]","[0.4523, 0.4511]"
"[0.4162, 0.7667]","[0.3796, 0.7042]","[0.3628, 0.6285]","[0.3706, 0.5498]","[0.3832, 0.4949]","[0.337, 0.6391]","[0.359, 0.5108]","[0.3786, 0.4411]","[0.3949, 0.3899]","[0.3691, 0.663]","[0.3897, 0.5172]","[0.4081, 0.4395]","[0.4219, 0.3867]","[0.4042, 0.6704]","[0.4199, 0.5325]","[0.4314, 0.4542]","[0.4394, 0.4004]","[0.4372, 0.6654]","[0.4445, 0.5555]","[0.4491, 0.494]","[0.4531, 0.4477]"
"[0.4159, 0.7653]","[0.3799, 0.705]","[0.3622, 0.6289]","[0.3706, 0.5501]","[0.3851, 0.4976]","[0.3374, 0.6399]","[0.36, 0.512]","[0.3793, 0.4427]","[0.3955, 0.3914]","[0.3695, 0.6638]","[0.3902, 0.5184]","[0.4081, 0.4398]","[0.4224, 0.3868]","[0.4046, 0.6725]","[0.4205, 0.534]","[0.4326, 0.4557]","[0.441, 0.4019]","[0.4377, 0.6684]","[0.4445, 0.5573]","[0.4494, 0.497]","[0.4536, 0.4521]"
"[0.4155, 0.7667]","[0.3802, 0.7087]","[0.3622, 0.6318]","[0.3706, 0.5516]","[0.3849, 0.4988]","[0.3385, 0.6409]","[0.3598, 0.5118]","[0.3795, 0.4424]","[0.3961, 0.3909]","[0.3704, 0.6636]","[0.3905, 0.5171]","[0.4084, 0.4381]","[0.4223, 0.385]","[0.4057, 0.6724]","[0.4211, 0.5323]","[0.4327, 0.4527]","[0.4406, 0.3982]","[0.4387, 0.6683]","[0.4453, 0.5554]","[0.4494, 0.4947]","[0.4527, 0.4498]"
"[0.4161, 0.765]","[0.3802, 0.7034]","[0.3633, 0.6265]","[0.3719, 0.5462]","[0.3851, 0.4902]","[0.3377, 0.6382]","[0.3596, 0.5102]","[0.3795, 0.44]","[0.3962, 0.3882]","[0.3695, 0.6623]","[0.3902, 0.5166]","[0.4091, 0.4379]","[0.4234, 0.3846]","[0.4047, 0.6705]","[0.4201, 0.5325]","[0.4324, 0.4529]","[0.4408, 0.3984]","[0.4379, 0.6661]","[0.4446, 0.5554]","[0.4494, 0.4935]","[0.4537, 0.4471]"
"[0.4152, 0.7657]","[0.3792, 0.7036]","[0.3623, 0.6272]","[0.3706, 0.5482]","[0.3846, 0.4947]","[0.3379, 0.6381]","[0.3599, 0.5091]","[0.3792, 0.4398]","[0.3953, 0.389]","[0.3697, 0.6619]","[0.3907, 0.5152]","[0.4087, 0.4371]","[0.4225, 0.3845]","[0.4046, 0.6708]","[0.4207, 0.5312]","[0.4326, 0.4526]","[0.4407, 0.3988]","[0.4377, 0.6677]","[0.4445, 0.5563]","[0.4492, 0.4946]","[0.4532, 0.4487]"
"[0.4169, 0.7647]","[0.3796, 0.6995]","[0.3639, 0.6236]","[0.3719, 0.545]","[0.3851, 0.4888]","[0.3375, 0.6367]","[0.3594, 0.5093]","[0.3792, 0.4391]","[0.3956, 0.3896]","[0.3701, 0.6604]","[0.3905, 0.5148]","[0.4092, 0.4381]","[0.423, 0.3864]","[0.4053, 0.6671]","[0.4203, 0.53]","[0.4322, 0.4523]","[0.4406, 0.3997]","[0.4384, 0.6623]","[0.445, 0.5537]","[0.4496, 0.4922]","[0.4539, 0.4468]"
"[0.4174, 0.7655]","[0.3804, 0.7027]","[0.364, 0.6273]","[0.3716, 0.549]","[0.385, 0.4944]","[0.3385, 0.6387]","[0.36, 0.5087]","[0.3795, 0.4392]","[0.3957, 0.3891]","[0.3704, 0.6612]","[0.3911, 0.5142]","[0.4093, 0.4372]","[0.4229, 0.3853]","[0.4054, 0.6675]","[0.4214, 0.5293]","[0.4331, 0.4521]","[0.4411, 0.3996]","[0.4383, 0.6623]","[0.4458, 0.5522]","[0.4503, 0.4915]","[0.4544, 0.4465]"
"[0.4168, 0.7631]","[0.3801, 0.7003]","[0.3638, 0.6247]","[0.3719, 0.5467]","[0.3852, 0.492]","[0.3382, 0.6376]","[0.3605, 0.5088]","[0.3799, 0.4386]","[0.3959, 0.3876]","[0.3706, 0.6612]","[0.3912, 0.515]","[0.4095, 0.4373]","[0.4231, 0.3848]","[0.4056, 0.6678]","[0.4216, 0.5307]","[0.4332, 0.4523]","[0.4411, 0.3984]","[0.4383, 0.6621]","[0.4458, 0.5527]","[0.4503, 0.4915]","[0.4547, 0.4459]"
"[0.4166, 0.7637]","[0.3802, 0.7004]","[0.3639, 0.6248]","[0.3711, 0.5462]","[0.3842, 0.4911]","[0.3383, 0.6374]","[0.3599, 0.5081]","[0.3792, 0.4383]","[0.3956, 0.3882]","[0.3705, 0.6604]","[0.3911, 0.5128]","[0.4092, 0.436]","[0.4226, 0.3838]","[0.4054, 0.6664]","[0.4215, 0.5277]","[0.4329, 0.4503]","[0.4408, 0.3974]","[0.4382, 0.6603]","[0.446, 0.5507]","[0.4505, 0.4904]","[0.4548, 0.4455]"
"[0.4159, 0.7677]","[0.3803, 0.7063]","[0.363, 0.6293]","[0.3709, 0.5494]","[0.3842, 0.4942]","[0.3384, 0.6389]","[0.3598, 0.5091]","[0.3792, 0.439]","[0.3953, 0.3874]","[0.3695, 0.662]","[0.3899, 0.5144]","[0.4083, 0.4359]","[0.4219, 0.3827]","[0.4042, 0.6696]","[0.4201, 0.5297]","[0.4322, 0.4505]","[0.4401, 0.3964]","[0.4371, 0.665]","[0.4447, 0.5524]","[0.4493, 0.4908]","[0.4533, 0.4449]"
"[0.4161, 0.7663]","[0.3802, 0.7069]","[0.3628, 0.6284]","[0.3711, 0.5473]","[0.3853, 0.4925]","[0.3383, 0.6365]","[0.3604, 0.5073]","[0.3797, 0.4384]","[0.3956, 0.3877]","[0.3699, 0.6593]","[0.3909, 0.5133]","[0.4091, 0.4363]","[0.4229, 0.3842]","[0.4046, 0.6676]","[0.421, 0.5295]","[0.4326, 0.4513]","[0.4406, 0.397]","[0.4377, 0.6632]","[0.4453, 0.5519]","[0.4502, 0.4914]","[0.4542, 0.4457]"
"[0.4166, 0.7672]","[0.3811, 0.707]","[0.3634, 0.6278]","[0.3715, 0.5461]","[0.3855, 0.4916]","[0.339, 0.6354]","[0.3614, 0.5062]","[0.3806, 0.4377]","[0.3966, 0.387]","[0.3702, 0.6583]","[0.3914, 0.5123]","[0.4097, 0.4351]","[0.4237, 0.3821]","[0.4049, 0.6676]","[0.4215, 0.5286]","[0.4335, 0.4496]","[0.4417, 0.3946]","[0.4384, 0.6645]","[0.4455, 0.5524]","[0.4504, 0.4907]","[0.4546, 0.4441]"
"[0.4178, 0.7646]","[0.3814, 0.7003]","[0.3653, 0.6237]","[0.3731, 0.5445]","[0.3853, 0.4878]","[0.3392, 0.6345]","[0.3617, 0.5069]","[0.3813, 0.437]","[0.3972, 0.3869]","[0.371, 0.6585]","[0.3919, 0.5123]","[0.4104, 0.4352]","[0.4238, 0.3829]","[0.406, 0.6659]","[0.422, 0.5284]","[0.4337, 0.4502]","[0.4417, 0.3969]","[0.4391, 0.6616]","[0.4464, 0.552]","[0.4505, 0.4905]","[0.4544, 0.4449]"
"[0.4191, 0.7637]","[0.3818, 0.6954]","[0.3668, 0.6201]","[0.3732, 0.5427]","[0.3843, 0.485]","[0.3394, 0.6342]","[0.361, 0.5078]","[0.3805, 0.4365]","[0.3965, 0.3875]","[0.3718, 0.6586]","[0.3918, 0.5122]","[0.4106, 0.4359]","[0.4234, 0.384]","[0.4067, 0.6641]","[0.4217, 0.5285]","[0.4329, 0.4506]","[0.4407, 0.3981]","[0.4393, 0.6585]","[0.4467, 0.551]","[0.4507, 0.49]","[0.4549, 0.4451]"
"[0.4188, 0.7638]","[0.3816, 0.695]","[0.3666, 0.6205]","[0.3732, 0.5432]","[0.3842, 0.4856]","[0.3388, 0.6355]","[0.3608, 0.5085]","[0.3801, 0.4366]","[0.3959, 0.3869]","[0.3716, 0.6594]","[0.3915, 0.5125]","[0.4101, 0.4359]","[0.4228, 0.3835]","[0.4067, 0.6644]","[0.4215, 0.5283]","[0.4325, 0.4504]","[0.4401, 0.3978]","[0.4393, 0.6582]","[0.4459, 0.5504]","[0.4496, 0.4889]","[0.4536, 0.4437]"
"[0.4163, 0.7603]","[0.3797, 0.6948]","[0.3642, 0.6204]","[0.371, 0.5437]","[0.382, 0.4884]","[0.3379, 0.6345]","[0.3595, 0.5081]","[0.3788, 0.4373]","[0.3948, 0.3863]","[0.3705, 0.6583]","[0.3908, 0.5133]","[0.4092, 0.4361]","[0.4224, 0.3834]","[0.4054, 0.6642]","[0.4209, 0.5288]","[0.4323, 0.4506]","[0.4401, 0.3973]","[0.438, 0.6584]","[0.4448, 0.5501]","[0.4492, 0.4892]","[0.4535, 0.4444]"
"[0.4151, 0.7613]","[0.3789, 0.6973]","[0.3631, 0.622]","[0.3705, 0.5437]","[0.3828, 0.4883]","[0.3377, 0.6329]","[0.3594, 0.5051]","[0.3784, 0.4352]","[0.3941, 0.3848]","[0.3694, 0.6561]","[0.39, 0.511]","[0.4084, 0.4343]","[0.4217, 0.3821]","[0.4043, 0.6629]","[0.4201, 0.527]","[0.4316, 0.4487]","[0.439, 0.3948]","[0.4374, 0.6585]","[0.4443, 0.5497]","[0.4488, 0.4884]","[0.4532, 0.4426]"
"[0.416, 0.7623]","[0.3793, 0.6996]","[0.3628, 0.6248]","[0.3697, 0.5462]","[0.3814, 0.491]","[0.3372, 0.6328]","[0.359, 0.5044]","[0.3784, 0.4347]","[0.3943, 0.3849]","[0.3689, 0.6564]","[0.39, 0.5103]","[0.4085, 0.4333]","[0.4217, 0.3816]","[0.404, 0.6634]","[0.4198, 0.5264]","[0.4312, 0.4487]","[0.4388, 0.3961]","[0.4369, 0.6591]","[0.4442, 0.5492]","[0.4485, 0.4879]","[0.4526, 0.442]"
"[0.4152, 0.7634]","[0.3792, 0.7038]","[0.3613, 0.6289]","[0.3689, 0.5505]","[0.383, 0.4976]","[0.3374, 0.6349]","[0.3593, 0.506]","[0.3785, 0.4369]","[0.3944, 0.3865]","[0.3693, 0.6579]","[0.3894, 0.5131]","[0.4071, 0.4353]","[0.4207, 0.3824]","[0.404, 0.6659]","[0.4194, 0.5289]","[0.4307, 0.4509]","[0.4385, 0.3972]","[0.4369, 0.6616]","[0.4433, 0.5505]","[0.4476, 0.4895]","[0.4516, 0.4438]"
"[0.4157, 0.7605]","[0.3789, 0.6985]","[0.362, 0.6241]","[0.3693, 0.5458]","[0.3817, 0.4911]","[0.3369, 0.6332]","[0.359, 0.5058]","[0.3785, 0.4362]","[0.3947, 0.3861]","[0.369, 0.6566]","[0.3895, 0.5123]","[0.4079, 0.4353]","[0.4214, 0.3829]","[0.404, 0.6638]","[0.4193, 0.5284]","[0.4308, 0.4507]","[0.4387, 0.3974]","[0.4369, 0.6593]","[0.4435, 0.5505]","[0.4477, 0.4899]","[0.4519, 0.4449]"
"[0.4142, 0.7631]","[0.3781, 0.7011]","[0.3612, 0.6263]","[0.3689, 0.5475]","[0.382, 0.4939]","[0.3368, 0.6355]","[0.359, 0.5076]","[0.3782, 0.438]","[0.394, 0.387]","[0.3688, 0.6582]","[0.3895, 0.5133]","[0.4073, 0.4359]","[0.4205, 0.3832]","[0.4036, 0.6655]","[0.4195, 0.5287]","[0.4308, 0.451]","[0.4384, 0.3976]","[0.4365, 0.661]","[0.4431, 0.5513]","[0.4474, 0.4903]","[0.4513, 0.4446]"
"[0.4147, 0.7607]","[0.3783, 0.6997]","[0.3612, 0.6244]","[0.3687, 0.545]","[0.3812, 0.4902]","[0.3362, 0.6352]","[0.3585, 0.5079]","[0.3779, 0.4384]","[0.3938, 0.3877]","[0.3683, 0.6587]","[0.3892, 0.5141]","[0.4073, 0.4366]","[0.4208, 0.3838]","[0.4034, 0.6662]","[0.4194, 0.5299]","[0.4306, 0.4514]","[0.4381, 0.3974]","[0.4363, 0.6616]","[0.443, 0.5523]","[0.4471, 0.4912]","[0.451, 0.4453]"
"[0.4144, 0.7638]","[0.3788, 0.7045]","[0.3611, 0.6288]","[0.3688, 0.5487]","[0.3828, 0.4955]","[0.3376, 0.6354]","[0.3593, 0.5066]","[0.3783, 0.438]","[0.394, 0.3873]","[0.3688, 0.6585]","[0.3896, 0.5127]","[0.4073, 0.435]","[0.4206, 0.3821]","[0.4034, 0.6677]","[0.4197, 0.5285]","[0.4315, 0.4503]","[0.4393, 0.3967]","[0.4361, 0.6648]","[0.4436, 0.5522]","[0.4481, 0.4922]","[0.4515, 0.4475]"
"[0.4157, 0.7608]","[0.3794, 0.7012]","[0.3614, 0.6259]","[0.3685, 0.5462]","[0.3818, 0.4912]","[0.338, 0.6327]","[0.3597, 0.5038]","[0.3787, 0.4351]","[0.3948, 0.3848]","[0.3699, 0.6552]","[0.3903, 0.5097]","[0.4081, 0.4334]","[0.4215, 0.3813]","[0.4045, 0.6632]","[0.4202, 0.5268]","[0.4314, 0.4492]","[0.4391, 0.3956]","[0.4373, 0.6595]","[0.4438, 0.5503]","[0.4482, 0.4898]","[0.4521, 0.444]"
"[0.4155, 0.7609]","[0.3794, 0.701]","[0.3616, 0.6254]","[0.3692, 0.5454]","[0.3824, 0.4908]","[0.3378, 0.6329]","[0.3596, 0.5042]","[0.379, 0.4349]","[0.3952, 0.384]","[0.3693, 0.6558]","[0.3901, 0.51]","[0.4081, 0.4329]","[0.4213, 0.3803]","[0.404, 0.6638]","[0.42, 0.5259]","[0.4314, 0.4479]","[0.439, 0.3945]","[0.4367, 0.6597]","[0.4437, 0.5489]","[0.4482, 0.4877]","[0.4521, 0.4419]"
"[0.4157, 0.7611]","[0.3801, 0.7023]","[0.3622, 0.6258]","[0.3702, 0.5455]","[0.3845, 0.4922]","[0.3379, 0.634]","[0.3597, 0.5051]","[0.379, 0.4361]","[0.3951, 0.385]","[0.3691, 0.6568]","[0.3899, 0.5117]","[0.408, 0.4345]","[0.4216, 0.3821]","[0.4037, 0.6651]","[0.4202, 0.5271]","[0.4316, 0.4488]","[0.4392, 0.3951]","[0.4367, 0.6607]","[0.4441, 0.5492]","[0.4489, 0.4881]","[0.4527, 0.4421]"
"[0.4161, 0.7615]","[0.3803, 0.7013]","[0.3624, 0.6245]","[0.3699, 0.5443]","[0.3836, 0.4906]","[0.3378, 0.6346]","[0.3602, 0.5057]","[0.3794, 0.4369]","[0.3955, 0.3861]","[0.3695, 0.6576]","[0.3905, 0.5116]","[0.4084, 0.4348]","[0.422, 0.3827]","[0.4043, 0.6655]","[0.4207, 0.5268]","[0.4321, 0.4487]","[0.4396, 0.395]","[0.4372, 0.661]","[0.4444, 0.5495]","[0.4491, 0.4885]","[0.4529, 0.443]"
"[0.416, 0.7587]","[0.3798, 0.6989]","[0.3625, 0.6235]","[0.3703, 0.5441]","[0.3836, 0.4898]","[0.3384, 0.6345]","[0.3599, 0.5054]","[0.379, 0.4363]","[0.3949, 0.3858]","[0.3703, 0.6569]","[0.3905, 0.5111]","[0.4085, 0.4342]","[0.4221, 0.3823]","[0.405, 0.6638]","[0.4209, 0.5263]","[0.4321, 0.4484]","[0.4394, 0.3949]","[0.4375, 0.6586]","[0.4447, 0.5487]","[0.449, 0.4884]","[0.4529, 0.4436]"
"[0.417, 0.7563]","[0.3796, 0.6919]","[0.3643, 0.618]","[0.3712, 0.5397]","[0.3836, 0.4833]","[0.3381, 0.6313]","[0.3599, 0.5049]","[0.3789, 0.4352]","[0.3946, 0.3867]","[0.3704, 0.6537]","[0.3905, 0.5098]","[0.4087, 0.4344]","[0.4218, 0.3834]","[0.405, 0.6588]","[0.4204, 0.5254]","[0.4312, 0.4479]","[0.4387, 0.3952]","[0.4374, 0.6532]","[0.4443, 0.5476]","[0.4484, 0.4878]","[0.4525, 0.4436]"
"[0.4184, 0.7541]","[0.3801, 0.6863]","[0.3655, 0.615]","[0.3711, 0.5396]","[0.383, 0.4829]","[0.3384, 0.6299]","[0.3604, 0.505]","[0.379, 0.4344]","[0.3942, 0.3866]","[0.3711, 0.6521]","[0.391, 0.5088]","[0.409, 0.4343]","[0.4218, 0.3841]","[0.4057, 0.6567]","[0.4207, 0.5246]","[0.4314, 0.448]","[0.4392, 0.3964]","[0.438, 0.651]","[0.4447, 0.5476]","[0.4485, 0.4875]","[0.4527, 0.4432]"
"[0.4159, 0.7574]","[0.3796, 0.6966]","[0.3627, 0.623]","[0.3712, 0.5455]","[0.3853, 0.4928]","[0.3383, 0.634]","[0.3595, 0.5063]","[0.3788, 0.4363]","[0.3946, 0.3849]","[0.3696, 0.6584]","[0.3902, 0.5123]","[0.4082, 0.4339]","[0.4216, 0.3813]","[0.4044, 0.6665]","[0.4201, 0.5279]","[0.4319, 0.4499]","[0.4397, 0.3971]","[0.437, 0.6623]","[0.4445, 0.5503]","[0.4491, 0.4897]","[0.4532, 0.4451]"
"[0.4163, 0.7575]","[0.3797, 0.6996]","[0.3618, 0.6241]","[0.3703, 0.5449]","[0.3851, 0.4935]","[0.3387, 0.6334]","[0.3603, 0.5055]","[0.3796, 0.4366]","[0.3954, 0.3857]","[0.3705, 0.6573]","[0.3909, 0.5116]","[0.4085, 0.4333]","[0.4218, 0.3807]","[0.4057, 0.666]","[0.4211, 0.5261]","[0.4323, 0.4476]","[0.4395, 0.3938]","[0.4387, 0.6621]","[0.4459, 0.5473]","[0.4498, 0.4865]","[0.4529, 0.4417]"
"[0.4173, 0.7592]","[0.381, 0.6984]","[0.364, 0.6233]","[0.3725, 0.5452]","[0.3862, 0.492]","[0.3391, 0.6311]","[0.361, 0.5039]","[0.3806, 0.4349]","[0.3964, 0.3842]","[0.3705, 0.6557]","[0.3916, 0.5103]","[0.4098, 0.4318]","[0.4233, 0.3792]","[0.4055, 0.6646]","[0.4216, 0.5256]","[0.4332, 0.447]","[0.4408, 0.3935]","[0.4383, 0.661]","[0.4463, 0.5487]","[0.4506, 0.4881]","[0.454, 0.4433]"
"[0.4166, 0.7597]","[0.3812, 0.7013]","[0.3632, 0.6243]","[0.371, 0.5439]","[0.385, 0.4909]","[0.3399, 0.6315]","[0.3619, 0.5023]","[0.3814, 0.434]","[0.3974, 0.3832]","[0.371, 0.654]","[0.3921, 0.5093]","[0.4099, 0.4315]","[0.4236, 0.3786]","[0.4056, 0.6631]","[0.422, 0.5254]","[0.4337, 0.4464]","[0.4415, 0.3916]","[0.4384, 0.6599]","[0.4458, 0.5481]","[0.4505, 0.4872]","[0.4543, 0.4415]"
"[0.4168, 0.7595]","[0.381, 0.701]","[0.3627, 0.6242]","[0.3702, 0.5435]","[0.3835, 0.4891]","[0.3399, 0.6331]","[0.362, 0.5035]","[0.3815, 0.4348]","[0.3976, 0.3843]","[0.3716, 0.6551]","[0.3924, 0.5095]","[0.4101, 0.4318]","[0.4237, 0.3794]","[0.4063, 0.6636]","[0.4219, 0.5257]","[0.4332, 0.4476]","[0.4408, 0.3939]","[0.439, 0.6602]","[0.4453, 0.5493]","[0.4497, 0.4886]","[0.4536, 0.4435]"
"[0.4181, 0.7553]","[0.3801, 0.6896]","[0.3651, 0.6174]","[0.3709, 0.5417]","[0.3816, 0.4855]","[0.339, 0.6309]","[0.3605, 0.5064]","[0.3798, 0.4358]","[0.3955, 0.3877]","[0.3711, 0.6529]","[0.3917, 0.5089]","[0.4099, 0.434]","[0.4224, 0.3837]","[0.4055, 0.6573]","[0.421, 0.5249]","[0.4323, 0.4496]","[0.44, 0.3991]","[0.4379, 0.6523]","[0.4454, 0.5475]","[0.4493, 0.4879]","[0.4534, 0.4439]"
"[0.4152, 0.7561]","[0.3793, 0.6975]","[0.362, 0.6238]","[0.3694, 0.5458]","[0.383, 0.4927]","[0.3385, 0.6355]","[0.3599, 0.5075]","[0.3789, 0.4376]","[0.395, 0.3864]","[0.3701, 0.6581]","[0.3905, 0.5128]","[0.4083, 0.4349]","[0.4216, 0.3821]","[0.4045, 0.6649]","[0.4205, 0.5279]","[0.4321, 0.4505]","[0.4398, 0.3976]","[0.4366, 0.6599]","[0.4442, 0.5499]","[0.4489, 0.4901]","[0.4529, 0.4454]"
"[0.4167, 0.7562]","[0.3795, 0.695]","[0.3631, 0.6221]","[0.3712, 0.5453]","[0.3857, 0.4917]","[0.3388, 0.6319]","[0.3597, 0.505]","[0.3792, 0.4357]","[0.3954, 0.3862]","[0.3703, 0.6547]","[0.3908, 0.5097]","[0.4093, 0.432]","[0.4228, 0.3806]","[0.4051, 0.6613]","[0.4208, 0.5237]","[0.4324, 0.4466]","[0.4403, 0.3945]","[0.4379, 0.6573]","[0.4462, 0.5464]","[0.4499, 0.487]","[0.4529, 0.4429]"
"[0.4168, 0.7589]","[0.3806, 0.6991]","[0.3633, 0.6237]","[0.3713, 0.544]","[0.3855, 0.491]","[0.3393, 0.6321]","[0.3609, 0.5036]","[0.3801, 0.4346]","[0.3961, 0.3839]","[0.3704, 0.6554]","[0.3913, 0.5092]","[0.4091, 0.4311]","[0.4227, 0.3785]","[0.4051, 0.6636]","[0.4214, 0.5241]","[0.4331, 0.447]","[0.441, 0.3946]","[0.4378, 0.6596]","[0.4454, 0.5479]","[0.45, 0.4882]","[0.4539, 0.4434]"
"[0.4185, 0.759]","[0.3817, 0.694]","[0.3664, 0.6197]","[0.3738, 0.5428]","[0.3858, 0.4876]","[0.3395, 0.6312]","[0.3612, 0.505]","[0.3801, 0.4349]","[0.3955, 0.3851]","[0.3716, 0.6544]","[0.3918, 0.5096]","[0.4099, 0.433]","[0.4228, 0.381]","[0.4063, 0.6607]","[0.4218, 0.5249]","[0.433, 0.4472]","[0.441, 0.3946]","[0.4388, 0.6556]","[0.4462, 0.5478]","[0.4504, 0.4865]","[0.4546, 0.4409]"
"[0.4202, 0.7564]","[0.3821, 0.6848]","[0.3686, 0.6124]","[0.3737, 0.5372]","[0.3841, 0.4792]","[0.3399, 0.628]","[0.3613, 0.5042]","[0.38, 0.4336]","[0.3951, 0.3867]","[0.3728, 0.6513]","[0.3921, 0.509]","[0.4102, 0.434]","[0.4229, 0.3828]","[0.4072, 0.6563]","[0.4218, 0.5263]","[0.4322, 0.4489]","[0.44, 0.3965]","[0.4395, 0.6508]","[0.4459, 0.5491]","[0.4494, 0.4878]","[0.4537, 0.4422]"
"[0.4187, 0.7558]","[0.3818, 0.6892]","[0.3668, 0.6165]","[0.3737, 0.5411]","[0.3851, 0.4856]","[0.3396, 0.6288]","[0.3615, 0.5044]","[0.3805, 0.4337]","[0.3958, 0.3845]","[0.3724, 0.6528]","[0.3922, 0.5091]","[0.4103, 0.4324]","[0.4231, 0.3799]","[0.407, 0.6585]","[0.4222, 0.5254]","[0.433, 0.4478]","[0.4408, 0.3948]","[0.4392, 0.6532]","[0.4462, 0.548]","[0.4499, 0.4876]","[0.454, 0.4424]"
"[0.418, 0.7532]","[0.3814, 0.6867]","[0.3666, 0.613]","[0.3736, 0.5376]","[0.3849, 0.4836]","[0.3398, 0.6284]","[0.3611, 0.5038]","[0.3802, 0.4334]","[0.3958, 0.3841]","[0.3723, 0.6528]","[0.3918, 0.5095]","[0.41, 0.4329]","[0.4234, 0.3812]","[0.4068, 0.6592]","[0.4216, 0.5262]","[0.4329, 0.4483]","[0.4408, 0.3953]","[0.4393, 0.654]","[0.4463, 0.5475]","[0.4505, 0.487]","[0.4547, 0.4423]"
"[0.4188, 0.7495]","[0.3809, 0.6826]","[0.3663, 0.6093]","[0.3729, 0.5342]","[0.3852, 0.4796]","[0.34, 0.629]","[0.361, 0.5041]","[0.3799, 0.4332]","[0.3955, 0.3847]","[0.3729, 0.6527]","[0.3921, 0.5087]","[0.4099, 0.4322]","[0.423, 0.3811]","[0.4074, 0.6581]","[0.4217, 0.5246]","[0.4328, 0.4471]","[0.4408, 0.3951]","[0.4396, 0.6522]","[0.4463, 0.5462]","[0.4503, 0.486]","[0.4544, 0.4422]"
"[0.4192, 0.7535]","[0.3806, 0.6855]","[0.3666, 0.6128]","[0.3728, 0.5383]","[0.3854, 0.484]","[0.3395, 0.6296]","[0.3615, 0.5039]","[0.3802, 0.4335]","[0.3954, 0.3863]","[0.3725, 0.6529]","[0.3923, 0.5079]","[0.4102, 0.4323]","[0.4229, 0.3817]","[0.4074, 0.658]","[0.4223, 0.5228]","[0.4331, 0.4457]","[0.4411, 0.3935]","[0.44, 0.6528]","[0.4472, 0.5454]","[0.4505, 0.4855]","[0.4541, 0.4412]"
"[0.4177, 0.7556]","[0.3807, 0.6904]","[0.3656, 0.616]","[0.3728, 0.5392]","[0.3855, 0.485]","[0.3388, 0.6321]","[0.3609, 0.5044]","[0.3801, 0.434]","[0.3957, 0.3849]","[0.3712, 0.6553]","[0.3917, 0.5095]","[0.4097, 0.4324]","[0.4227, 0.3809]","[0.406, 0.6606]","[0.4216, 0.5249]","[0.4326, 0.4466]","[0.4403, 0.3936]","[0.4383, 0.6544]","[0.4456, 0.5461]","[0.4495, 0.4861]","[0.4536, 0.4421]"
"[0.4163, 0.7563]","[0.3798, 0.6944]","[0.364, 0.6197]","[0.3725, 0.5426]","[0.3858, 0.489]","[0.3385, 0.6328]","[0.3603, 0.506]","[0.3795, 0.4361]","[0.3951, 0.3853]","[0.3705, 0.6562]","[0.3912, 0.5106]","[0.4092, 0.4329]","[0.4225, 0.3805]","[0.4052, 0.6627]","[0.4217, 0.5248]","[0.4329, 0.4469]","[0.4407, 0.3938]","[0.4375, 0.6573]","[0.4457, 0.5474]","[0.4498, 0.4874]","[0.4538, 0.443]"
"[0.4162, 0.7568]","[0.3799, 0.6946]","[0.3641, 0.6189]","[0.3722, 0.5404]","[0.3858, 0.4859]","[0.3387, 0.6312]","[0.3607, 0.5039]","[0.3798, 0.4345]","[0.3954, 0.3844]","[0.3705, 0.6546]","[0.3914, 0.5088]","[0.4094, 0.4321]","[0.4226, 0.3806]","[0.4054, 0.6613]","[0.421, 0.5234]","[0.4322, 0.4464]","[0.4399, 0.3942]","[0.4379, 0.6564]","[0.4456, 0.5465]","[0.4499, 0.4867]","[0.4538, 0.4427]"
"[0.4163, 0.7582]","[0.3804, 0.6958]","[0.3645, 0.6199]","[0.3721, 0.5412]","[0.385, 0.4863]","[0.3388, 0.6307]","[0.3605, 0.5036]","[0.3797, 0.4346]","[0.3954, 0.3849]","[0.3704, 0.6536]","[0.3911, 0.5083]","[0.4093, 0.432]","[0.4225, 0.3805]","[0.4051, 0.6601]","[0.4209, 0.5236]","[0.4322, 0.4464]","[0.4397, 0.3938]","[0.4377, 0.6554]","[0.4453, 0.5461]","[0.4498, 0.4861]","[0.4538, 0.4414]"
"[0.4195, 0.7549]","[0.3815, 0.6816]","[0.368, 0.6098]","[0.3727, 0.5358]","[0.3833, 0.4781]","[0.3392, 0.6243]","[0.3613, 0.5025]","[0.3802, 0.4325]","[0.3954, 0.3865]","[0.3718, 0.6483]","[0.3918, 0.5065]","[0.4101, 0.4328]","[0.4229, 0.3828]","[0.4063, 0.6538]","[0.4211, 0.5238]","[0.432, 0.4477]","[0.4401, 0.3972]","[0.4385, 0.6488]","[0.4455, 0.5467]","[0.4495, 0.4868]","[0.4542, 0.4432]"
"[0.4169, 0.7561]","[0.3807, 0.6916]","[0.3648, 0.6178]","[0.3718, 0.5408]","[0.3835, 0.4857]","[0.3385, 0.6309]","[0.3602, 0.5048]","[0.3792, 0.4343]","[0.395, 0.384]","[0.371, 0.6545]","[0.391, 0.5093]","[0.4091, 0.4325]","[0.422, 0.3803]","[0.4056, 0.66]","[0.4209, 0.5247]","[0.4314, 0.4474]","[0.4385, 0.3949]","[0.4377, 0.6538]","[0.4448, 0.5464]","[0.4485, 0.486]","[0.4523, 0.4411]"
"[0.4158, 0.7575]","[0.38, 0.6966]","[0.3633, 0.6213]","[0.3707, 0.5424]","[0.3834, 0.4877]","[0.3385, 0.6328]","[0.36, 0.5052]","[0.3788, 0.4359]","[0.3946, 0.3852]","[0.3707, 0.6552]","[0.3906, 0.5106]","[0.4084, 0.4337]","[0.4217, 0.3816]","[0.4052, 0.6613]","[0.4203, 0.5256]","[0.4313, 0.4483]","[0.4388, 0.3954]","[0.4375, 0.6559]","[0.4441, 0.5472]","[0.4484, 0.487]","[0.4527, 0.4425]"
"[0.4169, 0.7577]","[0.3804, 0.6953]","[0.364, 0.6213]","[0.3711, 0.5434]","[0.3833, 0.4875]","[0.3388, 0.6318]","[0.3597, 0.5057]","[0.3786, 0.4358]","[0.3943, 0.3861]","[0.3707, 0.6544]","[0.3902, 0.5103]","[0.4083, 0.4341]","[0.4214, 0.3824]","[0.4052, 0.66]","[0.4198, 0.5259]","[0.4308, 0.4487]","[0.4384, 0.3966]","[0.4375, 0.6548]","[0.4444, 0.5478]","[0.4486, 0.4878]","[0.4527, 0.4435]"
"[0.4163, 0.756]","[0.3803, 0.6944]","[0.3642, 0.6199]","[0.3715, 0.5414]","[0.3839, 0.4852]","[0.3389, 0.632]","[0.3603, 0.5043]","[0.3793, 0.4347]","[0.3948, 0.3849]","[0.3709, 0.6539]","[0.3909, 0.5092]","[0.4089, 0.4332]","[0.422, 0.3818]","[0.4055, 0.6593]","[0.4206, 0.5242]","[0.4316, 0.4475]","[0.4393, 0.3952]","[0.4378, 0.6536]","[0.4447, 0.5467]","[0.449, 0.4867]","[0.4533, 0.4421]"
"[0.4161, 0.76]","[0.3802, 0.697]","[0.3642, 0.6221]","[0.3718, 0.5447]","[0.3853, 0.491]","[0.3388, 0.6333]","[0.36, 0.5063]","[0.3794, 0.437]","[0.3956, 0.3872]","[0.3703, 0.6558]","[0.3907, 0.5107]","[0.4089, 0.4345]","[0.4226, 0.3835]","[0.4049, 0.6626]","[0.4205, 0.5256]","[0.4322, 0.4489]","[0.4402, 0.3969]","[0.4379, 0.6583]","[0.4447, 0.5489]","[0.4492, 0.4886]","[0.4534, 0.4441]"
"[0.4164, 0.7621]","[0.3798, 0.6992]","[0.3635, 0.6239]","[0.371, 0.5465]","[0.384, 0.4925]","[0.3386, 0.637]","[0.3602, 0.5097]","[0.3794, 0.4401]","[0.3953, 0.3897]","[0.3703, 0.6605]","[0.3909, 0.5154]","[0.4089, 0.4379]","[0.4225, 0.3859]","[0.4049, 0.6675]","[0.4208, 0.5304]","[0.4323, 0.4528]","[0.4401, 0.3999]","[0.4378, 0.6625]","[0.4451, 0.5523]","[0.4497, 0.4917]","[0.4538, 0.4469]"
"[0.4167, 0.7616]","[0.3801, 0.6986]","[0.364, 0.6247]","[0.3712, 0.5488]","[0.3838, 0.4963]","[0.3393, 0.6372]","[0.3604, 0.5107]","[0.3795, 0.4409]","[0.3956, 0.3901]","[0.3712, 0.661]","[0.3914, 0.5155]","[0.4092, 0.4385]","[0.4225, 0.3866]","[0.4059, 0.6684]","[0.421, 0.5307]","[0.4323, 0.4535]","[0.44, 0.4012]","[0.4386, 0.6643]","[0.4454, 0.5544]","[0.4498, 0.4943]","[0.4539, 0.4502]"
"[0.4158, 0.7626]","[0.3803, 0.7023]","[0.3636, 0.627]","[0.3712, 0.5489]","[0.3846, 0.4958]","[0.3396, 0.6361]","[0.3609, 0.5082]","[0.3803, 0.4396]","[0.3964, 0.3892]","[0.3709, 0.6594]","[0.3918, 0.5142]","[0.4096, 0.4372]","[0.423, 0.3851]","[0.4056, 0.6676]","[0.4216, 0.5298]","[0.4331, 0.4527]","[0.4408, 0.4]","[0.4384, 0.6637]","[0.4453, 0.5533]","[0.4499, 0.4934]","[0.4538, 0.4489]"
"[0.4159, 0.7555]","[0.3799, 0.6956]","[0.3631, 0.621]","[0.3709, 0.5426]","[0.3842, 0.4876]","[0.3393, 0.6316]","[0.3608, 0.5034]","[0.3796, 0.4345]","[0.3955, 0.3844]","[0.3711, 0.6539]","[0.3915, 0.5094]","[0.4094, 0.4339]","[0.4229, 0.3827]","[0.4058, 0.6611]","[0.4216, 0.5259]","[0.4331, 0.4489]","[0.4409, 0.3962]","[0.4386, 0.6569]","[0.4455, 0.5489]","[0.4502, 0.4883]","[0.4544, 0.4428]"
"[0.416, 0.7575]","[0.3801, 0.6974]","[0.3633, 0.6215]","[0.3714, 0.5424]","[0.3858, 0.4887]","[0.3391, 0.6305]","[0.3611, 0.5024]","[0.3806, 0.4344]","[0.3967, 0.3845]","[0.3704, 0.6532]","[0.3916, 0.5083]","[0.4095, 0.432]","[0.423, 0.3805]","[0.4051, 0.6614]","[0.4212, 0.5236]","[0.4328, 0.4469]","[0.4405, 0.3947]","[0.4381, 0.6575]","[0.445, 0.5468]","[0.4498, 0.4863]","[0.4538, 0.4413]"
"[0.4168, 0.7596]","[0.3808, 0.6983]","[0.3639, 0.6226]","[0.3716, 0.5435]","[0.385, 0.489]","[0.339, 0.6305]","[0.3611, 0.5025]","[0.3806, 0.4339]","[0.3966, 0.384]","[0.3703, 0.6542]","[0.3916, 0.5078]","[0.4097, 0.4313]","[0.4229, 0.3795]","[0.405, 0.6623]","[0.4211, 0.5236]","[0.4326, 0.4467]","[0.4404, 0.3945]","[0.4378, 0.6584]","[0.445, 0.5475]","[0.4495, 0.4865]","[0.4537, 0.4412]"
"[0.4175, 0.7586]","[0.3809, 0.6952]","[0.3647, 0.6205]","[0.3717, 0.5422]","[0.384, 0.4872]","[0.3386, 0.6294]","[0.3609, 0.5019]","[0.3805, 0.4327]","[0.3963, 0.3838]","[0.3705, 0.6534]","[0.3918, 0.5071]","[0.4103, 0.4314]","[0.4235, 0.3805]","[0.4054, 0.6603]","[0.4211, 0.5232]","[0.4325, 0.4469]","[0.4404, 0.3957]","[0.4381, 0.6558]","[0.4453, 0.5464]","[0.4497, 0.4858]","[0.4539, 0.4411]"
"[0.4181, 0.7566]","[0.3806, 0.6917]","[0.365, 0.6181]","[0.372, 0.5423]","[0.3843, 0.4882]","[0.339, 0.6289]","[0.3613, 0.5021]","[0.3806, 0.4323]","[0.3962, 0.3836]","[0.3713, 0.652]","[0.3923, 0.5073]","[0.4104, 0.4318]","[0.4235, 0.3812]","[0.4062, 0.6583]","[0.4219, 0.5236]","[0.4331, 0.4468]","[0.4408, 0.3951]","[0.439, 0.6537]","[0.4463, 0.5461]","[0.4508, 0.4855]","[0.4552, 0.4411]"
"[0.4192, 0.7537]","[0.3812, 0.6825]","[0.3673, 0.6107]","[0.3722, 0.5364]","[0.3832, 0.4791]","[0.3389, 0.6257]","[0.3611, 0.5008]","[0.3799, 0.4302]","[0.3949, 0.3835]","[0.3722, 0.6491]","[0.3921, 0.5056]","[0.4102, 0.4316]","[0.4228, 0.3812]","[0.407, 0.6543]","[0.4218, 0.5231]","[0.4323, 0.4472]","[0.4401, 0.3966]","[0.4395, 0.6488]","[0.446, 0.5459]","[0.4497, 0.4855]","[0.4541, 0.4414]"
"[0.4188, 0.7536]","[0.3812, 0.6814]","[0.3681, 0.6093]","[0.3735, 0.5364]","[0.3846, 0.4808]","[0.3395, 0.6238]","[0.3611, 0.4999]","[0.3802, 0.4291]","[0.3955, 0.3816]","[0.3721, 0.6473]","[0.3921, 0.5046]","[0.4104, 0.4302]","[0.4229, 0.3794]","[0.4068, 0.653]","[0.4217, 0.5219]","[0.4325, 0.4454]","[0.4401, 0.3944]","[0.4395, 0.648]","[0.4464, 0.5441]","[0.4501, 0.4836]","[0.4543, 0.4394]"
"[0.4183, 0.7542]","[0.3814, 0.6818]","[0.3678, 0.609]","[0.3735, 0.5345]","[0.3841, 0.4785]","[0.3393, 0.6238]","[0.3605, 0.5005]","[0.3797, 0.4292]","[0.3957, 0.3807]","[0.3718, 0.6472]","[0.3914, 0.5041]","[0.4099, 0.4292]","[0.4227, 0.3778]","[0.4063, 0.6524]","[0.4211, 0.521]","[0.432, 0.4441]","[0.4397, 0.3924]","[0.4388, 0.647]","[0.4459, 0.5435]","[0.4496, 0.4826]","[0.4536, 0.4377]"
"[0.4157, 0.7593]","[0.3803, 0.6992]","[0.3623, 0.6236]","[0.3688, 0.5437]","[0.3806, 0.4902]","[0.3388, 0.6293]","[0.3602, 0.5005]","[0.3798, 0.4314]","[0.3955, 0.3809]","[0.37, 0.652]","[0.3905, 0.5057]","[0.4088, 0.4281]","[0.4221, 0.3756]","[0.4045, 0.6598]","[0.42, 0.5218]","[0.4312, 0.4436]","[0.4384, 0.3904]","[0.4371, 0.6555]","[0.4436, 0.5438]","[0.4475, 0.4834]","[0.4509, 0.4382]"
"[0.4164, 0.7547]","[0.3797, 0.6928]","[0.3623, 0.6189]","[0.3689, 0.5409]","[0.3801, 0.4857]","[0.3375, 0.6269]","[0.3597, 0.5]","[0.3795, 0.4302]","[0.3953, 0.3799]","[0.3697, 0.6507]","[0.3903, 0.5057]","[0.4088, 0.4283]","[0.4223, 0.3767]","[0.4047, 0.6578]","[0.4199, 0.5232]","[0.431, 0.4454]","[0.4384, 0.3924]","[0.4373, 0.6537]","[0.444, 0.5455]","[0.4479, 0.4852]","[0.4516, 0.4405]"
"[0.4159, 0.7562]","[0.3794, 0.6919]","[0.3633, 0.6173]","[0.3703, 0.5403]","[0.3822, 0.487]","[0.3379, 0.6267]","[0.3595, 0.4997]","[0.3791, 0.4302]","[0.3949, 0.3806]","[0.3697, 0.6505]","[0.3901, 0.5053]","[0.4086, 0.4286]","[0.422, 0.377]","[0.4044, 0.6575]","[0.4195, 0.5222]","[0.4311, 0.4447]","[0.4391, 0.3918]","[0.437, 0.6531]","[0.444, 0.5445]","[0.4483, 0.4844]","[0.4526, 0.4399]"
"[0.4162, 0.7563]","[0.3798, 0.6923]","[0.3636, 0.6175]","[0.3705, 0.5395]","[0.3817, 0.4845]","[0.3376, 0.6261]","[0.3593, 0.4983]","[0.3791, 0.4286]","[0.3953, 0.3791]","[0.3696, 0.6501]","[0.3899, 0.5043]","[0.4086, 0.4281]","[0.4221, 0.3765]","[0.4043, 0.6568]","[0.4196, 0.5213]","[0.4308, 0.4443]","[0.4385, 0.392]","[0.4367, 0.652]","[0.4437, 0.544]","[0.4478, 0.4838]","[0.4518, 0.4391]"
"[0.4148, 0.7556]","[0.3792, 0.6959]","[0.3614, 0.6204]","[0.3684, 0.5403]","[0.3799, 0.4859]","[0.3371, 0.6265]","[0.359, 0.4983]","[0.3788, 0.4294]","[0.3947, 0.3788]","[0.369, 0.6493]","[0.3894, 0.5045]","[0.4077, 0.4276]","[0.4211, 0.3753]","[0.4035, 0.6572]","[0.4191, 0.5215]","[0.4299, 0.444]","[0.4372, 0.3906]","[0.4359, 0.6526]","[0.4422, 0.5433]","[0.446, 0.4833]","[0.4495, 0.4379]"
"[0.4158, 0.7545]","[0.379, 0.689]","[0.3628, 0.615]","[0.3686, 0.5373]","[0.3786, 0.4816]","[0.3363, 0.6235]","[0.3582, 0.4987]","[0.3781, 0.4291]","[0.394, 0.3803]","[0.3688, 0.6464]","[0.3891, 0.5028]","[0.4076, 0.4268]","[0.4205, 0.3754]","[0.4035, 0.6521]","[0.4186, 0.5196]","[0.4294, 0.443]","[0.4368, 0.3907]","[0.4359, 0.647]","[0.4424, 0.5419]","[0.446, 0.4826]","[0.4498, 0.4383]"
