[0.588, 0.7358],[0.8357, 0.5994],[0.9607, 0.395],[0.9714, 0.1935],[1.0, 0.0527],[0.7521, 0.1298],[0.7181, 0.0],[0.6848, 0.0],[0.6534, 0.0],[0.5855, 0.1344],[0.5245, 0.0],[0.473, 0.0],[0.434, 0.0],[0.4453, 0.1793],[0.3862, 0.0],[0.3535, 0.0],[0.3303, 0.0],[0.3265, 0.2536],[0.2869, 0.0669],[0.263, 0.0],[0.2467, 0.0]
[0.5761, 0.7192],[0.8155, 0.5813],[0.9356, 0.3854],[0.9551, 0.1821],[0.9978, 0.0421],[0.7269, 0.1234],[0.6961, 0.0],[0.6628, 0.0],[0.6314, 0.0],[0.5666, 0.1227],[0.5013, 0.0],[0.4503, 0.0],[0.412, 0.0],[0.4309, 0.1655],[0.3649, 0.0],[0.3366, 0.0],[0.3139, 0.0],[0.3221, 0.2384],[0.2706, 0.0563],[0.2486, 0.0],[0.2335, 0.0]
[0.5673, 0.7012],[0.8011, 0.5626],[0.913, 0.3639],[0.9092, 0.1676],[0.9387, 0.0273],[0.7062, 0.1082],[0.6703, 0.0],[0.632, 0.0],[0.5968, 0.0],[0.5484, 0.1104],[0.4818, 0.0],[0.4283, 0.0],[0.3869, 0.0],[0.4164, 0.1542],[0.3473, 0.0],[0.3165, 0.0],[0.2907, 0.0],[0.307, 0.2285],[0.2574, 0.0545],[0.2379, 0.0],[0.2234, 0.0]
[0.5578, 0.6807],[0.7816, 0.5449],[0.8859, 0.3543],[0.8677, 0.1613],[0.8533, 0.0206],[0.6986, 0.0884],[0.6553, 0.0],[0.6131, 0.0],[0.5723, 0.0],[0.5421, 0.0955],[0.4686, 0.0],[0.417, 0.0],[0.3787, 0.0],[0.4089, 0.145],[0.3378, 0.0],[0.3083, 0.0],[0.2869, 0.0],[0.3001, 0.2239],[0.2429, 0.0481],[0.2241, 0.0],[0.2127, 0.0]
[0.571, 0.6588],[0.7841, 0.5152],[0.8727, 0.3275],[0.8451, 0.1355],[0.7709, 0.0358],[0.7093, 0.0739],[0.6628, 0.0],[0.6125, 0.0],[0.5616, 0.0],[0.5597, 0.0778],[0.4811, 0.0],[0.4296, 0.0],[0.3913, 0.0],[0.4265, 0.1227],[0.3567, 0.0],[0.3246, 0.0],[0.3083, 0.0],[0.3077, 0.2019],[0.2479, 0.0527],[0.2316, 0.0],[0.2259, 0.0]
[0.593, 0.6453],[0.7929, 0.5117],[0.8621, 0.3409],[0.8181, 0.2065],[0.7401, 0.1411],[0.7206, 0.0559],[0.6553, 0.0],[0.6069, 0.0],[0.561, 0.0],[0.5767, 0.058],[0.4868, 0.0],[0.4422, 0.0],[0.4101, 0.0],[0.4434, 0.1033],[0.3711, 0.0],[0.3378, 0.0],[0.319, 0.0],[0.324, 0.1903],[0.2668, 0.0768],[0.2517, 0.0276],[0.2442, 0.0]
[0.6043, 0.6453],[0.7917, 0.5138],[0.8457, 0.337],[0.7929, 0.2164],[0.7131, 0.1634],[0.7257, 0.058],[0.6496, 0.0],[0.5955, 0.0],[0.5503, 0.0],[0.5855, 0.0633],[0.4893, 0.0],[0.4447, 0.0],[0.4145, 0.0],[0.4541, 0.1065],[0.3793, 0.0],[0.346, 0.0],[0.3271, 0.0],[0.3385, 0.1906],[0.2813, 0.0814],[0.2674, 0.0407],[0.258, 0.0163]
[0.6226, 0.6407],[0.7992, 0.4894],[0.8319, 0.3186],[0.7891, 0.2048],[0.7181, 0.1425],[0.742, 0.0609],[0.649, 0.0],[0.5893, 0.0],[0.5484, 0.0],[0.6018, 0.0718],[0.4906, 0.0],[0.4459, 0.0],[0.4208, 0.0],[0.4648, 0.1164],[0.3774, 0.0],[0.3473, 0.0],[0.3378, 0.0],[0.3504, 0.1991],[0.2963, 0.0937],[0.2913, 0.0633],[0.2919, 0.0513]
[0.6465, 0.6616],[0.8225, 0.5106],[0.8602, 0.3169],[0.7967, 0.1857],[0.6986, 0.1411],[0.7665, 0.0828],[0.6597, 0.0],[0.5905, 0.0],[0.5465, 0.0],[0.6219, 0.087],[0.5113, 0.0],[0.4591, 0.0],[0.434, 0.0],[0.4837, 0.1379],[0.3975, 0.016],[0.3686, 0.0],[0.3592, 0.0],[0.3661, 0.2193],[0.3152, 0.0976],[0.3114, 0.0584],[0.3146, 0.0393]
[0.6439, 0.6902],[0.8331, 0.5438],[0.8803, 0.3494],[0.8149, 0.2249],[0.7269, 0.1729],[0.7935, 0.1047],[0.6936, 0.0],[0.6219, 0.0],[0.5704, 0.0],[0.6465, 0.1178],[0.5409, 0.0],[0.4874, 0.0],[0.456, 0.0],[0.5044, 0.1648],[0.4334, 0.0266],[0.3957, 0.0],[0.3755, 0.0],[0.3831, 0.243],[0.3347, 0.1242],[0.324, 0.0747],[0.3158, 0.0404]
[0.6546, 0.7517],[0.8639, 0.5976],[0.9205, 0.3968],[0.8564, 0.2628],[0.7709, 0.1984],[0.8363, 0.174],[0.7464, 0.0],[0.6666, 0.0],[0.6043, 0.0],[0.681, 0.1761],[0.583, 0.0],[0.5239, 0.0],[0.4855, 0.0],[0.5289, 0.2143],[0.4623, 0.0269],[0.4227, 0.0],[0.3982, 0.0],[0.3975, 0.2854],[0.3598, 0.1245],[0.3517, 0.0563],[0.3441, 0.0092]
[0.6898, 0.849],[0.9079, 0.652],[0.9557, 0.4105],[0.852, 0.2458],[0.7307, 0.174],[0.8991, 0.2688],[0.803, 0.0237],[0.7206, 0.0],[0.6496, 0.0],[0.7231, 0.2737],[0.6339, 0.0188],[0.5742, 0.0],[0.5308, 0.0],[0.5629, 0.3066],[0.5031, 0.0669],[0.4749, 0.0],[0.4541, 0.0],[0.4302, 0.3653],[0.4045, 0.1606],[0.3969, 0.063],[0.3938, 0.0]
[0.7055, 0.9667],[0.9519, 0.7496],[0.9966, 0.4993],[0.8771, 0.3161],[0.7539, 0.2253],[0.957, 0.4035],[0.8589, 0.0969],[0.7759, 0.0],[0.7043, 0.0],[0.7609, 0.412],[0.6791, 0.0867],[0.6232, 0.0],[0.5811, 0.0],[0.5874, 0.4399],[0.5421, 0.1376],[0.522, 0.0],[0.5069, 0.0],[0.4554, 0.4869],[0.4447, 0.2366],[0.4466, 0.1111],[0.4497, 0.0117]
[0.7319, 1.0],[0.9796, 0.9045],[1.0, 0.6432],[0.9431, 0.4307],[0.83, 0.3091],[1.0, 0.5679],[0.9098, 0.208],[0.83, 0.0439],[0.7609, 0.0],[0.7973, 0.5785],[0.7194, 0.1924],[0.6634, 0.0046],[0.6238, 0.0],[0.615, 0.5965],[0.5761, 0.2447],[0.5597, 0.0637],[0.549, 0.0],[0.478, 0.6262],[0.4723, 0.3444],[0.4742, 0.198],[0.4774, 0.0803]
[0.7332, 1.0],[0.9941, 1.0],[1.0, 0.7556],[0.9746, 0.5325],[0.8564, 0.4052],[1.0, 0.7167],[0.962, 0.3257],[0.8841, 0.133],[0.8149, 0.0],[0.8206, 0.7259],[0.7583, 0.297],[0.7087, 0.0792],[0.6722, 0.0],[0.6263, 0.7309],[0.5993, 0.3374],[0.5893, 0.1291],[0.5823, 0.0],[0.4849, 0.7436],[0.4937, 0.4325],[0.5082, 0.2673],[0.5176, 0.1376]
[0.7546, 1.0],[1.0, 1.0],[1.0, 0.8515],[1.0, 0.6096],[0.9029, 0.4608],[1.0, 0.826],[1.0, 0.4148],[0.9281, 0.2026],[0.8539, 0.0488],[0.8595, 0.843],[0.7979, 0.3865],[0.7433, 0.1457],[0.7037, 0.0],[0.6527, 0.8476],[0.6351, 0.4233],[0.6263, 0.198],[0.6213, 0.0549],[0.4975, 0.8557],[0.5195, 0.5163],[0.5396, 0.3391],[0.5515, 0.2037]
[0.7602, 1.0],[1.0, 1.0],[1.0, 0.9073],[1.0, 0.6492],[0.9155, 0.4837],[1.0, 0.907],[1.0, 0.4834],[0.9626, 0.261],[0.8916, 0.0962],[0.8897, 0.9271],[0.8225, 0.454],[0.7715, 0.1963],[0.742, 0.0294],[0.671, 0.9268],[0.649, 0.4816],[0.6446, 0.2387],[0.6471, 0.081],[0.505, 0.925],[0.5283, 0.5693],[0.5522, 0.3798],[0.5717, 0.2341]
[0.7653, 1.0],[1.0, 1.0],[1.0, 0.9222],[1.0, 0.6584],[0.9331, 0.4837],[1.0, 0.937],[1.0, 0.4986],[0.984, 0.2755],[0.9174, 0.115],[0.9155, 0.9603],[0.8445, 0.4692],[0.791, 0.2104],[0.759, 0.0488],[0.6923, 0.9565],[0.6722, 0.4968],[0.6641, 0.2493],[0.6653, 0.0881],[0.5145, 0.9512],[0.5421, 0.5891],[0.5673, 0.4006],[0.5849, 0.2564]
[0.7766, 1.0],[1.0, 1.0],[1.0, 0.9169],[1.0, 0.6612],[0.9161, 0.4844],[1.0, 0.9232],[1.0, 0.4933],[0.9997, 0.2631],[0.9299, 0.0945],[0.9155, 0.9515],[0.8595, 0.476],[0.8111, 0.2118],[0.7753, 0.0453],[0.6936, 0.9473],[0.6886, 0.5],[0.6823, 0.2468],[0.6798, 0.0846],[0.5132, 0.9434],[0.5528, 0.581],[0.5773, 0.389],[0.5924, 0.2483]
[0.7722, 1.0],[1.0, 1.0],[1.0, 0.856],[1.0, 0.6354],[0.9362, 0.4445],[1.0, 0.849],[1.0, 0.4668],[1.0, 0.2366],[0.935, 0.0665],[0.9155, 0.878],[0.8671, 0.4477],[0.8294, 0.1881],[0.7879, 0.0329],[0.7005, 0.8734],[0.6999, 0.4745],[0.6955, 0.2302],[0.6936, 0.0824],[0.5251, 0.8698],[0.5547, 0.5467],[0.5742, 0.3572],[0.5924, 0.2299]
[0.7917, 1.0],[1.0, 1.0],[1.0, 0.8256],[1.0, 0.5792],[0.9513, 0.4141],[1.0, 0.8111],[1.0, 0.4028],[0.9915, 0.1832],[0.9193, 0.0276],[0.9174, 0.8405],[0.8614, 0.39],[0.8149, 0.1404],[0.7766, 0.0],[0.7081, 0.8483],[0.6967, 0.4275],[0.6861, 0.1878],[0.6798, 0.0397],[0.5346, 0.8649],[0.5641, 0.5141],[0.5855, 0.3303],[0.6006, 0.1988]
[0.7873, 1.0],[1.0, 1.0],[1.0, 0.7542],[1.0, 0.5095],[0.9463, 0.354],[1.0, 0.727],[1.0, 0.3391],[0.9783, 0.1376],[0.9067, 0.0],[0.9174, 0.7479],[0.857, 0.3137],[0.8105, 0.0838],[0.7703, 0.0],[0.715, 0.756],[0.7018, 0.3533],[0.6892, 0.1323],[0.6785, 0.0],[0.5459, 0.7786],[0.5666, 0.4431],[0.5805, 0.2698],[0.588, 0.1401]
[0.7873, 1.0],[1.0, 0.919],[1.0, 0.6598],[1.0, 0.4282],[0.8966, 0.291],[1.0, 0.6011],[1.0, 0.2302],[0.9318, 0.057],[0.8589, 0.0],[0.9004, 0.6248],[0.8287, 0.2175],[0.7747, 0.0223],[0.7282, 0.0],[0.7062, 0.639],[0.6817, 0.2631],[0.6571, 0.0725],[0.6333, 0.0],[0.5409, 0.6701],[0.5503, 0.3557],[0.5534, 0.2065],[0.5515, 0.0927]
[0.7703, 1.0],[1.0, 0.8292],[1.0, 0.5718],[0.9438, 0.3487],[0.8206, 0.2278],[1.0, 0.4947],[0.9519, 0.1386],[0.8633, 0.0],[0.7898, 0.0],[0.8614, 0.5095],[0.7659, 0.1309],[0.703, 0.0],[0.6565, 0.0],[0.671, 0.5216],[0.6188, 0.1708],[0.5911, 0.0181],[0.5654, 0.0],[0.5182, 0.5477],[0.5145, 0.2635],[0.5195, 0.1372],[0.5214, 0.0418]
[0.7521, 0.9876],[0.9746, 0.7362],[1.0, 0.4721],[0.8878, 0.2833],[0.7577, 0.1949],[1.0, 0.3706],[0.901, 0.0612],[0.808, 0.0],[0.7319, 0.0],[0.8287, 0.3734],[0.7238, 0.0616],[0.659, 0.0],[0.6119, 0.0],[0.6502, 0.3943],[0.5855, 0.1121],[0.5515, 0.0],[0.5251, 0.0],[0.505, 0.4371],[0.4818, 0.2168],[0.4742, 0.1058],[0.4686, 0.0124]
[0.7596, 0.9246],[0.9557, 0.6641],[0.9677, 0.4233],[0.8702, 0.2536],[0.742, 0.1814],[0.9865, 0.2815],[0.8595, 0.0089],[0.7684, 0.0],[0.6942, 0.0],[0.8093, 0.2794],[0.6993, 0.0043],[0.6345, 0.0],[0.5899, 0.0],[0.6408, 0.3091],[0.5754, 0.0545],[0.5383, 0.0],[0.5069, 0.0],[0.4987, 0.372],[0.4711, 0.1609],[0.4604, 0.0609],[0.4497, 0.0]
[0.7363, 0.8263],[0.9061, 0.5873],[0.9098, 0.3625],[0.8401, 0.2016],[0.7357, 0.1245],[0.9243, 0.1655],[0.7829, 0.0],[0.6961, 0.0],[0.6326, 0.0],[0.7709, 0.1775],[0.6351, 0.0],[0.5698, 0.0],[0.5339, 0.0],[0.6201, 0.2147],[0.5314, 0.017],[0.4931, 0.0],[0.4629, 0.0],[0.478, 0.2772],[0.4296, 0.1174],[0.4158, 0.0411],[0.4032, 0.0]
[0.725, 0.7722],[0.9029, 0.5569],[0.9255, 0.3458],[0.8602, 0.1906],[0.7577, 0.1337],[0.9029, 0.1344],[0.7659, 0.0],[0.6785, 0.0],[0.6213, 0.0],[0.7508, 0.1344],[0.6188, 0.0],[0.5478, 0.0],[0.5113, 0.0],[0.6018, 0.1765],[0.5082, 0.0089],[0.4617, 0.0],[0.429, 0.0],[0.4661, 0.2483],[0.4095, 0.1015],[0.3919, 0.0329],[0.3781, 0.0]
[0.7131, 0.7358],[0.8652, 0.5081],[0.8677, 0.3038],[0.8023, 0.1609],[0.7005, 0.0998],[0.8866, 0.1118],[0.7389, 0.0],[0.6446, 0.0],[0.5767, 0.0],[0.7389, 0.127],[0.5893, 0.0],[0.5145, 0.0],[0.4761, 0.0],[0.5911, 0.1683],[0.4805, 0.0287],[0.4365, 0.0],[0.4076, 0.0],[0.4585, 0.2288],[0.3925, 0.1104],[0.3762, 0.0605],[0.3655, 0.0248]
[0.7175, 0.7061],[0.8759, 0.494],[0.8822, 0.2928],[0.8011, 0.1539],[0.6917, 0.1143],[0.874, 0.1044],[0.7213, 0.0],[0.6194, 0.0],[0.549, 0.0],[0.7282, 0.1125],[0.5754, 0.0],[0.4956, 0.0],[0.4535, 0.0],[0.5842, 0.1606],[0.4617, 0.0368],[0.4063, 0.0008],[0.3762, 0.0],[0.4566, 0.2341],[0.3793, 0.1263],[0.3605, 0.0906],[0.3517, 0.064]
[0.7238, 0.6934],[0.8683, 0.4738],[0.8602, 0.2688],[0.7728, 0.1362],[0.6578, 0.099],[0.8646, 0.1005],[0.7011, 0.0],[0.5981, 0.0],[0.5264, 0.0],[0.7194, 0.1068],[0.5641, 0.0],[0.4799, 0.0],[0.4346, 0.0],[0.5773, 0.1549],[0.4478, 0.0435],[0.3938, 0.0198],[0.3661, 0.0075],[0.4491, 0.2285],[0.3649, 0.1242],[0.341, 0.098],[0.3303, 0.0821]
[0.7131, 0.6863],[0.8507, 0.4848],[0.8495, 0.2893],[0.7772, 0.1549],[0.6798, 0.1051],[0.8639, 0.0994],[0.698, 0.0],[0.5974, 0.0],[0.527, 0.0],[0.7225, 0.1132],[0.5641, 0.0],[0.4862, 0.0],[0.4409, 0.0],[0.5805, 0.1588],[0.4535, 0.051],[0.4019, 0.0255],[0.3705, 0.0082],[0.4516, 0.227],[0.3699, 0.1312],[0.3498, 0.1044],[0.3391, 0.0824]
[0.72, 0.6824],[0.8658, 0.482],[0.8665, 0.2882],[0.7885, 0.1599],[0.6873, 0.1196],[0.8709, 0.1104],[0.7099, 0.0],[0.61, 0.0],[0.5409, 0.0],[0.7269, 0.1227],[0.5754, 0.0],[0.495, 0.0],[0.4472, 0.0],[0.5849, 0.1694],[0.4648, 0.0506],[0.4082, 0.016],[0.3737, 0.0],[0.456, 0.2415],[0.3749, 0.1309],[0.3504, 0.0952],[0.3385, 0.0676]
[0.7206, 0.6888],[0.8797, 0.483],[0.8778, 0.2868],[0.7904, 0.1595],[0.6817, 0.1234],[0.8834, 0.1273],[0.7244, 0.0],[0.6207, 0.0],[0.5497, 0.0],[0.7357, 0.1379],[0.5855, 0.0],[0.5025, 0.0],[0.4554, 0.0],[0.5911, 0.1836],[0.4723, 0.057],[0.4158, 0.0153],[0.3818, 0.0],[0.4579, 0.2553],[0.3812, 0.1362],[0.3567, 0.0941],[0.346, 0.0658]
[0.7319, 0.7143],[0.8991, 0.5085],[0.8991, 0.3052],[0.8074, 0.1761],[0.6949, 0.1337],[0.8903, 0.1563],[0.7395, 0.0],[0.6389, 0.0],[0.5704, 0.0],[0.7401, 0.1655],[0.6025, 0.0075],[0.5195, 0.0],[0.4723, 0.0],[0.5943, 0.2097],[0.4849, 0.0669],[0.4265, 0.011],[0.3887, 0.0],[0.4573, 0.2833],[0.3919, 0.1482],[0.3642, 0.0973],[0.3498, 0.0633]
[0.7382, 0.7687],[0.9086, 0.5534],[0.9123, 0.3363],[0.8137, 0.1995],[0.6967, 0.1496],[0.9079, 0.1892],[0.7539, 0.0043],[0.654, 0.0],[0.5842, 0.0],[0.7521, 0.2023],[0.6131, 0.0184],[0.5302, 0.0],[0.4811, 0.0],[0.6012, 0.2444],[0.4969, 0.0796],[0.4365, 0.0145],[0.3957, 0.0],[0.461, 0.3176],[0.4013, 0.168],[0.3743, 0.1089],[0.3573, 0.069]
[0.7345, 0.8157],[0.923, 0.5863],[0.9299, 0.3667],[0.8243, 0.2242],[0.7018, 0.1705],[0.9237, 0.2384],[0.7835, 0.0234],[0.6835, 0.0],[0.6087, 0.0],[0.7577, 0.2468],[0.6232, 0.0319],[0.5427, 0.0],[0.4937, 0.0],[0.5999, 0.2872],[0.4987, 0.0927],[0.4428, 0.0117],[0.4051, 0.0],[0.4585, 0.3596],[0.3994, 0.1885],[0.3718, 0.1167],[0.3548, 0.0655]
[0.7414, 0.8872],[0.9274, 0.6439],[0.9425, 0.4081],[0.8237, 0.2567],[0.6898, 0.1963],[0.9469, 0.2992],[0.7986, 0.0411],[0.6898, 0.0],[0.6087, 0.0],[0.7671, 0.3091],[0.6307, 0.0464],[0.5484, 0.0],[0.4987, 0.0],[0.5968, 0.3455],[0.4994, 0.1086],[0.4491, 0.0138],[0.4183, 0.0],[0.4497, 0.413],[0.4001, 0.2125],[0.3762, 0.1298],[0.363, 0.0693]
[0.7539, 0.9649],[0.9482, 0.7054],[0.9614, 0.4569],[0.8313, 0.2914],[0.6905, 0.2256],[0.9658, 0.3639],[0.8212, 0.0775],[0.7162, 0.0],[0.6358, 0.0],[0.7785, 0.378],[0.6395, 0.0842],[0.5572, 0.0],[0.5031, 0.0],[0.6025, 0.4166],[0.505, 0.1489],[0.4591, 0.0298],[0.4302, 0.0],[0.4566, 0.4809],[0.4082, 0.2536],[0.3862, 0.1517],[0.3749, 0.0701]
[0.7678, 1.0],[0.9721, 0.7829],[0.9884, 0.5209],[0.8501, 0.3437],[0.7099, 0.2578],[1.0, 0.448],[0.8658, 0.1326],[0.7627, 0.0025],[0.6798, 0.0],[0.8099, 0.4731],[0.6766, 0.1341],[0.5974, 0.0],[0.5421, 0.0],[0.6276, 0.5117],[0.5383, 0.1913],[0.4994, 0.0421],[0.4736, 0.0],[0.483, 0.5601],[0.4415, 0.2974],[0.4302, 0.1691],[0.4239, 0.0648]
[0.7992, 1.0],[1.0, 0.8811],[1.0, 0.6039],[0.901, 0.4035],[0.7602, 0.3013],[1.0, 0.5414],[0.9237, 0.1903],[0.8143, 0.0358],[0.7282, 0.0],[0.8665, 0.5721],[0.7351, 0.192],[0.654, 0.0131],[0.5955, 0.0],[0.6735, 0.605],[0.5842, 0.2479],[0.5421, 0.0725],[0.5126, 0.0],[0.5157, 0.6428],[0.4761, 0.3536],[0.4661, 0.2087],[0.4585, 0.0867]
[0.8319, 1.0],[1.0, 0.9823],[1.0, 0.7111],[0.9771, 0.4922],[0.847, 0.3508],[1.0, 0.6679],[0.9922, 0.2787],[0.891, 0.0906],[0.8042, 0.0],[0.9312, 0.7171],[0.8061, 0.2794],[0.7257, 0.0658],[0.6722, 0.0],[0.7219, 0.7443],[0.6471, 0.337],[0.6062, 0.1238],[0.5817, 0.0],[0.5509, 0.7712],[0.5245, 0.4413],[0.5195, 0.2673],[0.5201, 0.128]
[0.8394, 1.0],[1.0, 1.0],[1.0, 0.7839],[1.0, 0.5357],[0.8784, 0.3858],[1.0, 0.7436],[1.0, 0.3225],[0.923, 0.1259],[0.8382, 0.0],[0.9494, 0.7878],[0.8225, 0.3232],[0.742, 0.0962],[0.6873, 0.0],[0.7326, 0.8136],[0.6615, 0.3801],[0.6226, 0.163],[0.5993, 0.0227],[0.5578, 0.8416],[0.539, 0.4922],[0.5365, 0.3172],[0.5358, 0.1779]
[0.8432, 1.0],[1.0, 1.0],[1.0, 0.8416],[1.0, 0.5834],[0.8872, 0.4243],[1.0, 0.8136],[1.0, 0.3678],[0.9419, 0.1652],[0.8621, 0.0248],[0.9607, 0.8575],[0.8357, 0.366],[0.7583, 0.1298],[0.7118, 0.0],[0.7395, 0.8797],[0.6716, 0.4222],[0.6358, 0.1931],[0.6169, 0.0414],[0.5603, 0.8995],[0.5427, 0.5357],[0.5409, 0.3547],[0.5409, 0.2111]
[0.8369, 1.0],[1.0, 1.0],[1.0, 0.8677],[1.0, 0.6174],[0.8985, 0.4487],[1.0, 0.8331],[1.0, 0.3918],[0.9488, 0.1874],[0.8658, 0.0442],[0.9645, 0.8829],[0.8438, 0.3982],[0.7671, 0.157],[0.715, 0.0004],[0.7426, 0.9077],[0.6867, 0.4551],[0.6477, 0.2189],[0.6213, 0.0587],[0.5578, 0.9307],[0.5434, 0.5668],[0.5371, 0.3773],[0.5308, 0.226]
[0.8269, 1.0],[1.0, 1.0],[1.0, 0.85],[1.0, 0.6209],[0.8991, 0.4417],[1.0, 0.826],[1.0, 0.4038],[0.9488, 0.1959],[0.8589, 0.0495],[0.962, 0.8787],[0.8445, 0.4113],[0.7709, 0.1754],[0.7143, 0.0177],[0.7389, 0.8999],[0.6911, 0.471],[0.6571, 0.2355],[0.6282, 0.0764],[0.5471, 0.9154],[0.5465, 0.5774],[0.5421, 0.3869],[0.5365, 0.2384]
[0.825, 1.0],[1.0, 1.0],[1.0, 0.884],[1.0, 0.6319],[0.8979, 0.4572],[1.0, 0.8624],[1.0, 0.418],[0.9501, 0.2037],[0.8621, 0.0517],[0.9595, 0.9087],[0.847, 0.4254],[0.7703, 0.1775],[0.7169, 0.0174],[0.7332, 0.9253],[0.6861, 0.4767],[0.6502, 0.2359],[0.6257, 0.0771],[0.5434, 0.9398],[0.5434, 0.5785],[0.5402, 0.3883],[0.5352, 0.2415]
[0.8256, 1.0],[1.0, 1.0],[1.0, 0.878],[1.0, 0.6404],[0.9023, 0.4664],[1.0, 0.8532],[1.0, 0.4212],[0.9526, 0.2058],[0.8627, 0.0524],[0.9551, 0.9009],[0.8463, 0.4289],[0.7741, 0.1821],[0.7181, 0.0181],[0.7338, 0.9165],[0.6886, 0.4809],[0.6546, 0.2401],[0.6289, 0.0817],[0.544, 0.9314],[0.5446, 0.5813],[0.5427, 0.39],[0.5396, 0.2451]
[0.8256, 1.0],[1.0, 1.0],[1.0, 0.8896],[1.0, 0.6283],[0.8847, 0.4643],[1.0, 0.8751],[1.0, 0.4226],[0.9526, 0.2055],[0.8652, 0.052],[0.957, 0.9176],[0.8507, 0.4296],[0.7734, 0.1751],[0.7187, 0.0107],[0.7332, 0.9345],[0.6861, 0.4752],[0.6515, 0.2313],[0.6282, 0.0693],[0.5421, 0.9519],[0.544, 0.5764],[0.5434, 0.3837],[0.539, 0.2355]
[0.8269, 1.0],[1.0, 1.0],[1.0, 0.8971],[1.0, 0.6319],[0.8935, 0.476],[1.0, 0.8727],[1.0, 0.4176],[0.9513, 0.2026],[0.8658, 0.0517],[0.9513, 0.9105],[0.8482, 0.4215],[0.7709, 0.1683],[0.7156, 0.0068],[0.7313, 0.9289],[0.6854, 0.4664],[0.649, 0.2274],[0.6238, 0.0704],[0.5434, 0.9497],[0.544, 0.5686],[0.5434, 0.3773],[0.5383, 0.2306]
[0.8262, 1.0],[1.0, 1.0],[1.0, 0.8914],[1.0, 0.6308],[0.8853, 0.4738],[1.0, 0.8712],[1.0, 0.4194],[0.9532, 0.2044],[0.8677, 0.052],[0.9545, 0.9119],[0.8507, 0.425],[0.7741, 0.1715],[0.72, 0.0092],[0.7332, 0.9292],[0.6861, 0.4671],[0.6521, 0.2246],[0.6301, 0.0648],[0.544, 0.948],[0.5409, 0.57],[0.5415, 0.378],[0.539, 0.2295]
[0.8262, 1.0],[1.0, 1.0],[1.0, 0.8974],[1.0, 0.6319],[0.8866, 0.4728],[1.0, 0.873],[1.0, 0.4148],[0.9513, 0.1991],[0.8671, 0.0485],[0.9519, 0.9094],[0.8482, 0.4173],[0.7715, 0.1652],[0.7194, 0.0054],[0.7288, 0.9282],[0.6842, 0.4618],[0.649, 0.2235],[0.6276, 0.0665],[0.539, 0.9501],[0.5421, 0.5675],[0.5415, 0.378],[0.5365, 0.232]
[0.8181, 1.0],[1.0, 1.0],[1.0, 0.8914],[1.0, 0.6298],[0.8809, 0.4728],[1.0, 0.8741],[1.0, 0.412],[0.9444, 0.197],[0.8633, 0.046],[0.9475, 0.9119],[0.8445, 0.4148],[0.7684, 0.1638],[0.7169, 0.0036],[0.725, 0.9285],[0.6817, 0.4597],[0.6477, 0.2207],[0.6276, 0.064],[0.5358, 0.9459],[0.5352, 0.564],[0.5333, 0.3727],[0.5277, 0.2256]
[0.8162, 1.0],[1.0, 1.0],[1.0, 0.8836],[1.0, 0.6202],[0.8859, 0.4579],[1.0, 0.8656],[1.0, 0.407],[0.9387, 0.1924],[0.8545, 0.0421],[0.9419, 0.9052],[0.8357, 0.4116],[0.7596, 0.1616],[0.7074, 0.0029],[0.72, 0.9215],[0.6747, 0.4544],[0.6395, 0.2182],[0.6169, 0.0648],[0.5314, 0.9398],[0.5352, 0.5612],[0.5346, 0.372],[0.5283, 0.2267]
[0.8143, 1.0],[1.0, 1.0],[1.0, 0.8829],[1.0, 0.6213],[0.8671, 0.4646],[1.0, 0.8631],[1.0, 0.4084],[0.9387, 0.1942],[0.8526, 0.0432],[0.9469, 0.902],[0.8375, 0.4113],[0.7602, 0.1599],[0.7074, 0.0],[0.7238, 0.919],[0.6747, 0.4516],[0.6408, 0.2147],[0.6194, 0.058],[0.5339, 0.936],[0.5327, 0.5562],[0.5321, 0.3653],[0.5283, 0.2182]
[0.8143, 1.0],[1.0, 1.0],[1.0, 0.8638],[1.0, 0.6163],[0.8771, 0.4516],[1.0, 0.8387],[1.0, 0.3996],[0.94, 0.1878],[0.8514, 0.0397],[0.94, 0.8843],[0.8363, 0.4091],[0.7621, 0.1623],[0.7043, 0.0015],[0.7175, 0.902],[0.6779, 0.4576],[0.6433, 0.22],[0.6157, 0.0648],[0.5283, 0.9211],[0.5358, 0.5612],[0.5371, 0.3717],[0.5314, 0.2263]
[0.813, 1.0],[1.0, 1.0],[1.0, 0.8667],[1.0, 0.617],[0.8809, 0.4494],[1.0, 0.8426],[1.0, 0.3985],[0.94, 0.1871],[0.8507, 0.0372],[0.9438, 0.8833],[0.8369, 0.4042],[0.7621, 0.156],[0.7093, 0.0],[0.7194, 0.9006],[0.6754, 0.4523],[0.6439, 0.2122],[0.6226, 0.0524],[0.5283, 0.9215],[0.5321, 0.5562],[0.5321, 0.3671],[0.5289, 0.2217]
[0.8155, 1.0],[1.0, 1.0],[1.0, 0.8709],[1.0, 0.6216],[0.8765, 0.4593],[1.0, 0.8362],[1.0, 0.3985],[0.9387, 0.1878],[0.8489, 0.0389],[0.9419, 0.8766],[0.8375, 0.4024],[0.764, 0.1577],[0.7093, 0.0],[0.7206, 0.8953],[0.6773, 0.4484],[0.6439, 0.2115],[0.6188, 0.0563],[0.5302, 0.919],[0.5339, 0.5537],[0.5339, 0.3649],[0.5302, 0.2207]
[0.8105, 1.0],[1.0, 1.0],[1.0, 0.8624],[1.0, 0.6177],[0.8759, 0.4526],[1.0, 0.838],[1.0, 0.3992],[0.9362, 0.1899],[0.847, 0.0421],[0.9431, 0.8794],[0.8338, 0.401],[0.7615, 0.1599],[0.7081, 0.0022],[0.72, 0.8971],[0.6747, 0.4494],[0.6439, 0.2179],[0.6207, 0.0644],[0.5295, 0.9176],[0.5314, 0.5594],[0.5321, 0.3713],[0.5302, 0.2239]
[0.813, 1.0],[1.0, 1.0],[1.0, 0.8649],[1.0, 0.6216],[0.8753, 0.4593],[1.0, 0.8362],[1.0, 0.3999],[0.9375, 0.1892],[0.8495, 0.0421],[0.9369, 0.8773],[0.835, 0.4006],[0.7653, 0.1602],[0.715, 0.0039],[0.7143, 0.8935],[0.676, 0.4463],[0.6471, 0.2125],[0.6263, 0.0587],[0.5239, 0.9147],[0.5302, 0.5552],[0.5321, 0.3678],[0.5308, 0.2221]
[0.808, 1.0],[1.0, 1.0],[1.0, 0.8695],[1.0, 0.6131],[0.8652, 0.46],[1.0, 0.8493],[1.0, 0.4038],[0.9362, 0.192],[0.852, 0.0404],[0.9356, 0.8872],[0.83, 0.4017],[0.7552, 0.1549],[0.7024, 0.0],[0.7137, 0.9055],[0.6716, 0.4417],[0.6395, 0.2118],[0.6169, 0.0612],[0.5258, 0.9275],[0.5283, 0.5562],[0.5321, 0.3681],[0.5283, 0.22]
[0.808, 1.0],[1.0, 1.0],[1.0, 0.8663],[1.0, 0.6075],[0.8652, 0.4512],[1.0, 0.8507],[1.0, 0.4021],[0.9375, 0.1889],[0.852, 0.0397],[0.9318, 0.8875],[0.8313, 0.4014],[0.7565, 0.1535],[0.703, 0.0],[0.7106, 0.9052],[0.6697, 0.4427],[0.6351, 0.2101],[0.6113, 0.058],[0.5245, 0.9261],[0.5295, 0.553],[0.5327, 0.3671],[0.5295, 0.2214]
[0.8093, 1.0],[1.0, 1.0],[1.0, 0.8553],[1.0, 0.6015],[0.8797, 0.4353],[1.0, 0.8387],[1.0, 0.4014],[0.9387, 0.1881],[0.8539, 0.0372],[0.9356, 0.8811],[0.8306, 0.4049],[0.7596, 0.1581],[0.7099, 0.0],[0.7131, 0.8992],[0.6729, 0.4494],[0.6439, 0.2129],[0.6245, 0.0556],[0.5251, 0.9208],[0.5327, 0.559],[0.5365, 0.3685],[0.5352, 0.22]
[0.8187, 1.0],[1.0, 1.0],[1.0, 0.855],[1.0, 0.5983],[0.8878, 0.4353],[1.0, 0.8362],[1.0, 0.4028],[0.9501, 0.1899],[0.8671, 0.0375],[0.9444, 0.8783],[0.8357, 0.4021],[0.7653, 0.1535],[0.7162, 0.0],[0.7231, 0.8971],[0.6766, 0.4452],[0.6471, 0.2108],[0.627, 0.057],[0.5377, 0.9208],[0.5396, 0.5523],[0.5421, 0.3656],[0.5377, 0.2217]
[0.8269, 1.0],[1.0, 1.0],[1.0, 0.8405],[1.0, 0.5965],[0.9035, 0.4275],[1.0, 0.8225],[1.0, 0.3975],[0.957, 0.1832],[0.8715, 0.0315],[0.9532, 0.8663],[0.8457, 0.3996],[0.7753, 0.1542],[0.7219, 0.0],[0.7326, 0.8819],[0.6873, 0.4424],[0.6571, 0.2051],[0.6345, 0.0517],[0.5446, 0.9017],[0.5478, 0.5445],[0.5484, 0.355],[0.5459, 0.2125]
[0.8306, 1.0],[1.0, 1.0],[1.0, 0.8628],[1.0, 0.6018],[0.8929, 0.4417],[1.0, 0.8472],[1.0, 0.4006],[0.957, 0.1864],[0.8753, 0.0333],[0.9582, 0.885],[0.8507, 0.4052],[0.7759, 0.1553],[0.7263, 0.0],[0.7345, 0.9002],[0.6879, 0.4466],[0.6553, 0.2087],[0.6364, 0.0517],[0.5465, 0.9183],[0.5503, 0.5456],[0.5522, 0.36],[0.5497, 0.2164]
[0.8357, 1.0],[1.0, 1.0],[1.0, 0.8744],[1.0, 0.6192],[0.8947, 0.4547],[1.0, 0.8479],[1.0, 0.406],[0.962, 0.1938],[0.8734, 0.0418],[0.9651, 0.8861],[0.857, 0.4091],[0.7829, 0.1623],[0.7313, 0.0029],[0.7401, 0.8995],[0.6955, 0.4484],[0.6641, 0.2115],[0.6439, 0.057],[0.5497, 0.9165],[0.5541, 0.5467],[0.5553, 0.3607],[0.5522, 0.22]
[0.8306, 1.0],[1.0, 1.0],[1.0, 0.878],[1.0, 0.6227],[0.9004, 0.4632],[1.0, 0.85],[1.0, 0.406],[0.9614, 0.1963],[0.8765, 0.0474],[0.9651, 0.8903],[0.8558, 0.407],[0.7816, 0.1609],[0.7313, 0.0029],[0.7433, 0.9091],[0.6936, 0.448],[0.6615, 0.2129],[0.6414, 0.0591],[0.5534, 0.9317],[0.5534, 0.5552],[0.5541, 0.3674],[0.5509, 0.2246]
[0.8338, 1.0],[1.0, 1.0],[1.0, 0.8716],[1.0, 0.6149],[0.8935, 0.4533],[1.0, 0.8472],[1.0, 0.4028],[0.9626, 0.192],[0.8765, 0.0442],[0.962, 0.8872],[0.8564, 0.4056],[0.7816, 0.1588],[0.7288, 0.0018],[0.7382, 0.9038],[0.6911, 0.4498],[0.6559, 0.2164],[0.6314, 0.0644],[0.5497, 0.9239],[0.5566, 0.5534],[0.5578, 0.3688],[0.5534, 0.227]
[0.8363, 1.0],[1.0, 1.0],[1.0, 0.8698],[1.0, 0.6096],[0.8985, 0.4537],[1.0, 0.8476],[1.0, 0.4042],[0.9658, 0.1938],[0.8809, 0.0453],[0.9645, 0.8847],[0.8558, 0.4003],[0.7822, 0.1535],[0.7313, 0.0],[0.7445, 0.9031],[0.6923, 0.4395],[0.6628, 0.2076],[0.6439, 0.0573],[0.5578, 0.9261],[0.5547, 0.5477],[0.5572, 0.36],[0.5547, 0.2171]
[0.8325, 1.0],[1.0, 1.0],[1.0, 0.8642],[1.0, 0.6071],[0.9004, 0.4463],[1.0, 0.8426],[1.0, 0.4021],[0.9677, 0.192],[0.8841, 0.0453],[0.9607, 0.8822],[0.8577, 0.4003],[0.7866, 0.1528],[0.7363, 0.0],[0.7401, 0.8988],[0.6942, 0.4413],[0.6653, 0.2076],[0.6465, 0.0566],[0.5522, 0.9208],[0.5553, 0.547],[0.5585, 0.3614],[0.5559, 0.2203]
[0.8388, 1.0],[1.0, 1.0],[1.0, 0.8585],[1.0, 0.6001],[0.9048, 0.4399],[1.0, 0.8384],[1.0, 0.3989],[0.9677, 0.1899],[0.8828, 0.045],[0.9658, 0.8794],[0.8595, 0.3989],[0.786, 0.1546],[0.7351, 0.0001],[0.7451, 0.8967],[0.6986, 0.4427],[0.6672, 0.2104],[0.6471, 0.0598],[0.5578, 0.9179],[0.5597, 0.547],[0.5616, 0.3625],[0.5578, 0.2221]
[0.8382, 1.0],[1.0, 1.0],[1.0, 0.8691],[1.0, 0.6018],[0.9111, 0.4392],[1.0, 0.8515],[1.0, 0.4014],[0.9664, 0.1924],[0.8803, 0.0485],[0.9664, 0.8907],[0.8671, 0.4042],[0.7885, 0.1584],[0.7345, 0.0036],[0.7458, 0.9098],[0.7018, 0.4516],[0.6647, 0.2168],[0.6408, 0.063],[0.5566, 0.9303],[0.5622, 0.5566],[0.5641, 0.3688],[0.5603, 0.2239]
[0.8375, 1.0],[1.0, 1.0],[1.0, 0.8667],[1.0, 0.6096],[0.9105, 0.448],[1.0, 0.843],[1.0, 0.4003],[0.9658, 0.1917],[0.8803, 0.0474],[0.9664, 0.8833],[0.8633, 0.4045],[0.7885, 0.1606],[0.7345, 0.0068],[0.7464, 0.9006],[0.7018, 0.4516],[0.6666, 0.2175],[0.6421, 0.0648],[0.5578, 0.9225],[0.5616, 0.5552],[0.5629, 0.3681],[0.5597, 0.2253]
[0.835, 1.0],[1.0, 1.0],[1.0, 0.8525],[1.0, 0.6039],[0.9054, 0.4371],[1.0, 0.8331],[1.0, 0.3985],[0.9658, 0.1935],[0.8797, 0.0513],[0.9664, 0.8766],[0.8595, 0.4038],[0.7873, 0.1638],[0.7326, 0.011],[0.7445, 0.8925],[0.6993, 0.4498],[0.6666, 0.2171],[0.6414, 0.0662],[0.5553, 0.9091],[0.5585, 0.5509],[0.561, 0.3671],[0.5566, 0.2274]
[0.8413, 1.0],[1.0, 1.0],[1.0, 0.8642],[1.0, 0.6054],[0.9017, 0.442],[1.0, 0.8419],[1.0, 0.3996],[0.9614, 0.1917],[0.8765, 0.0485],[0.9651, 0.8854],[0.8583, 0.4052],[0.7829, 0.1638],[0.7313, 0.0096],[0.7439, 0.9045],[0.6936, 0.4537],[0.6584, 0.2214],[0.6364, 0.0686],[0.5553, 0.9257],[0.5566, 0.5566],[0.5566, 0.3731],[0.5515, 0.2331]
[0.8369, 1.0],[1.0, 1.0],[1.0, 0.861],[1.0, 0.6078],[0.9105, 0.4399],[1.0, 0.8384],[1.0, 0.4006],[0.9626, 0.1903],[0.8759, 0.0453],[0.9658, 0.8822],[0.8602, 0.4042],[0.7854, 0.1609],[0.7357, 0.0061],[0.7433, 0.9002],[0.698, 0.4519],[0.6647, 0.2168],[0.6439, 0.0633],[0.5522, 0.9225],[0.5572, 0.558],[0.5578, 0.3709],[0.5547, 0.2288]
[0.8369, 1.0],[1.0, 1.0],[1.0, 0.8532],[1.0, 0.6117],[0.9092, 0.4427],[1.0, 0.8207],[1.0, 0.3971],[0.9633, 0.1885],[0.8727, 0.0442],[0.9651, 0.8681],[0.8583, 0.4045],[0.786, 0.1645],[0.7307, 0.0082],[0.7445, 0.8875],[0.6986, 0.4547],[0.6653, 0.2203],[0.6395, 0.0672],[0.5534, 0.9098],[0.5585, 0.5573],[0.5578, 0.3706],[0.5547, 0.2313]
[0.8306, 1.0],[1.0, 1.0],[1.0, 0.8288],[1.0, 0.6022],[0.9123, 0.4219],[1.0, 0.8048],[1.0, 0.3957],[0.9658, 0.1903],[0.874, 0.0467],[0.9683, 0.8536],[0.8589, 0.4049],[0.791, 0.1673],[0.7376, 0.0142],[0.7464, 0.8698],[0.7024, 0.4562],[0.6735, 0.2207],[0.6527, 0.0693],[0.5541, 0.8822],[0.5591, 0.5516],[0.5591, 0.366],[0.5597, 0.2295]
[0.8338, 1.0],[1.0, 1.0],[1.0, 0.8083],[1.0, 0.5856],[0.913, 0.3989],[1.0, 0.7906],[1.0, 0.3932],[0.9677, 0.1867],[0.8765, 0.0457],[0.9702, 0.8419],[0.8589, 0.4031],[0.7891, 0.1701],[0.7332, 0.0174],[0.7502, 0.8592],[0.6993, 0.4593],[0.6685, 0.2263],[0.6439, 0.0761],[0.5585, 0.8691],[0.5597, 0.5516],[0.5591, 0.3681],[0.561, 0.2345]
[0.8344, 1.0],[1.0, 1.0],[1.0, 0.8143],[1.0, 0.5887],[0.9067, 0.4052],[1.0, 0.7984],[1.0, 0.396],[0.9689, 0.1889],[0.8771, 0.046],[0.9721, 0.8469],[0.8602, 0.4045],[0.7898, 0.1698],[0.7351, 0.0156],[0.7502, 0.8631],[0.6999, 0.4565],[0.6697, 0.2256],[0.6465, 0.075],[0.5591, 0.8744],[0.5616, 0.5506],[0.5597, 0.3692],[0.5585, 0.2352]
[0.8319, 1.0],[1.0, 1.0],[1.0, 0.8087],[1.0, 0.5834],[0.9105, 0.4031],[1.0, 0.7924],[1.0, 0.3925],[0.9639, 0.185],[0.8715, 0.04],[0.9639, 0.8461],[0.8545, 0.4021],[0.7847, 0.1648],[0.7294, 0.0128],[0.7439, 0.8652],[0.6967, 0.4593],[0.6647, 0.2242],[0.6402, 0.0743],[0.5528, 0.8797],[0.5547, 0.5548],[0.5522, 0.372],[0.5497, 0.2408]
[0.8357, 1.0],[1.0, 1.0],[1.0, 0.8299],[1.0, 0.582],[0.896, 0.4088],[1.0, 0.8164],[1.0, 0.3929],[0.9576, 0.1839],[0.8702, 0.0372],[0.9633, 0.8624],[0.852, 0.3968],[0.7778, 0.1567],[0.7269, 0.0022],[0.7382, 0.8801],[0.6873, 0.447],[0.6553, 0.2143],[0.6345, 0.0616],[0.5471, 0.8981],[0.5503, 0.547],[0.5471, 0.3646],[0.5409, 0.226]
[0.8237, 1.0],[1.0, 1.0],[1.0, 0.8278],[1.0, 0.5877],[0.9086, 0.4127],[1.0, 0.808],[1.0, 0.3861],[0.9519, 0.1786],[0.8633, 0.0351],[0.9551, 0.855],[0.8451, 0.3929],[0.7734, 0.1542],[0.7219, 0.0008],[0.7326, 0.8737],[0.6867, 0.4445],[0.6553, 0.2111],[0.6326, 0.0598],[0.5402, 0.8956],[0.5459, 0.5453],[0.5446, 0.3607],[0.5409, 0.2246]
[0.8187, 1.0],[1.0, 1.0],[1.0, 0.8097],[1.0, 0.5764],[0.896, 0.3978],[1.0, 0.7938],[1.0, 0.3816],[0.9519, 0.1758],[0.8627, 0.0336],[0.9475, 0.8451],[0.8382, 0.3886],[0.769, 0.1524],[0.715, 0.0029],[0.7269, 0.8642],[0.6773, 0.4445],[0.6483, 0.2125],[0.6257, 0.0648],[0.5365, 0.8811],[0.5371, 0.5435],[0.5396, 0.3589],[0.5396, 0.2249]
[0.8212, 1.0],[1.0, 1.0],[1.0, 0.8111],[1.0, 0.5757],[0.8828, 0.3992],[1.0, 0.7966],[1.0, 0.3798],[0.9532, 0.1744],[0.8671, 0.0308],[0.9507, 0.8476],[0.8407, 0.3879],[0.7697, 0.1493],[0.7175, 0.0],[0.7263, 0.8663],[0.6804, 0.4448],[0.6515, 0.2122],[0.6307, 0.0591],[0.5333, 0.8815],[0.5421, 0.5435],[0.5421, 0.3621],[0.5409, 0.2256]
[0.8237, 1.0],[1.0, 1.0],[1.0, 0.8104],[1.0, 0.5757],[0.8979, 0.4006],[1.0, 0.791],[1.0, 0.378],[0.9501, 0.1729],[0.8633, 0.0294],[0.9513, 0.8401],[0.8407, 0.3879],[0.7709, 0.1503],[0.7187, 0.0],[0.7294, 0.8596],[0.6804, 0.4438],[0.6509, 0.209],[0.6295, 0.0566],[0.5377, 0.878],[0.5371, 0.5407],[0.5377, 0.3579],[0.5371, 0.2224]
[0.8269, 1.0],[1.0, 1.0],[1.0, 0.8143],[1.0, 0.5799],[0.8935, 0.4031],[1.0, 0.7942],[1.0, 0.3801],[0.9513, 0.1751],[0.8671, 0.0301],[0.957, 0.843],[0.8413, 0.389],[0.7722, 0.1539],[0.7257, 0.0],[0.7313, 0.8642],[0.6835, 0.4455],[0.6559, 0.2108],[0.6389, 0.0527],[0.5365, 0.8843],[0.5402, 0.546],[0.539, 0.3632],[0.5383, 0.2232]
[0.825, 1.0],[1.0, 1.0],[1.0, 0.8154],[1.0, 0.5824],[0.9023, 0.4063],[1.0, 0.7917],[1.0, 0.3801],[0.9519, 0.1775],[0.8652, 0.0358],[0.9538, 0.8423],[0.8419, 0.3872],[0.7747, 0.1535],[0.725, 0.0011],[0.7301, 0.8635],[0.6854, 0.4413],[0.659, 0.2072],[0.6402, 0.0541],[0.5365, 0.8826],[0.5409, 0.5424],[0.5415, 0.3575],[0.5402, 0.2189]
[0.8306, 1.0],[1.0, 1.0],[1.0, 0.8161],[1.0, 0.5803],[0.8941, 0.4056],[1.0, 0.7945],[1.0, 0.3816],[0.9538, 0.1758],[0.8671, 0.0315],[0.9582, 0.8461],[0.8426, 0.3876],[0.7734, 0.1524],[0.7225, 0.0],[0.7345, 0.8684],[0.6854, 0.4413],[0.6571, 0.2087],[0.6377, 0.0549],[0.5402, 0.8882],[0.5427, 0.5442],[0.5421, 0.36],[0.5409, 0.2207]
[0.8281, 1.0],[1.0, 1.0],[1.0, 0.8239],[1.0, 0.5845],[0.9017, 0.4155],[1.0, 0.7945],[1.0, 0.3798],[0.9563, 0.1733],[0.8683, 0.0283],[0.9601, 0.8444],[0.8463, 0.384],[0.7753, 0.1482],[0.7244, 0.0],[0.737, 0.8656],[0.6892, 0.4371],[0.6584, 0.2062],[0.6389, 0.0527],[0.5434, 0.8889],[0.5478, 0.5392],[0.5478, 0.3572],[0.5478, 0.2186]
[0.8269, 1.0],[1.0, 1.0],[1.0, 0.8111],[1.0, 0.5799],[0.901, 0.4081],[1.0, 0.7839],[1.0, 0.3763],[0.957, 0.1708],[0.8671, 0.028],[0.9563, 0.8334],[0.8495, 0.3861],[0.7785, 0.1524],[0.7219, 0.0004],[0.7351, 0.8536],[0.6936, 0.4395],[0.6615, 0.2065],[0.6358, 0.0545],[0.5421, 0.873],[0.5484, 0.5361],[0.5471, 0.3536],[0.544, 0.2179]
[0.8313, 1.0],[1.0, 1.0],[1.0, 0.8288],[1.0, 0.5838],[0.9004, 0.4123],[1.0, 0.8037],[1.0, 0.383],[0.9582, 0.1765],[0.8702, 0.0294],[0.9626, 0.8486],[0.8489, 0.3893],[0.7753, 0.151],[0.7238, 0.0],[0.7363, 0.8688],[0.6917, 0.4381],[0.6597, 0.2048],[0.6383, 0.0481],[0.5421, 0.8903],[0.5497, 0.54],[0.549, 0.3554],[0.5478, 0.2111]
[0.8269, 1.0],[1.0, 1.0],[1.0, 0.8338],[1.0, 0.5849],[0.8979, 0.4204],[1.0, 0.8009],[1.0, 0.3717],[0.9532, 0.1687],[0.8683, 0.0276],[0.9538, 0.8465],[0.8476, 0.3791],[0.7759, 0.1418],[0.7238, 0.0],[0.7326, 0.8677],[0.6911, 0.4282],[0.6584, 0.1963],[0.6339, 0.0446],[0.5427, 0.8932],[0.5471, 0.5315],[0.5465, 0.3504],[0.5415, 0.2133]
[0.8287, 1.0],[1.0, 1.0],[1.0, 0.8384],[1.0, 0.5923],[0.891, 0.4314],[1.0, 0.8034],[1.0, 0.3745],[0.9494, 0.1715],[0.8646, 0.029],[0.9513, 0.8454],[0.8445, 0.3791],[0.7728, 0.1443],[0.7225, 0.0],[0.7288, 0.8656],[0.6886, 0.4272],[0.6584, 0.1956],[0.6377, 0.0418],[0.5365, 0.8911],[0.5415, 0.5332],[0.5427, 0.3504],[0.5415, 0.2083]
[0.83, 1.0],[1.0, 1.0],[1.0, 0.8461],[1.0, 0.5962],[0.8828, 0.4402],[1.0, 0.8143],[1.0, 0.3812],[0.9475, 0.1775],[0.8602, 0.034],[0.9532, 0.8575],[0.8438, 0.3861],[0.7671, 0.1478],[0.715, 0.0],[0.7313, 0.8801],[0.6854, 0.4342],[0.6521, 0.2037],[0.6295, 0.0506],[0.5402, 0.9066],[0.5402, 0.5428],[0.5427, 0.3579],[0.5415, 0.2133]
[0.8199, 1.0],[1.0, 1.0],[1.0, 0.8065],[1.0, 0.5866],[0.8834, 0.4109],[1.0, 0.779],[1.0, 0.384],[0.9513, 0.1811],[0.8589, 0.0368],[0.9519, 0.8281],[0.8426, 0.3922],[0.7747, 0.1581],[0.72, 0.0032],[0.7307, 0.849],[0.6873, 0.4455],[0.659, 0.2097],[0.6377, 0.0559],[0.5371, 0.8652],[0.5415, 0.5396],[0.5409, 0.3543],[0.5415, 0.2164]
[0.8256, 1.0],[1.0, 1.0],[1.0, 0.8377],[1.0, 0.582],[0.8809, 0.4222],[1.0, 0.8136],[1.0, 0.383],[0.9463, 0.1758],[0.8602, 0.0298],[0.9526, 0.855],[0.8388, 0.3823],[0.7665, 0.1415],[0.7194, 0.0],[0.7282, 0.8755],[0.6791, 0.425],[0.6502, 0.1931],[0.6345, 0.0421],[0.5371, 0.9009],[0.5383, 0.5315],[0.5415, 0.3473],[0.5421, 0.2069]
[0.8212, 1.0],[1.0, 1.0],[1.0, 0.8391],[1.0, 0.5898],[0.8891, 0.4303],[1.0, 0.8076],[1.0, 0.3816],[0.9507, 0.1768],[0.8621, 0.0343],[0.9488, 0.8486],[0.8413, 0.3794],[0.7697, 0.1397],[0.7175, 0.0],[0.7288, 0.8688],[0.6817, 0.4265],[0.6509, 0.1945],[0.6295, 0.0425],[0.5396, 0.8967],[0.5396, 0.5332],[0.5409, 0.3497],[0.5383, 0.2097]
[0.8212, 1.0],[1.0, 1.0],[1.0, 0.8281],[1.0, 0.5849],[0.891, 0.4187],[1.0, 0.8016],[1.0, 0.3851],[0.9538, 0.1786],[0.8633, 0.0343],[0.9475, 0.8458],[0.8426, 0.384],[0.7728, 0.145],[0.72, 0.0],[0.7269, 0.8649],[0.6835, 0.4328],[0.6534, 0.1977],[0.6307, 0.0435],[0.5358, 0.8886],[0.5409, 0.5354],[0.5409, 0.3494],[0.539, 0.209]
[0.825, 1.0],[1.0, 1.0],[1.0, 0.8281],[1.0, 0.5831],[0.9023, 0.4155],[1.0, 0.7998],[1.0, 0.3823],[0.9519, 0.1729],[0.8646, 0.0262],[0.9469, 0.8433],[0.8432, 0.3823],[0.7728, 0.1422],[0.7194, 0.0],[0.7275, 0.8628],[0.6842, 0.4321],[0.6534, 0.198],[0.6314, 0.0464],[0.539, 0.8882],[0.5409, 0.5343],[0.5415, 0.3501],[0.5402, 0.2118]
[0.8237, 1.0],[1.0, 1.0],[1.0, 0.8122],[1.0, 0.5817],[0.8935, 0.4084],[1.0, 0.7839],[1.0, 0.3763],[0.9501, 0.1712],[0.8621, 0.0259],[0.9519, 0.8306],[0.8426, 0.3791],[0.7722, 0.144],[0.7187, 0.0],[0.7294, 0.8507],[0.6867, 0.4318],[0.6565, 0.2009],[0.6339, 0.0503],[0.5365, 0.8716],[0.5434, 0.5339],[0.5434, 0.3529],[0.5434, 0.2168]
[0.8243, 1.0],[1.0, 1.0],[1.0, 0.8292],[1.0, 0.5909],[0.8954, 0.4215],[1.0, 0.7984],[1.0, 0.3784],[0.9538, 0.1761],[0.8633, 0.0326],[0.9557, 0.8412],[0.8426, 0.3794],[0.7715, 0.1432],[0.72, 0.0],[0.7307, 0.8592],[0.6861, 0.43],[0.6553, 0.1988],[0.6333, 0.0464],[0.5377, 0.8776],[0.5453, 0.5343],[0.5446, 0.3522],[0.5453, 0.2118]
[0.8262, 1.0],[1.0, 1.0],[1.0, 0.8373],[1.0, 0.5948],[0.9004, 0.4282],[1.0, 0.7974],[1.0, 0.3738],[0.9519, 0.1733],[0.8614, 0.034],[0.9538, 0.8408],[0.8457, 0.3741],[0.7759, 0.1436],[0.7257, 0.0],[0.7326, 0.861],[0.6898, 0.4265],[0.6609, 0.1966],[0.6395, 0.0453],[0.5402, 0.8843],[0.5478, 0.5332],[0.5453, 0.3522],[0.5415, 0.2136]
[0.8331, 1.0],[1.0, 1.0],[1.0, 0.8274],[1.0, 0.5866],[0.8979, 0.4201],[1.0, 0.7966],[1.0, 0.3727],[0.9501, 0.1708],[0.8577, 0.0298],[0.9557, 0.843],[0.8445, 0.3784],[0.7715, 0.144],[0.7169, 0.0],[0.7351, 0.8613],[0.6892, 0.4296],[0.6578, 0.2012],[0.6333, 0.052],[0.5446, 0.8808],[0.549, 0.5332],[0.5471, 0.3519],[0.5434, 0.2129]
[0.8357, 1.0],[1.0, 1.0],[1.0, 0.8288],[1.0, 0.5866],[0.8991, 0.4194],[1.0, 0.8009],[1.0, 0.3763],[0.9519, 0.1765],[0.8633, 0.0354],[0.9607, 0.8465],[0.847, 0.3801],[0.7753, 0.1468],[0.7263, 0.0],[0.7382, 0.867],[0.6911, 0.4328],[0.6628, 0.2037],[0.6446, 0.0503],[0.5465, 0.8889],[0.549, 0.54],[0.549, 0.3557],[0.5484, 0.2122]
[0.8382, 1.0],[1.0, 1.0],[1.0, 0.8331],[1.0, 0.5866],[0.9048, 0.4183],[1.0, 0.8097],[1.0, 0.3801],[0.9551, 0.1768],[0.8671, 0.0343],[0.9601, 0.8543],[0.8482, 0.3854],[0.7772, 0.1496],[0.7294, 0.0],[0.737, 0.8744],[0.6905, 0.4374],[0.6622, 0.2065],[0.6439, 0.0545],[0.5471, 0.8964],[0.5515, 0.5438],[0.5509, 0.3586],[0.5484, 0.215]
[0.8294, 1.0],[1.0, 1.0],[1.0, 0.8189],[1.0, 0.5937],[0.9117, 0.4215],[1.0, 0.785],[1.0, 0.3791],[0.9595, 0.1804],[0.8702, 0.0386],[0.962, 0.8309],[0.8501, 0.3858],[0.781, 0.1528],[0.7275, 0.0008],[0.7426, 0.8522],[0.6974, 0.4427],[0.6678, 0.2122],[0.6458, 0.063],[0.5528, 0.8727],[0.5522, 0.5424],[0.5509, 0.3579],[0.5497, 0.2171]
[0.8338, 1.0],[1.0, 1.0],[1.0, 0.8317],[1.0, 0.5774],[0.9035, 0.4105],[1.0, 0.8055],[1.0, 0.3766],[0.957, 0.1754],[0.8721, 0.0389],[0.9576, 0.8507],[0.8507, 0.3819],[0.7772, 0.1464],[0.7269, 0.0],[0.7338, 0.8727],[0.6911, 0.4342],[0.6565, 0.2069],[0.632, 0.057],[0.5446, 0.8999],[0.5509, 0.54],[0.5503, 0.3625],[0.544, 0.2249]
[0.8218, 1.0],[1.0, 1.0],[1.0, 0.8292],[1.0, 0.5912],[0.9035, 0.4222],[1.0, 0.7991],[1.0, 0.3755],[0.9551, 0.1775],[0.8683, 0.0407],[0.957, 0.8451],[0.8482, 0.3791],[0.7791, 0.1475],[0.7288, 0.0],[0.7345, 0.8642],[0.6942, 0.4328],[0.6641, 0.2044],[0.6408, 0.0534],[0.5434, 0.8872],[0.5515, 0.5407],[0.5503, 0.3589],[0.5453, 0.2189]
[0.8225, 1.0],[1.0, 1.0],[1.0, 0.8292],[1.0, 0.5919],[0.8941, 0.4268],[1.0, 0.7995],[1.0, 0.3794],[0.9538, 0.1782],[0.8639, 0.0386],[0.957, 0.8447],[0.847, 0.3854],[0.7753, 0.1521],[0.7213, 0.0],[0.7351, 0.8617],[0.6905, 0.4332],[0.6565, 0.2037],[0.6307, 0.0552],[0.5415, 0.8819],[0.5459, 0.535],[0.544, 0.354],[0.5402, 0.2186]
[0.8243, 1.0],[1.0, 1.0],[1.0, 0.826],[1.0, 0.5895],[0.8954, 0.4215],[1.0, 0.792],[1.0, 0.3738],[0.9526, 0.1744],[0.8608, 0.0379],[0.9563, 0.8408],[0.847, 0.3819],[0.7759, 0.1482],[0.7206, 0.0],[0.7338, 0.861],[0.6905, 0.4339],[0.659, 0.2041],[0.6339, 0.0552],[0.5402, 0.884],[0.5471, 0.5364],[0.5465, 0.3554],[0.5427, 0.2207]
[0.8206, 1.0],[1.0, 1.0],[1.0, 0.8069],[1.0, 0.5838],[0.8935, 0.4084],[1.0, 0.7768],[1.0, 0.3706],[0.9532, 0.1719],[0.8614, 0.0333],[0.9557, 0.8263],[0.847, 0.3823],[0.7766, 0.1503],[0.7213, 0.0],[0.7319, 0.8458],[0.6911, 0.4381],[0.6609, 0.2051],[0.6358, 0.0534],[0.5365, 0.8621],[0.5465, 0.5336],[0.5446, 0.3526],[0.5427, 0.2175]
[0.8243, 1.0],[1.0, 1.0],[1.0, 0.8065],[1.0, 0.5796],[0.8985, 0.4063],[1.0, 0.779],[1.0, 0.3656],[0.9488, 0.1666],[0.8595, 0.0308],[0.9538, 0.8292],[0.8445, 0.3766],[0.7734, 0.1457],[0.7181, 0.0],[0.7332, 0.8518],[0.6905, 0.4325],[0.6578, 0.2037],[0.6326, 0.0559],[0.539, 0.8737],[0.544, 0.5347],[0.5396, 0.3519],[0.5346, 0.2157]
[0.825, 1.0],[1.0, 1.0],[1.0, 0.8069],[1.0, 0.576],[0.8985, 0.401],[1.0, 0.7885],[1.0, 0.3724],[0.9501, 0.1719],[0.8646, 0.0329],[0.9545, 0.837],[0.8419, 0.3816],[0.7734, 0.1507],[0.7231, 0.0001],[0.7319, 0.8539],[0.6854, 0.4325],[0.6559, 0.2044],[0.6345, 0.0541],[0.5402, 0.8691],[0.5427, 0.5347],[0.5409, 0.3543],[0.5371, 0.2171]
[0.8281, 1.0],[1.0, 1.0],[1.0, 0.8246],[1.0, 0.5767],[0.9023, 0.4045],[1.0, 0.803],[1.0, 0.3734],[0.9475, 0.1712],[0.8627, 0.0329],[0.9551, 0.8497],[0.8407, 0.3805],[0.769, 0.1471],[0.7206, 0.0],[0.7307, 0.8674],[0.681, 0.4303],[0.649, 0.2012],[0.6289, 0.0503],[0.539, 0.8879],[0.5421, 0.535],[0.5409, 0.3564],[0.5371, 0.22]
[0.8262, 1.0],[1.0, 1.0],[1.0, 0.8182],[1.0, 0.588],[0.8941, 0.4137],[1.0, 0.7892],[1.0, 0.3692],[0.9475, 0.1694],[0.8602, 0.0333],[0.9563, 0.8391],[0.8432, 0.3805],[0.7734, 0.15],[0.7231, 0.0011],[0.7332, 0.8582],[0.6867, 0.4332],[0.6565, 0.2037],[0.6345, 0.0552],[0.5396, 0.8762],[0.5427, 0.5339],[0.5402, 0.3522],[0.5352, 0.2186]
[0.8269, 1.0],[1.0, 1.0],[1.0, 0.8352],[1.0, 0.5873],[0.8866, 0.4226],[1.0, 0.8065],[1.0, 0.3763],[0.9494, 0.1747],[0.8627, 0.0347],[0.9545, 0.8543],[0.8445, 0.3865],[0.7709, 0.15],[0.7187, 0.0],[0.7307, 0.8741],[0.6854, 0.4339],[0.6521, 0.2005],[0.627, 0.0464],[0.5371, 0.8953],[0.5415, 0.5343],[0.5402, 0.3519],[0.5352, 0.2136]
[0.8256, 1.0],[1.0, 1.0],[1.0, 0.8331],[1.0, 0.5877],[0.8815, 0.4261],[1.0, 0.8034],[1.0, 0.3763],[0.9482, 0.174],[0.8614, 0.0329],[0.9526, 0.8497],[0.8419, 0.383],[0.7709, 0.144],[0.7187, 0.0],[0.7307, 0.8695],[0.6842, 0.43],[0.6527, 0.1949],[0.6289, 0.0418],[0.539, 0.8928],[0.5409, 0.5311],[0.539, 0.3458],[0.5339, 0.2062]
[0.8262, 1.0],[1.0, 1.0],[1.0, 0.8341],[1.0, 0.5842],[0.8853, 0.4212],[1.0, 0.803],[1.0, 0.3741],[0.9482, 0.1705],[0.8577, 0.0301],[0.9519, 0.8493],[0.8432, 0.3798],[0.7678, 0.139],[0.7106, 0.0],[0.7301, 0.8705],[0.6848, 0.4282],[0.649, 0.1945],[0.6213, 0.0428],[0.539, 0.8949],[0.5396, 0.5286],[0.5371, 0.3437],[0.5302, 0.2058]
[0.8187, 1.0],[1.0, 1.0],[1.0, 0.8263],[1.0, 0.5817],[0.8853, 0.4166],[1.0, 0.7945],[1.0, 0.3699],[0.9469, 0.1683],[0.8583, 0.0283],[0.9526, 0.8423],[0.8413, 0.3763],[0.7678, 0.1397],[0.7137, 0.0],[0.7313, 0.8635],[0.6835, 0.4272],[0.6502, 0.1959],[0.627, 0.0435],[0.5383, 0.8865],[0.5402, 0.5293],[0.5402, 0.3466],[0.5396, 0.2076]
[0.8231, 1.0],[1.0, 1.0],[1.0, 0.8299],[1.0, 0.5757],[0.8828, 0.4159],[1.0, 0.7995],[1.0, 0.372],[0.9482, 0.1694],[0.8621, 0.0294],[0.9463, 0.8454],[0.8407, 0.378],[0.7671, 0.1415],[0.7137, 0.0],[0.7257, 0.8674],[0.681, 0.4265],[0.6452, 0.197],[0.6194, 0.046],[0.5371, 0.8935],[0.5415, 0.5311],[0.5415, 0.3504],[0.5365, 0.2118]
[0.8206, 1.0],[1.0, 1.0],[1.0, 0.8366],[1.0, 0.5859],[0.8885, 0.4233],[1.0, 0.7998],[1.0, 0.3738],[0.9457, 0.1737],[0.8564, 0.0333],[0.9532, 0.8433],[0.8401, 0.3759],[0.764, 0.1383],[0.7099, 0.0],[0.7319, 0.8652],[0.6842, 0.4272],[0.6483, 0.1988],[0.6238, 0.0471],[0.5409, 0.8925],[0.5409, 0.5339],[0.5421, 0.3494],[0.5421, 0.2065]
[0.8218, 1.0],[1.0, 1.0],[1.0, 0.8115],[1.0, 0.5778],[0.8878, 0.4091],[1.0, 0.779],[1.0, 0.3717],[0.9526, 0.1737],[0.8627, 0.0343],[0.9545, 0.8263],[0.8438, 0.3773],[0.7747, 0.1464],[0.7187, 0.0],[0.7338, 0.8476],[0.6905, 0.4286],[0.6603, 0.1998],[0.6351, 0.0499],[0.5409, 0.8691],[0.5446, 0.5304],[0.544, 0.3462],[0.5434, 0.2062]
[0.8275, 1.0],[1.0, 1.0],[1.0, 0.8175],[1.0, 0.5796],[0.8966, 0.4045],[1.0, 0.7875],[1.0, 0.372],[0.9551, 0.1701],[0.8652, 0.0301],[0.9601, 0.8317],[0.8495, 0.377],[0.7791, 0.1447],[0.7269, 0.0],[0.7363, 0.8497],[0.6905, 0.4268],[0.6603, 0.1984],[0.6389, 0.0488],[0.5427, 0.8684],[0.5465, 0.5262],[0.544, 0.3437],[0.5446, 0.2062]
[0.83, 1.0],[1.0, 1.0],[1.0, 0.8309],[1.0, 0.582],[0.8998, 0.419],[1.0, 0.7974],[1.0, 0.3699],[0.9513, 0.1666],[0.8608, 0.0269],[0.9551, 0.8405],[0.847, 0.3727],[0.7747, 0.1369],[0.72, 0.0],[0.7351, 0.8596],[0.6886, 0.4183],[0.6553, 0.1899],[0.6307, 0.0421],[0.5434, 0.884],[0.5421, 0.5244],[0.5421, 0.3409],[0.5402, 0.2016]
[0.8231, 1.0],[1.0, 1.0],[1.0, 0.8168],[1.0, 0.5796],[0.8891, 0.4148],[1.0, 0.7811],[1.0, 0.3646],[0.9482, 0.1634],[0.8558, 0.0241],[0.9538, 0.8281],[0.8426, 0.3656],[0.7722, 0.1326],[0.7175, 0.0],[0.7326, 0.8476],[0.6873, 0.4137],[0.6571, 0.185],[0.6333, 0.0372],[0.5396, 0.8702],[0.5421, 0.5191],[0.5427, 0.3374],[0.5421, 0.1998]
[0.8193, 1.0],[1.0, 1.0],[1.0, 0.8115],[1.0, 0.5718],[0.8897, 0.4052],[1.0, 0.7772],[1.0, 0.3586],[0.9457, 0.157],[0.852, 0.0184],[0.9507, 0.8267],[0.8413, 0.3649],[0.7697, 0.1302],[0.7137, 0.0],[0.7288, 0.849],[0.6842, 0.4169],[0.6515, 0.186],[0.6263, 0.0343],[0.5358, 0.8737],[0.5415, 0.5205],[0.5409, 0.3377],[0.539, 0.1995]
[0.8193, 1.0],[1.0, 1.0],[1.0, 0.8115],[1.0, 0.581],[0.8822, 0.4105],[1.0, 0.7701],[1.0, 0.361],[0.9469, 0.1599],[0.8533, 0.0177],[0.9482, 0.8172],[0.8413, 0.3688],[0.7697, 0.1355],[0.7118, 0.0],[0.7263, 0.8387],[0.6854, 0.4208],[0.6515, 0.1878],[0.6226, 0.0347],[0.5327, 0.8606],[0.5409, 0.5212],[0.5371, 0.3381],[0.5339, 0.2002]
[0.8174, 1.0],[1.0, 1.0],[1.0, 0.8295],[1.0, 0.581],[0.8771, 0.424],[1.0, 0.7924],[1.0, 0.3596],[0.9375, 0.1592],[0.8489, 0.022],[0.945, 0.8359],[0.8375, 0.3653],[0.7602, 0.1273],[0.7049, 0.0],[0.7238, 0.8585],[0.6779, 0.4159],[0.6414, 0.1864],[0.615, 0.0351],[0.5327, 0.8879],[0.5339, 0.5216],[0.5333, 0.3395],[0.5295, 0.1995]
[0.8111, 1.0],[1.0, 1.0],[1.0, 0.8027],[0.9978, 0.5831],[0.8765, 0.4127],[1.0, 0.7616],[1.0, 0.3557],[0.9413, 0.1588],[0.8507, 0.023],[0.9431, 0.8108],[0.8357, 0.3653],[0.7659, 0.1369],[0.7093, 0.0],[0.7219, 0.8334],[0.6817, 0.4208],[0.6496, 0.191],[0.6226, 0.0397],[0.5264, 0.8539],[0.5333, 0.5219],[0.5302, 0.3398],[0.5289, 0.2016]
[0.8099, 1.0],[1.0, 1.0],[1.0, 0.8069],[1.0, 0.5849],[0.879, 0.4123],[1.0, 0.7705],[1.0, 0.3603],[0.9413, 0.1648],[0.852, 0.029],[0.9413, 0.815],[0.8331, 0.3674],[0.7627, 0.1369],[0.7062, 0.0],[0.7206, 0.8345],[0.6773, 0.4222],[0.6446, 0.1927],[0.6169, 0.0411],[0.527, 0.8529],[0.5302, 0.5219],[0.5264, 0.3391],[0.5245, 0.1995]
[0.8061, 1.0],[1.0, 1.0],[1.0, 0.7793],[0.9934, 0.5658],[0.8797, 0.3858],[1.0, 0.7525],[1.0, 0.355],[0.9387, 0.1592],[0.8495, 0.0241],[0.9444, 0.8016],[0.8313, 0.3628],[0.7634, 0.1386],[0.7118, 0.0],[0.7231, 0.82],[0.6779, 0.419],[0.649, 0.191],[0.6276, 0.0421],[0.5283, 0.8278],[0.5283, 0.5124],[0.527, 0.3317],[0.5314, 0.197]
[0.8105, 1.0],[1.0, 1.0],[1.0, 0.7853],[0.9878, 0.5598],[0.8683, 0.3837],[1.0, 0.7624],[1.0, 0.3572],[0.9369, 0.1574],[0.8476, 0.0191],[0.9444, 0.8136],[0.8313, 0.3663],[0.759, 0.139],[0.7024, 0.0],[0.7213, 0.8338],[0.6729, 0.4222],[0.6383, 0.1952],[0.6106, 0.0428],[0.527, 0.8493],[0.5289, 0.5216],[0.5245, 0.3441],[0.5214, 0.2083]
[0.8099, 1.0],[1.0, 1.0],[1.0, 0.7783],[0.9853, 0.5583],[0.8658, 0.3805],[1.0, 0.7546],[1.0, 0.3536],[0.9331, 0.1524],[0.8407, 0.0131],[0.9387, 0.8094],[0.8281, 0.3649],[0.7571, 0.1365],[0.6999, 0.0],[0.7181, 0.8313],[0.6729, 0.4233],[0.6383, 0.1942],[0.61, 0.0446],[0.5245, 0.8451],[0.5277, 0.5212],[0.522, 0.342],[0.5189, 0.2104]
[0.8011, 1.0],[1.0, 1.0],[1.0, 0.7595],[0.9796, 0.553],[0.8765, 0.3663],[1.0, 0.7256],[1.0, 0.3441],[0.9318, 0.1468],[0.8432, 0.0145],[0.9362, 0.7783],[0.8287, 0.355],[0.7577, 0.1341],[0.7055, 0.0],[0.7156, 0.8034],[0.6747, 0.4208],[0.6414, 0.1917],[0.615, 0.0428],[0.5189, 0.8143],[0.5264, 0.5113],[0.5214, 0.3335],[0.5201, 0.2023]
[0.8055, 1.0],[1.0, 1.0],[1.0, 0.7691],[0.9853, 0.5491],[0.8702, 0.3663],[1.0, 0.7443],[1.0, 0.3448],[0.9287, 0.145],[0.8394, 0.0061],[0.9369, 0.7956],[0.8231, 0.3554],[0.7546, 0.1298],[0.7037, 0.0],[0.7137, 0.8168],[0.6697, 0.4141],[0.6383, 0.1857],[0.6131, 0.0336],[0.5189, 0.8288],[0.5251, 0.5113],[0.5189, 0.3321],[0.5145, 0.1959]
[0.8036, 1.0],[1.0, 1.0],[1.0, 0.7719],[0.9871, 0.5534],[0.8746, 0.3692],[1.0, 0.7433],[1.0, 0.3416],[0.9293, 0.1429],[0.8388, 0.0061],[0.9356, 0.7935],[0.8231, 0.3519],[0.7552, 0.1259],[0.703, 0.0],[0.7118, 0.8157],[0.6685, 0.4144],[0.6383, 0.1853],[0.6125, 0.034],[0.5176, 0.8281],[0.5264, 0.512],[0.5214, 0.3317],[0.5176, 0.1952]
[0.803, 1.0],[1.0, 1.0],[1.0, 0.7754],[0.9859, 0.5587],[0.8702, 0.3745],[1.0, 0.7517],[1.0, 0.3466],[0.9325, 0.1471],[0.8413, 0.0107],[0.9375, 0.8002],[0.8243, 0.3557],[0.7552, 0.1295],[0.7005, 0.0],[0.7137, 0.82],[0.6697, 0.4159],[0.6383, 0.1885],[0.6106, 0.0375],[0.5195, 0.8292],[0.5264, 0.5141],[0.5214, 0.3338],[0.5176, 0.197]
[0.808, 1.0],[1.0, 1.0],[1.0, 0.7814],[0.9941, 0.5654],[0.8803, 0.3858],[1.0, 0.7461],[1.0, 0.3511],[0.935, 0.1535],[0.8457, 0.0191],[0.9387, 0.7966],[0.8269, 0.3568],[0.7602, 0.1337],[0.7081, 0.0],[0.7194, 0.82],[0.6741, 0.4169],[0.6427, 0.1896],[0.6169, 0.0393],[0.5277, 0.8348],[0.5289, 0.5166],[0.5239, 0.3352],[0.5207, 0.1977]
[0.808, 1.0],[1.0, 1.0],[1.0, 0.7677],[0.9947, 0.5562],[0.8809, 0.3766],[1.0, 0.7408],[1.0, 0.3508],[0.9356, 0.1546],[0.8463, 0.0181],[0.9406, 0.7942],[0.825, 0.36],[0.7571, 0.1333],[0.703, 0.0],[0.72, 0.8168],[0.6722, 0.4226],[0.6414, 0.1959],[0.6157, 0.0481],[0.5258, 0.8309],[0.5295, 0.517],[0.5277, 0.3384],[0.527, 0.2051]
[0.8168, 1.0],[1.0, 1.0],[1.0, 0.7747],[1.0, 0.553],[0.8834, 0.3766],[1.0, 0.7542],[1.0, 0.3522],[0.9419, 0.1521],[0.8526, 0.0124],[0.9494, 0.8048],[0.8338, 0.3582],[0.7621, 0.1302],[0.7099, 0.0],[0.7263, 0.8228],[0.6779, 0.4169],[0.6465, 0.1903],[0.6238, 0.0379],[0.5327, 0.8366],[0.5396, 0.5124],[0.5371, 0.337],[0.5346, 0.2037]
[0.8281, 1.0],[1.0, 1.0],[1.0, 0.8023],[1.0, 0.553],[0.8897, 0.3865],[1.0, 0.7747],[1.0, 0.3511],[0.9413, 0.15],[0.8539, 0.0124],[0.9513, 0.8246],[0.8382, 0.361],[0.764, 0.1291],[0.7131, 0.0],[0.7301, 0.8451],[0.6798, 0.4137],[0.6452, 0.185],[0.6207, 0.0319],[0.5402, 0.8652],[0.5409, 0.5152],[0.539, 0.3388],[0.5339, 0.2023]
[0.8294, 1.0],[1.0, 1.0],[1.0, 0.8115],[1.0, 0.5548],[0.8847, 0.3982],[1.0, 0.7821],[1.0, 0.3547],[0.9463, 0.1556],[0.8595, 0.0174],[0.9545, 0.8256],[0.8401, 0.361],[0.7659, 0.1277],[0.7162, 0.0],[0.7351, 0.8458],[0.6842, 0.4063],[0.6509, 0.1786],[0.6289, 0.0287],[0.5471, 0.8684],[0.5446, 0.5092],[0.5453, 0.3282],[0.5421, 0.1889]
[0.8338, 1.0],[1.0, 1.0],[1.0, 0.8154],[1.0, 0.5548],[0.8941, 0.3985],[1.0, 0.792],[1.0, 0.3554],[0.9526, 0.1542],[0.8665, 0.0167],[0.9557, 0.8327],[0.847, 0.3582],[0.769, 0.1199],[0.7169, 0.0],[0.7376, 0.8532],[0.6861, 0.406],[0.6496, 0.1793],[0.6257, 0.0329],[0.5503, 0.8751],[0.5465, 0.5092],[0.5453, 0.3321],[0.539, 0.1966]
[0.8382, 1.0],[1.0, 1.0],[1.0, 0.8034],[1.0, 0.547],[0.8941, 0.3897],[1.0, 0.7744],[1.0, 0.3455],[0.9507, 0.1454],[0.8627, 0.01],[0.9633, 0.8228],[0.8476, 0.354],[0.7697, 0.1178],[0.715, 0.0],[0.7445, 0.8461],[0.6905, 0.4056],[0.6521, 0.1786],[0.6257, 0.0315],[0.5553, 0.8712],[0.5515, 0.5081],[0.5503, 0.3303],[0.544, 0.1949]
[0.8331, 1.0],[1.0, 1.0],[1.0, 0.7949],[1.0, 0.5456],[0.9086, 0.3851],[1.0, 0.7609],[1.0, 0.337],[0.9507, 0.1369],[0.8646, 0.0018],[0.9595, 0.8087],[0.8463, 0.3437],[0.7722, 0.1121],[0.72, 0.0],[0.7439, 0.8313],[0.6867, 0.3996],[0.6496, 0.1733],[0.6251, 0.0266],[0.5572, 0.8589],[0.5515, 0.5],[0.5503, 0.3207],[0.5453, 0.1857]
[0.8331, 1.0],[1.0, 1.0],[1.0, 0.8023],[1.0, 0.54],[0.9067, 0.3791],[1.0, 0.7705],[1.0, 0.3313],[0.9419, 0.1309],[0.8577, 0.0],[0.9563, 0.8161],[0.8445, 0.3412],[0.7653, 0.1058],[0.7137, 0.0],[0.7389, 0.8408],[0.6842, 0.396],[0.6427, 0.1691],[0.6163, 0.0216],[0.5528, 0.8677],[0.5484, 0.5014],[0.544, 0.3246],[0.5339, 0.1899]
[0.8212, 1.0],[1.0, 1.0],[1.0, 0.8005],[1.0, 0.5527],[0.8973, 0.389],[1.0, 0.7631],[1.0, 0.337],[0.9413, 0.1386],[0.8533, 0.0036],[0.9507, 0.8097],[0.8382, 0.3434],[0.7634, 0.1132],[0.7106, 0.0],[0.7319, 0.8327],[0.6791, 0.3978],[0.6433, 0.1715],[0.6163, 0.0213],[0.5427, 0.8606],[0.539, 0.5053],[0.5358, 0.3271],[0.5289, 0.1892]
[0.8074, 1.0],[1.0, 1.0],[1.0, 0.7761],[1.0, 0.5569],[0.8947, 0.3812],[1.0, 0.7351],[1.0, 0.3409],[0.9375, 0.1468],[0.8445, 0.0128],[0.9463, 0.7832],[0.8344, 0.3458],[0.7627, 0.1245],[0.7068, 0.0],[0.7301, 0.8062],[0.681, 0.4056],[0.6471, 0.1821],[0.6175, 0.0368],[0.5371, 0.8271],[0.5346, 0.5078],[0.5283, 0.3303],[0.5233, 0.1988]