[0.9692, 0.6571],[0.7953, 0.5511],[0.6773, 0.3924],[0.6787, 0.2148],[0.7812, 0.1167],[0.7574, 0.2459],[0.7793, 0.0981],[0.8308, 0.1743],[0.8541, 0.2615],[0.8638, 0.2292],[0.8905, 0.0765],[0.9371, 0.1828],[0.9541, 0.2899],[0.9629, 0.223],[0.9891, 0.0986],[1.0, 0.194],[1.0, 0.2937],[1.0, 0.232],[1.0, 0.073],[1.0, 0.0],[1.0, 0.0]
[0.9624, 0.6653],[0.7982, 0.5678],[0.6749, 0.4052],[0.6715, 0.2216],[0.7749, 0.1224],[0.7832, 0.2424],[0.8084, 0.0962],[0.8444, 0.1724],[0.8585, 0.2582],[0.8837, 0.226],[0.9119, 0.0869],[0.9522, 0.1899],[0.9653, 0.2877],[0.9755, 0.2241],[1.0, 0.1025],[1.0, 0.1861],[1.0, 0.2773],[1.0, 0.2366],[1.0, 0.0787],[1.0, 0.0],[1.0, 0.0]
[0.9634, 0.6596],[0.7992, 0.559],[0.6729, 0.3951],[0.6705, 0.2156],[0.7783, 0.1227],[0.7773, 0.2394],[0.8021, 0.0894],[0.8424, 0.1667],[0.858, 0.2566],[0.8803, 0.2251],[0.9095, 0.0812],[0.9532, 0.185],[0.9682, 0.2877],[0.9736, 0.2241],[1.0, 0.1008],[1.0, 0.188],[1.0, 0.2858],[1.0, 0.238],[1.0, 0.0801],[1.0, 0.0],[1.0, 0.0]
[0.9634, 0.6582],[0.7958, 0.5557],[0.6734, 0.3932],[0.6705, 0.2145],[0.7764, 0.1213],[0.7764, 0.238],[0.7997, 0.0877],[0.8385, 0.1659],[0.8521, 0.2547],[0.8793, 0.2246],[0.9061, 0.0792],[0.9473, 0.1847],[0.9595, 0.2866],[0.9736, 0.2238],[0.9988, 0.1003],[1.0, 0.1853],[1.0, 0.2806],[1.0, 0.2369],[1.0, 0.0787],[1.0, 0.0],[1.0, 0.0]
[0.9653, 0.6571],[0.7987, 0.5552],[0.6758, 0.3921],[0.6724, 0.2131],[0.7764, 0.1191],[0.7764, 0.2347],[0.8026, 0.0842],[0.8439, 0.159],[0.8599, 0.2484],[0.8798, 0.2213],[0.908, 0.073],[0.9522, 0.1762],[0.9653, 0.2784],[0.9736, 0.2202],[0.9998, 0.0948],[1.0, 0.1773],[1.0, 0.2719],[1.0, 0.2331],[1.0, 0.0752],[1.0, 0.0],[1.0, 0.0]
[0.9605, 0.6459],[0.7919, 0.5443],[0.6715, 0.3877],[0.6695, 0.2118],[0.7691, 0.112],[0.772, 0.2246],[0.8011, 0.0809],[0.841, 0.1571],[0.857, 0.2486],[0.8755, 0.2115],[0.9056, 0.0711],[0.9493, 0.1738],[0.9643, 0.2771],[0.9692, 0.2101],[0.9979, 0.0902],[1.0, 0.173],[1.0, 0.2683],[1.0, 0.223],[1.0, 0.0648],[1.0, 0.0],[1.0, 0.0]
[0.9561, 0.6385],[0.7885, 0.5382],[0.671, 0.3872],[0.669, 0.2139],[0.7642, 0.1099],[0.7696, 0.2235],[0.7924, 0.0795],[0.8317, 0.1517],[0.8507, 0.2391],[0.8696, 0.2098],[0.8939, 0.0683],[0.9367, 0.1672],[0.9541, 0.2675],[0.9629, 0.2066],[0.9857, 0.0803],[1.0, 0.1609],[1.0, 0.2544],[1.0, 0.2172],[1.0, 0.0601],[1.0, 0.0],[1.0, 0.0]
[0.9507, 0.6426],[0.7885, 0.5445],[0.67, 0.3844],[0.671, 0.2063],[0.7754, 0.1068],[0.7759, 0.223],[0.8036, 0.0757],[0.8449, 0.1544],[0.8604, 0.2445],[0.8789, 0.2082],[0.9109, 0.0659],[0.9503, 0.173],[0.9609, 0.2749],[0.9726, 0.2079],[1.0, 0.0869],[1.0, 0.1751],[1.0, 0.271],[1.0, 0.2221],[1.0, 0.0656],[1.0, 0.0],[1.0, 0.0]
[0.9517, 0.6505],[0.7875, 0.553],[0.6724, 0.3907],[0.6821, 0.2088],[0.7909, 0.1063],[0.7856, 0.2301],[0.8215, 0.0823],[0.8657, 0.1645],[0.8818, 0.2579],[0.8915, 0.215],[0.9337, 0.0757],[0.975, 0.1861],[0.9872, 0.2899],[0.9852, 0.2156],[1.0, 0.1019],[1.0, 0.194],[1.0, 0.2907],[1.0, 0.2306],[1.0, 0.0735],[1.0, 0.0],[1.0, 0.0]
[0.9469, 0.6697],[0.7846, 0.5656],[0.6715, 0.3997],[0.6875, 0.2227],[0.7963, 0.1369],[0.7837, 0.2363],[0.8322, 0.0894],[0.8735, 0.1735],[0.8818, 0.273],[0.8973, 0.2254],[0.942, 0.0896],[0.9813, 0.2047],[0.9857, 0.3118],[0.9954, 0.2295],[1.0, 0.1186],[1.0, 0.2129],[1.0, 0.312],[1.0, 0.2484],[1.0, 0.0915],[1.0, 0.0],[1.0, 0.0]
[0.9381, 0.6727],[0.7778, 0.5634],[0.6695, 0.3986],[0.6953, 0.2314],[0.8075, 0.1486],[0.79, 0.2301],[0.8463, 0.0954],[0.8764, 0.1894],[0.873, 0.2918],[0.9051, 0.2238],[0.9556, 0.0992],[0.9843, 0.2232],[0.9828, 0.3333],[1.0, 0.2328],[1.0, 0.1314],[1.0, 0.2391],[1.0, 0.3426],[1.0, 0.2563],[1.0, 0.0973],[1.0, 0.0],[1.0, 0.0]
[0.9328, 0.6749],[0.7744, 0.5634],[0.6715, 0.3891],[0.7093, 0.2246],[0.824, 0.1489],[0.805, 0.229],[0.8711, 0.0992],[0.8881, 0.2022],[0.8759, 0.306],[0.9201, 0.2282],[0.977, 0.1101],[0.9915, 0.2399],[0.9818, 0.3503],[1.0, 0.2429],[1.0, 0.1495],[1.0, 0.2667],[1.0, 0.3727],[1.0, 0.271],[1.0, 0.1164],[1.0, 0.0197],[1.0, 0.0]
[0.9211, 0.6672],[0.7749, 0.5514],[0.6812, 0.3855],[0.7152, 0.2268],[0.8347, 0.1492],[0.8206, 0.2164],[0.89, 0.0948],[0.8968, 0.1965],[0.8789, 0.3011],[0.9337, 0.2232],[0.9964, 0.1161],[0.994, 0.2445],[0.9741, 0.3549],[1.0, 0.2443],[1.0, 0.1604],[1.0, 0.2719],[1.0, 0.374],[1.0, 0.2782],[1.0, 0.126],[1.0, 0.0301],[1.0, 0.0]
[0.9138, 0.6669],[0.771, 0.5473],[0.6792, 0.3732],[0.7089, 0.2096],[0.8298, 0.138],[0.8293, 0.2096],[0.8944, 0.0948],[0.8959, 0.2077],[0.875, 0.3118],[0.9454, 0.2241],[1.0, 0.1252],[0.9906, 0.2582],[0.9639, 0.3653],[1.0, 0.2503],[1.0, 0.1697],[1.0, 0.2869],[1.0, 0.3896],[1.0, 0.2872],[1.0, 0.1361],[1.0, 0.041],[1.0, 0.0]
[0.9075, 0.6675],[0.7667, 0.5445],[0.6787, 0.37],[0.7103, 0.2123],[0.8283, 0.1454],[0.8376, 0.2088],[0.9041, 0.0976],[0.8997, 0.2142],[0.874, 0.3194],[0.9532, 0.2271],[1.0, 0.1314],[0.9925, 0.2659],[0.96, 0.3735],[1.0, 0.2582],[1.0, 0.1828],[1.0, 0.3006],[1.0, 0.4014],[1.0, 0.2992],[1.0, 0.1517],[1.0, 0.0585],[1.0, 0.0]
[0.9036, 0.6691],[0.7662, 0.5388],[0.688, 0.3628],[0.7254, 0.2066],[0.8478, 0.1407],[0.8551, 0.2063],[0.9182, 0.103],[0.9017, 0.2213],[0.873, 0.3241],[0.9692, 0.2295],[1.0, 0.1415],[0.9901, 0.2782],[0.9498, 0.3861],[1.0, 0.2645],[1.0, 0.1973],[1.0, 0.3172],[1.0, 0.4191],[1.0, 0.3082],[1.0, 0.1672],[1.0, 0.0782],[1.0, 0.0]
[0.9027, 0.6579],[0.7657, 0.5295],[0.6909, 0.3544],[0.7273, 0.2052],[0.8444, 0.1451],[0.8633, 0.2019],[0.925, 0.1006],[0.9046, 0.2205],[0.8745, 0.3246],[0.9779, 0.2301],[1.0, 0.1478],[0.9896, 0.2836],[0.9439, 0.3921],[1.0, 0.2686],[1.0, 0.2033],[1.0, 0.3213],[1.0, 0.4216],[1.0, 0.3131],[1.0, 0.1782],[1.0, 0.0913],[1.0, 0.0137]
[0.8997, 0.6484],[0.7647, 0.5243],[0.6962, 0.3448],[0.7414, 0.2011],[0.8589, 0.1478],[0.873, 0.197],[0.9386, 0.1014],[0.9104, 0.2243],[0.8745, 0.3281],[0.9862, 0.2323],[1.0, 0.1549],[0.9915, 0.2954],[0.941, 0.4049],[1.0, 0.2773],[1.0, 0.2145],[1.0, 0.3369],[1.0, 0.4374],[1.0, 0.3268],[1.0, 0.1924],[1.0, 0.1066],[1.0, 0.029]
[0.8993, 0.6459],[0.7628, 0.518],[0.6962, 0.3353],[0.7477, 0.1929],[0.8667, 0.1481],[0.8755, 0.1965],[0.9473, 0.1063],[0.9197, 0.2306],[0.8784, 0.335],[0.9906, 0.2342],[1.0, 0.1582],[0.9983, 0.3033],[0.941, 0.4159],[1.0, 0.282],[1.0, 0.223],[1.0, 0.3475],[1.0, 0.4486],[1.0, 0.3342],[1.0, 0.2025],[1.0, 0.1197],[1.0, 0.0454]
[0.8944, 0.6396],[0.7579, 0.5104],[0.6957, 0.3265],[0.7506, 0.1891],[0.8682, 0.1527],[0.8813, 0.194],[0.9488, 0.1052],[0.9177, 0.2301],[0.8759, 0.3347],[0.9949, 0.2336],[1.0, 0.1601],[0.9945, 0.3055],[0.9337, 0.4167],[1.0, 0.2836],[1.0, 0.2306],[1.0, 0.3544],[1.0, 0.4527],[1.0, 0.3383],[1.0, 0.2142],[1.0, 0.1372],[1.0, 0.0661]
[0.8861, 0.6317],[0.7535, 0.5011],[0.6909, 0.3175],[0.7429, 0.1784],[0.8648, 0.1547],[0.8827, 0.1803],[0.9503, 0.1008],[0.9099, 0.2262],[0.8623, 0.3273],[0.9974, 0.2232],[1.0, 0.1544],[0.9838, 0.3022],[0.9148, 0.4137],[1.0, 0.2782],[1.0, 0.235],[1.0, 0.3609],[0.9755, 0.4585],[1.0, 0.3399],[1.0, 0.2205],[1.0, 0.1489],[1.0, 0.0823]
[0.8808, 0.6169],[0.7516, 0.4852],[0.6909, 0.2989],[0.7395, 0.1637],[0.8589, 0.147],[0.8886, 0.167],[0.9469, 0.0924],[0.9031, 0.2156],[0.856, 0.3164],[1.0, 0.2112],[1.0, 0.1497],[0.9745, 0.2943],[0.9027, 0.4046],[1.0, 0.268],[1.0, 0.2284],[1.0, 0.3516],[0.9658, 0.4473],[1.0, 0.3317],[1.0, 0.2172],[1.0, 0.1503],[1.0, 0.0883]
[0.8682, 0.6087],[0.7404, 0.477],[0.6851, 0.2861],[0.738, 0.1508],[0.8565, 0.1432],[0.8934, 0.1557],[0.9478, 0.0902],[0.8939, 0.2129],[0.8429, 0.3128],[1.0, 0.2033],[1.0, 0.1459],[0.9624, 0.2872],[0.8852, 0.3959],[1.0, 0.2645],[1.0, 0.2268],[1.0, 0.344],[0.9503, 0.4363],[1.0, 0.3331],[1.0, 0.2241],[1.0, 0.1618],[1.0, 0.1047]
[0.8623, 0.5899],[0.7375, 0.456],[0.6836, 0.2741],[0.7293, 0.1476],[0.8453, 0.1358],[0.9114, 0.1284],[0.9425, 0.0899],[0.8827, 0.2126],[0.8317, 0.3096],[1.0, 0.1803],[1.0, 0.1519],[0.9488, 0.2891],[0.8721, 0.3945],[1.0, 0.2506],[1.0, 0.2355],[1.0, 0.3495],[0.9347, 0.4383],[1.0, 0.3292],[1.0, 0.2309],[1.0, 0.1757],[1.0, 0.1252]
[0.8575, 0.5842],[0.7399, 0.4434],[0.6914, 0.262],[0.7293, 0.1377],[0.8449, 0.1358],[0.9328, 0.1017],[0.9464, 0.0907],[0.8798, 0.2109],[0.8235, 0.3011],[1.0, 0.1574],[1.0, 0.1686],[0.942, 0.3019],[0.8604, 0.3986],[1.0, 0.2404],[1.0, 0.253],[1.0, 0.3598],[0.9245, 0.4399],[1.0, 0.3317],[1.0, 0.2426],[1.0, 0.1915],[1.0, 0.1448]
[0.857, 0.582],[0.7414, 0.435],[0.6962, 0.2568],[0.7375, 0.1369],[0.8463, 0.1358],[0.9503, 0.0978],[0.9532, 0.0956],[0.8793, 0.215],[0.8186, 0.3057],[1.0, 0.156],[1.0, 0.1746],[0.9381, 0.3038],[0.8531, 0.3992],[1.0, 0.2424],[1.0, 0.256],[1.0, 0.3593],[0.9206, 0.4374],[1.0, 0.3374],[1.0, 0.2547],[1.0, 0.2052],[1.0, 0.1598]
[0.857, 0.5787],[0.7438, 0.4328],[0.7021, 0.2574],[0.737, 0.1369],[0.8444, 0.1287],[0.9585, 0.0907],[0.9556, 0.0959],[0.8793, 0.2167],[0.8152, 0.3098],[1.0, 0.1522],[1.0, 0.1798],[0.9352, 0.3079],[0.8483, 0.4022],[1.0, 0.2426],[1.0, 0.2607],[1.0, 0.3634],[0.9153, 0.4415],[1.0, 0.341],[1.0, 0.2667],[1.0, 0.2224],[1.0, 0.1795]
[0.8555, 0.5806],[0.7438, 0.4287],[0.705, 0.2514],[0.7395, 0.1323],[0.841, 0.1241],[0.9741, 0.0921],[0.958, 0.0967],[0.8789, 0.2167],[0.8147, 0.309],[1.0, 0.1571],[1.0, 0.1828],[0.9318, 0.3071],[0.8439, 0.4022],[1.0, 0.2503],[1.0, 0.2634],[1.0, 0.3604],[0.9129, 0.4385],[1.0, 0.35],[1.0, 0.2773],[1.0, 0.235],[1.0, 0.1965]
[0.8565, 0.5784],[0.7516, 0.4224],[0.7137, 0.2484],[0.7448, 0.1298],[0.8453, 0.1197],[0.9872, 0.0885],[0.9639, 0.0959],[0.8827, 0.2137],[0.8157, 0.3063],[1.0, 0.1549],[1.0, 0.1891],[0.9294, 0.3109],[0.8395, 0.4041],[1.0, 0.2503],[1.0, 0.2664],[1.0, 0.3601],[0.909, 0.4361],[1.0, 0.3519],[1.0, 0.2822],[1.0, 0.2415],[1.0, 0.2049]
[0.8565, 0.5765],[0.7511, 0.4202],[0.7113, 0.2451],[0.7414, 0.1257],[0.8419, 0.1238],[0.9906, 0.0828],[0.9619, 0.0943],[0.8803, 0.212],[0.8128, 0.3038],[1.0, 0.1511],[1.0, 0.1858],[0.9299, 0.306],[0.8395, 0.3973],[1.0, 0.2489],[1.0, 0.2669],[1.0, 0.3615],[0.908, 0.4369],[1.0, 0.3538],[1.0, 0.2885],[1.0, 0.2522],[1.0, 0.218]
[0.8526, 0.5757],[0.7531, 0.4194],[0.7152, 0.25],[0.739, 0.132],[0.8361, 0.1262],[0.9974, 0.0847],[0.9648, 0.0995],[0.8784, 0.2134],[0.8104, 0.303],[1.0, 0.1538],[1.0, 0.1951],[0.9245, 0.3118],[0.8351, 0.4014],[1.0, 0.253],[1.0, 0.2738],[1.0, 0.3598],[0.9046, 0.4303],[1.0, 0.3596],[1.0, 0.2986],[1.0, 0.2675],[1.0, 0.2402]
[0.8546, 0.5757],[0.7579, 0.4169],[0.7229, 0.2465],[0.7482, 0.1298],[0.8473, 0.1262],[1.0, 0.0877],[0.9634, 0.1044],[0.875, 0.221],[0.8094, 0.3107],[1.0, 0.1596],[1.0, 0.1984],[0.926, 0.3145],[0.8381, 0.4025],[1.0, 0.2618],[1.0, 0.2809],[0.9983, 0.3675],[0.9027, 0.4374],[1.0, 0.3724],[1.0, 0.318],[1.0, 0.2907],[1.0, 0.265]
[0.8541, 0.5762],[0.7642, 0.4164],[0.7346, 0.2473],[0.7579, 0.1301],[0.8517, 0.1284],[1.0, 0.091],[0.977, 0.1074],[0.8827, 0.2208],[0.8113, 0.3082],[1.0, 0.1675],[1.0, 0.2063],[0.9284, 0.3186],[0.8351, 0.4063],[1.0, 0.273],[1.0, 0.2937],[0.9959, 0.3746],[0.8968, 0.4415],[1.0, 0.3855],[1.0, 0.3363],[1.0, 0.3142],[1.0, 0.294]
[0.8546, 0.5729],[0.7671, 0.4109],[0.7419, 0.2459],[0.7637, 0.135],[0.8458, 0.1366],[1.0, 0.0932],[0.9804, 0.1172],[0.8823, 0.2271],[0.806, 0.312],[1.0, 0.1754],[1.0, 0.2219],[0.9231, 0.3281],[0.8269, 0.4126],[1.0, 0.2853],[1.0, 0.3159],[0.9857, 0.391],[0.8818, 0.4538],[1.0, 0.4011],[1.0, 0.3596],[1.0, 0.3437],[1.0, 0.3312]
[0.8541, 0.5686],[0.773, 0.4098],[0.7477, 0.2459],[0.7681, 0.1342],[0.8551, 0.1407],[1.0, 0.0981],[0.9789, 0.1284],[0.8803, 0.2333],[0.8016, 0.315],[1.0, 0.1809],[1.0, 0.235],[0.9201, 0.3342],[0.8264, 0.4148],[1.0, 0.2926],[1.0, 0.3227],[0.9949, 0.3885],[0.8939, 0.4478],[1.0, 0.4112],[1.0, 0.3828],[1.0, 0.3749],[1.0, 0.3708]
[0.8541, 0.5661],[0.7754, 0.4093],[0.7497, 0.2484],[0.7671, 0.1369],[0.8536, 0.1426],[1.0, 0.1022],[0.9828, 0.132],[0.8798, 0.2353],[0.7977, 0.3169],[1.0, 0.1885],[1.0, 0.2363],[0.9197, 0.3322],[0.822, 0.4109],[1.0, 0.3016],[1.0, 0.3265],[0.9949, 0.3872],[0.89, 0.4421],[1.0, 0.4199],[1.0, 0.3956],[1.0, 0.3945],[1.0, 0.3956]
[0.8541, 0.5503],[0.7754, 0.3984],[0.7463, 0.25],[0.7584, 0.1511],[0.8449, 0.141],[1.0, 0.1027],[0.976, 0.1391],[0.8716, 0.2385],[0.7895, 0.3178],[1.0, 0.1921],[1.0, 0.2404],[0.9119, 0.3322],[0.8128, 0.4071],[1.0, 0.3066],[1.0, 0.3265],[0.9896, 0.3863],[0.8842, 0.4393],[1.0, 0.4254],[1.0, 0.4074],[1.0, 0.4109],[1.0, 0.4134]
[0.8473, 0.553],[0.7744, 0.3992],[0.7511, 0.244],[0.7691, 0.1429],[0.8541, 0.1514],[1.0, 0.1049],[0.9736, 0.1465],[0.8677, 0.2429],[0.7846, 0.3197],[1.0, 0.197],[1.0, 0.2516],[0.909, 0.338],[0.8143, 0.4107],[1.0, 0.315],[1.0, 0.3391],[0.9896, 0.3945],[0.8876, 0.4464],[1.0, 0.4355],[1.0, 0.4219],[1.0, 0.4281],[1.0, 0.4336]
[0.858, 0.5568],[0.7846, 0.3981],[0.7589, 0.2465],[0.7759, 0.1478],[0.8531, 0.1634],[1.0, 0.1123],[0.975, 0.1604],[0.8716, 0.2497],[0.79, 0.32],[1.0, 0.2074],[1.0, 0.2683],[0.9104, 0.3448],[0.8181, 0.4112],[1.0, 0.3273],[1.0, 0.3612],[0.9833, 0.412],[0.8818, 0.4615],[1.0, 0.4495],[1.0, 0.4407],[1.0, 0.4481],[1.0, 0.4571]
[0.8687, 0.565],[0.7982, 0.4063],[0.7671, 0.2574],[0.7773, 0.1598],[0.8585, 0.1711],[1.0, 0.1205],[0.9755, 0.1741],[0.8677, 0.2648],[0.7875, 0.3312],[1.0, 0.2191],[1.0, 0.2812],[0.9022, 0.3536],[0.8075, 0.4142],[1.0, 0.3402],[1.0, 0.3787],[0.9643, 0.4205],[0.8609, 0.459],[1.0, 0.462],[1.0, 0.4623],[1.0, 0.4776],[1.0, 0.4907]
[0.8657, 0.565],[0.8041, 0.4014],[0.7822, 0.2547],[0.7929, 0.1604],[0.8623, 0.1773],[1.0, 0.1347],[0.9843, 0.1782],[0.8721, 0.2675],[0.7934, 0.3292],[1.0, 0.2385],[1.0, 0.2866],[0.8949, 0.3585],[0.8026, 0.4153],[1.0, 0.3626],[1.0, 0.3885],[0.958, 0.4281],[0.8551, 0.4634],[1.0, 0.485],[1.0, 0.4861],[1.0, 0.506],[1.0, 0.521]
[0.89, 0.5792],[0.8245, 0.4189],[0.8045, 0.2741],[0.8109, 0.1801],[0.8536, 0.1787],[1.0, 0.1541],[0.9658, 0.2049],[0.8536, 0.2904],[0.7822, 0.3489],[1.0, 0.2615],[1.0, 0.3208],[0.875, 0.3847],[0.788, 0.4361],[1.0, 0.3869],[1.0, 0.4208],[0.9357, 0.4538],[0.8356, 0.4842],[1.0, 0.5074],[1.0, 0.5221],[1.0, 0.5426],[1.0, 0.5576]
[0.9095, 0.6126],[0.8478, 0.444],[0.8274, 0.2945],[0.8288, 0.1956],[0.8759, 0.1863],[1.0, 0.1812],[0.9639, 0.2342],[0.8521, 0.3104],[0.7861, 0.3645],[1.0, 0.291],[1.0, 0.3369],[0.8725, 0.3948],[0.7856, 0.4486],[1.0, 0.4167],[1.0, 0.4454],[0.9226, 0.4678],[0.8172, 0.4967],[1.0, 0.5377],[1.0, 0.5519],[1.0, 0.5686],[1.0, 0.588]
[0.941, 0.6333],[0.8857, 0.4585],[0.8633, 0.3134],[0.8546, 0.2123],[0.8895, 0.197],[1.0, 0.2036],[0.9896, 0.2415],[0.8672, 0.3098],[0.7875, 0.3615],[1.0, 0.3194],[1.0, 0.3445],[0.8813, 0.3978],[0.7832, 0.4514],[1.0, 0.4492],[1.0, 0.4577],[0.9294, 0.473],[0.8181, 0.4981],[1.0, 0.5705],[1.0, 0.5847],[1.0, 0.5962],[1.0, 0.6087]
[0.959, 0.6451],[0.9056, 0.4618],[0.8886, 0.3145],[0.8784, 0.2129],[0.9085, 0.206],[1.0, 0.2339],[1.0, 0.2538],[0.8876, 0.3197],[0.7992, 0.3724],[1.0, 0.3525],[1.0, 0.359],[0.8886, 0.3951],[0.7846, 0.4383],[1.0, 0.4844],[1.0, 0.4754],[0.9328, 0.4724],[0.8215, 0.4907],[1.0, 0.6071],[1.0, 0.6186],[1.0, 0.6153],[1.0, 0.624]
[0.9779, 0.6377],[0.9299, 0.4658],[0.9129, 0.3216],[0.8983, 0.2175],[0.9172, 0.2027],[1.0, 0.2454],[1.0, 0.2577],[0.9051, 0.3189],[0.8172, 0.368],[1.0, 0.3656],[1.0, 0.3557],[0.9061, 0.3899],[0.8002, 0.4301],[1.0, 0.4951],[1.0, 0.4779],[0.9386, 0.4779],[0.8322, 0.4954],[1.0, 0.6139],[1.0, 0.6087],[1.0, 0.6055],[1.0, 0.6145]
[0.9974, 0.6344],[0.9507, 0.4686],[0.9308, 0.323],[0.9138, 0.2189],[0.9352, 0.2063],[1.0, 0.2555],[1.0, 0.2697],[0.9056, 0.3246],[0.823, 0.3678],[1.0, 0.3746],[1.0, 0.3689],[0.9022, 0.4016],[0.8007, 0.4355],[1.0, 0.5014],[1.0, 0.4888],[0.9362, 0.4904],[0.8332, 0.5049],[1.0, 0.6167],[1.0, 0.6134],[1.0, 0.6057],[1.0, 0.6063]
[0.9979, 0.6582],[0.9498, 0.488],[0.9357, 0.3402],[0.9235, 0.2342],[0.9469, 0.2112],[1.0, 0.2721],[1.0, 0.2719],[0.9177, 0.3216],[0.8376, 0.3642],[1.0, 0.3893],[1.0, 0.3678],[0.9124, 0.3997],[0.8138, 0.4396],[1.0, 0.5164],[1.0, 0.4923],[0.9371, 0.4915],[0.8371, 0.5115],[1.0, 0.6328],[1.0, 0.6183],[1.0, 0.6074],[1.0, 0.6112]
[1.0, 0.6549],[0.9677, 0.4825],[0.9605, 0.3415],[0.9449, 0.2396],[0.9464, 0.2134],[1.0, 0.2929],[1.0, 0.2787],[0.9318, 0.323],[0.8483, 0.3645],[1.0, 0.4082],[1.0, 0.3825],[0.9075, 0.4098],[0.8118, 0.4454],[1.0, 0.532],[1.0, 0.503],[0.9308, 0.5005],[0.8376, 0.5172],[1.0, 0.6437],[1.0, 0.6391],[1.0, 0.6317],[1.0, 0.6352]
[1.0, 0.6598],[0.9658, 0.4899],[0.9595, 0.3467],[0.9488, 0.2459],[0.958, 0.2265],[1.0, 0.2989],[1.0, 0.2828],[0.9425, 0.3227],[0.8517, 0.3609],[1.0, 0.4148],[1.0, 0.3866],[0.9172, 0.4107],[0.8143, 0.4393],[1.0, 0.5385],[1.0, 0.509],[0.943, 0.5082],[0.8449, 0.5216],[1.0, 0.6511],[1.0, 0.6328],[1.0, 0.6224],[1.0, 0.6221]
[1.0, 0.6683],[0.9794, 0.4932],[0.9716, 0.347],[0.9629, 0.2437],[0.9629, 0.2282],[1.0, 0.3104],[1.0, 0.2902],[0.9405, 0.3292],[0.8546, 0.3672],[1.0, 0.4276],[1.0, 0.3948],[0.9114, 0.4175],[0.8191, 0.4481],[1.0, 0.5505],[1.0, 0.5164],[0.9362, 0.5107],[0.8483, 0.524],[1.0, 0.6612],[1.0, 0.6396],[1.0, 0.6273],[1.0, 0.6284]
[1.0, 0.7216],[0.9954, 0.5134],[0.9935, 0.3541],[0.9804, 0.2445],[0.9624, 0.2292],[1.0, 0.3336],[1.0, 0.2945],[0.9493, 0.3243],[0.8711, 0.3585],[1.0, 0.4478],[1.0, 0.3929],[0.907, 0.4128],[0.822, 0.4426],[1.0, 0.5658],[1.0, 0.5066],[0.9163, 0.506],[0.8351, 0.5246],[1.0, 0.6749],[1.0, 0.6243],[1.0, 0.6049],[0.9775, 0.6033]
[1.0, 0.7484],[0.9901, 0.5216],[1.0, 0.3516],[0.9959, 0.2383],[0.9702, 0.2366],[1.0, 0.3481],[1.0, 0.2937],[0.9401, 0.3257],[0.8755, 0.3628],[1.0, 0.456],[1.0, 0.3945],[0.9031, 0.409],[0.823, 0.4322],[1.0, 0.5702],[1.0, 0.5038],[0.9075, 0.4997],[0.8347, 0.5134],[1.0, 0.6746],[1.0, 0.6249],[1.0, 0.6175],[1.0, 0.627]
[1.0, 0.7869],[1.0, 0.5478],[1.0, 0.3691],[1.0, 0.2568],[0.9682, 0.2495],[1.0, 0.37],[1.0, 0.2981],[0.943, 0.3213],[0.8769, 0.3568],[1.0, 0.476],[1.0, 0.3934],[0.8993, 0.4036],[0.8225, 0.4284],[1.0, 0.5844],[1.0, 0.4984],[0.8968, 0.4945],[0.8327, 0.5107],[1.0, 0.6833],[1.0, 0.6199],[0.9993, 0.6117],[0.977, 0.6186]
[1.0, 0.8019],[0.9949, 0.5538],[1.0, 0.3678],[1.0, 0.2489],[0.9799, 0.2391],[1.0, 0.3872],[1.0, 0.3085],[0.9401, 0.3391],[0.8798, 0.3784],[1.0, 0.4904],[1.0, 0.3978],[0.9017, 0.4096],[0.8308, 0.4363],[1.0, 0.5956],[1.0, 0.5014],[0.9041, 0.4921],[0.8439, 0.506],[1.0, 0.6929],[1.0, 0.6197],[0.9911, 0.6112],[0.9624, 0.6205]
[1.0, 0.8074],[1.0, 0.5642],[1.0, 0.3787],[1.0, 0.2623],[0.9799, 0.2372],[1.0, 0.3954],[1.0, 0.3014],[0.9328, 0.3347],[0.8827, 0.3844],[1.0, 0.4978],[1.0, 0.3907],[0.8925, 0.406],[0.8337, 0.4374],[1.0, 0.6011],[0.9925, 0.4902],[0.8857, 0.4896],[0.8449, 0.5109],[1.0, 0.6962],[1.0, 0.5981],[0.9425, 0.5874],[0.9245, 0.5997]
[1.0, 0.8112],[1.0, 0.568],[1.0, 0.3855],[1.0, 0.2675],[0.9925, 0.2366],[1.0, 0.4071],[1.0, 0.3033],[0.9459, 0.3197],[0.8905, 0.3648],[1.0, 0.5096],[1.0, 0.3899],[0.8939, 0.4027],[0.8405, 0.4391],[1.0, 0.6096],[0.9862, 0.4847],[0.8847, 0.4869],[0.8546, 0.5161],[1.0, 0.7008],[0.975, 0.5852],[0.9109, 0.5664],[0.8939, 0.5749]
[1.0, 0.8117],[0.9969, 0.5732],[1.0, 0.3929],[1.0, 0.2686],[0.9857, 0.2331],[1.0, 0.4148],[1.0, 0.2989],[0.9483, 0.3202],[0.9075, 0.3691],[1.0, 0.5153],[1.0, 0.3751],[0.8915, 0.3962],[0.8551, 0.4377],[1.0, 0.6112],[0.9755, 0.4667],[0.8813, 0.4697],[0.8619, 0.5011],[1.0, 0.6981],[0.9643, 0.565],[0.8944, 0.5331],[0.8721, 0.5325]
[1.0, 0.8106],[1.0, 0.5727],[1.0, 0.3937],[1.0, 0.2667],[0.9906, 0.2219],[1.0, 0.4306],[1.0, 0.2945],[0.9507, 0.3112],[0.9148, 0.356],[1.0, 0.5276],[1.0, 0.3691],[0.8939, 0.3913],[0.8701, 0.4328],[1.0, 0.6164],[0.9673, 0.4574],[0.8769, 0.4612],[0.8638, 0.4943],[1.0, 0.6948],[0.9503, 0.5538],[0.8755, 0.5148],[0.8487, 0.5085]
[1.0, 0.8005],[1.0, 0.5683],[1.0, 0.3918],[1.0, 0.268],[0.993, 0.2197],[1.0, 0.432],[1.0, 0.2902],[0.9551, 0.3052],[0.9192, 0.3503],[1.0, 0.5273],[1.0, 0.3645],[0.8949, 0.3858],[0.8677, 0.4309],[1.0, 0.6164],[0.9658, 0.4525],[0.874, 0.4541],[0.8565, 0.4885],[1.0, 0.6964],[0.9498, 0.5533],[0.874, 0.5066],[0.8449, 0.4954]
[1.0, 0.7978],[1.0, 0.5792],[1.0, 0.3984],[1.0, 0.27],[0.9779, 0.218],[1.0, 0.4328],[1.0, 0.2831],[0.9609, 0.2899],[0.9226, 0.3317],[1.0, 0.5235],[1.0, 0.3508],[0.8968, 0.37],[0.8648, 0.4139],[1.0, 0.6074],[0.9551, 0.4383],[0.8687, 0.4374],[0.8458, 0.4658],[1.0, 0.6825],[0.9381, 0.5303],[0.8677, 0.4844],[0.8361, 0.4708]
[1.0, 0.7817],[1.0, 0.5716],[1.0, 0.3781],[1.0, 0.2522],[0.9745, 0.212],[1.0, 0.4355],[1.0, 0.2768],[0.9503, 0.2986],[0.9206, 0.3467],[1.0, 0.5281],[0.9949, 0.3415],[0.8963, 0.3648],[0.8696, 0.4101],[1.0, 0.6112],[0.943, 0.4271],[0.8619, 0.4254],[0.8415, 0.4563],[1.0, 0.682],[0.9289, 0.521],[0.8623, 0.4743],[0.8317, 0.4658]
[1.0, 0.7702],[1.0, 0.576],[1.0, 0.3899],[1.0, 0.2582],[0.9779, 0.2038],[1.0, 0.4372],[1.0, 0.2705],[0.9556, 0.2877],[0.9226, 0.3366],[1.0, 0.5238],[0.9964, 0.3298],[0.8997, 0.3516],[0.8716, 0.3989],[1.0, 0.6025],[0.942, 0.4074],[0.8682, 0.4134],[0.8517, 0.4527],[1.0, 0.6694],[0.9255, 0.4984],[0.8619, 0.4355],[0.8274, 0.4142]
[1.0, 0.7541],[1.0, 0.5669],[1.0, 0.3754],[1.0, 0.247],[0.9731, 0.203],[1.0, 0.4156],[1.0, 0.2571],[0.9478, 0.2773],[0.9201, 0.3279],[1.0, 0.5038],[0.9833, 0.3227],[0.8929, 0.35],[0.8735, 0.3937],[1.0, 0.5858],[0.9347, 0.4006],[0.8594, 0.4071],[0.841, 0.4404],[1.0, 0.6582],[0.9313, 0.4943],[0.8628, 0.4202],[0.8211, 0.3803]
[1.0, 0.7568],[1.0, 0.5743],[1.0, 0.3874],[1.0, 0.2503],[0.975, 0.1929],[1.0, 0.4189],[1.0, 0.2456],[0.9551, 0.2642],[0.9328, 0.309],[1.0, 0.5071],[0.9818, 0.3077],[0.9022, 0.3481],[0.8915, 0.3986],[1.0, 0.5872],[0.9337, 0.3924],[0.873, 0.418],[0.8672, 0.4639],[1.0, 0.6587],[0.9206, 0.4907],[0.8492, 0.4148],[0.8041, 0.371]
[1.0, 0.7396],[1.0, 0.5697],[1.0, 0.3732],[1.0, 0.2353],[0.9605, 0.1877],[1.0, 0.4098],[1.0, 0.2369],[0.9605, 0.2902],[0.9619, 0.3506],[1.0, 0.4989],[0.9716, 0.2965],[0.9046, 0.356],[0.9148, 0.4066],[1.0, 0.5768],[0.9274, 0.3749],[0.8721, 0.4109],[0.874, 0.4596],[1.0, 0.6434],[0.9265, 0.4765],[0.856, 0.3915],[0.8089, 0.3372]
[1.0, 0.7284],[1.0, 0.5576],[1.0, 0.3626],[1.0, 0.2295],[0.9571, 0.1885],[1.0, 0.4074],[1.0, 0.2317],[0.9575, 0.2741],[0.9571, 0.3298],[1.0, 0.497],[0.9668, 0.2929],[0.8963, 0.3421],[0.9061, 0.3918],[1.0, 0.5751],[0.9216, 0.3691],[0.8604, 0.3913],[0.8609, 0.4333],[1.0, 0.6402],[0.9163, 0.4716],[0.8497, 0.3929],[0.8109, 0.3473]
[1.0, 0.7003],[1.0, 0.5434],[1.0, 0.3489],[1.0, 0.2219],[0.9493, 0.1885],[1.0, 0.3975],[1.0, 0.218],[0.9779, 0.2702],[0.9906, 0.3303],[1.0, 0.4872],[0.9643, 0.2721],[0.9114, 0.3432],[0.9386, 0.3921],[1.0, 0.5596],[0.9099, 0.35],[0.8716, 0.3997],[0.8871, 0.4495],[1.0, 0.6178],[0.907, 0.4522],[0.8429, 0.3675],[0.7992, 0.3063]
[1.0, 0.6943],[1.0, 0.541],[1.0, 0.3566],[1.0, 0.226],[0.9415, 0.1806],[1.0, 0.3883],[1.0, 0.2049],[0.9804, 0.2598],[0.9979, 0.3246],[1.0, 0.4801],[0.959, 0.256],[0.9153, 0.3355],[0.9561, 0.388],[1.0, 0.5541],[0.9041, 0.3369],[0.8837, 0.3973],[0.9182, 0.4514],[1.0, 0.6142],[0.8988, 0.4451],[0.8434, 0.3626],[0.8079, 0.3019]
[1.0, 0.6863],[1.0, 0.5495],[1.0, 0.3771],[1.0, 0.2426],[0.9512, 0.197],[1.0, 0.3842],[1.0, 0.2052],[0.9847, 0.2577],[1.0, 0.32],[1.0, 0.4678],[0.9668, 0.2511],[0.9143, 0.326],[0.9459, 0.3751],[1.0, 0.5331],[0.907, 0.3219],[0.8784, 0.3787],[0.9051, 0.4328],[1.0, 0.5831],[0.8993, 0.4123],[0.8381, 0.3238],[0.7973, 0.259]
[1.0, 0.6781],[1.0, 0.5391],[1.0, 0.3678],[1.0, 0.2363],[0.9493, 0.1894],[1.0, 0.3809],[1.0, 0.203],[0.9833, 0.2549],[1.0, 0.318],[1.0, 0.4628],[0.9575, 0.2454],[0.9099, 0.3241],[0.9449, 0.3751],[1.0, 0.5243],[0.8963, 0.3139],[0.8691, 0.374],[0.8954, 0.4276],[1.0, 0.5705],[0.8939, 0.4003],[0.8376, 0.3107],[0.7997, 0.2426]
[1.0, 0.6637],[1.0, 0.5221],[1.0, 0.3434],[1.0, 0.2159],[0.9352, 0.1779],[1.0, 0.3732],[1.0, 0.2036],[0.9804, 0.2615],[0.9935, 0.3271],[1.0, 0.4555],[0.958, 0.2421],[0.9027, 0.3246],[0.9274, 0.3803],[1.0, 0.5186],[0.8978, 0.3063],[0.8565, 0.373],[0.8691, 0.4352],[1.0, 0.5642],[0.9022, 0.3828],[0.84, 0.2858],[0.7958, 0.2142]
[1.0, 0.6691],[1.0, 0.5336],[1.0, 0.3495],[1.0, 0.2161],[0.9284, 0.1776],[1.0, 0.3765],[1.0, 0.1981],[0.9998, 0.2585],[1.0, 0.3232],[1.0, 0.4538],[0.9682, 0.2385],[0.924, 0.3161],[0.9551, 0.3689],[1.0, 0.5172],[0.909, 0.3014],[0.8813, 0.3609],[0.9051, 0.4167],[1.0, 0.565],[0.8993, 0.3839],[0.8395, 0.2929],[0.7982, 0.2249]
[1.0, 0.6702],[1.0, 0.5404],[1.0, 0.3571],[1.0, 0.2191],[0.9376, 0.1784],[1.0, 0.3762],[1.0, 0.1962],[0.9857, 0.2631],[1.0, 0.3281],[1.0, 0.4511],[0.9609, 0.2339],[0.9085, 0.3202],[0.9386, 0.3732],[1.0, 0.5085],[0.8959, 0.2992],[0.858, 0.3708],[0.874, 0.4342],[1.0, 0.5492],[0.8963, 0.371],[0.8366, 0.2809],[0.7939, 0.2139]
[1.0, 0.6686],[1.0, 0.541],[1.0, 0.3648],[1.0, 0.2249],[0.9265, 0.1768],[1.0, 0.3727],[1.0, 0.1948],[0.9809, 0.2645],[0.9983, 0.3322],[1.0, 0.441],[0.9575, 0.2333],[0.9051, 0.3205],[0.9313, 0.3743],[1.0, 0.4918],[0.8915, 0.2874],[0.856, 0.3637],[0.8735, 0.429],[1.0, 0.5273],[0.8837, 0.3424],[0.8235, 0.2547],[0.7822, 0.1896]
[1.0, 0.6628],[1.0, 0.5322],[1.0, 0.347],[1.0, 0.2055],[0.9104, 0.1642],[1.0, 0.3719],[1.0, 0.1915],[0.9823, 0.2579],[1.0, 0.3227],[1.0, 0.4407],[0.9512, 0.2325],[0.9041, 0.3197],[0.9308, 0.3743],[1.0, 0.4921],[0.8857, 0.2891],[0.8546, 0.3639],[0.8711, 0.429],[0.9983, 0.5281],[0.8832, 0.3497],[0.8196, 0.2541],[0.7701, 0.1798]
[1.0, 0.6579],[1.0, 0.529],[1.0, 0.3489],[1.0, 0.2079],[0.9061, 0.1648],[1.0, 0.3683],[1.0, 0.1888],[0.9818, 0.2568],[1.0, 0.3216],[1.0, 0.4391],[0.9498, 0.229],[0.9031, 0.3161],[0.9318, 0.3721],[1.0, 0.4891],[0.8808, 0.2872],[0.8487, 0.3601],[0.8662, 0.4257],[0.9886, 0.5224],[0.8764, 0.3486],[0.8172, 0.2533],[0.771, 0.1806]
[1.0, 0.6628],[1.0, 0.5322],[1.0, 0.3508],[1.0, 0.2085],[0.9036, 0.1609],[1.0, 0.373],[1.0, 0.1869],[0.9857, 0.2522],[1.0, 0.315],[1.0, 0.4424],[0.9507, 0.2309],[0.9085, 0.3148],[0.9396, 0.368],[1.0, 0.4923],[0.8847, 0.2888],[0.858, 0.362],[0.8798, 0.4298],[0.9886, 0.5262],[0.875, 0.3489],[0.8143, 0.2541],[0.7701, 0.1833]
[1.0, 0.6727],[1.0, 0.544],[1.0, 0.3538],[1.0, 0.2118],[0.9221, 0.1697],[1.0, 0.3784],[1.0, 0.1924],[0.993, 0.2563],[1.0, 0.318],[1.0, 0.4448],[0.9619, 0.2404],[0.9231, 0.3202],[0.9522, 0.371],[1.0, 0.497],[0.9002, 0.2937],[0.8755, 0.365],[0.8968, 0.4306],[1.0, 0.5363],[0.8842, 0.3525],[0.8201, 0.2549],[0.7739, 0.1809]
[1.0, 0.6708],[1.0, 0.5459],[1.0, 0.3557],[1.0, 0.2101],[0.9352, 0.1713],[1.0, 0.3806],[1.0, 0.1948],[0.9925, 0.2645],[1.0, 0.3276],[1.0, 0.4464],[0.9619, 0.2377],[0.9153, 0.3273],[0.9415, 0.3822],[1.0, 0.4964],[0.8949, 0.2956],[0.8653, 0.376],[0.8808, 0.4454],[1.0, 0.5336],[0.8925, 0.3481],[0.8303, 0.2519],[0.7812, 0.1795]
[1.0, 0.6768],[1.0, 0.5546],[1.0, 0.3691],[1.0, 0.2186],[0.9303, 0.1705],[1.0, 0.3762],[1.0, 0.1948],[1.0, 0.27],[1.0, 0.3363],[1.0, 0.4443],[0.9619, 0.2388],[0.9289, 0.3363],[0.9663, 0.3893],[1.0, 0.4959],[0.8959, 0.303],[0.8871, 0.3918],[0.9206, 0.4609],[1.0, 0.5347],[0.892, 0.3552],[0.8308, 0.2604],[0.7827, 0.1839]
[1.0, 0.6792],[1.0, 0.5557],[1.0, 0.3637],[1.0, 0.2139],[0.9274, 0.1678],[1.0, 0.3795],[1.0, 0.1965],[0.9988, 0.2735],[1.0, 0.3396],[1.0, 0.4486],[0.9609, 0.2396],[0.926, 0.3372],[0.9614, 0.3904],[1.0, 0.5008],[0.8968, 0.3],[0.8842, 0.3893],[0.9138, 0.4609],[1.0, 0.5391],[0.8925, 0.3571],[0.8308, 0.2609],[0.7827, 0.1844]
[1.0, 0.6841],[1.0, 0.5555],[1.0, 0.3656],[1.0, 0.2167],[0.9294, 0.1697],[1.0, 0.3806],[1.0, 0.1965],[0.992, 0.2757],[1.0, 0.3456],[1.0, 0.4505],[0.9595, 0.2385],[0.9192, 0.3347],[0.9483, 0.3907],[1.0, 0.5041],[0.8939, 0.3008],[0.8725, 0.3902],[0.8939, 0.4631],[1.0, 0.5451],[0.8949, 0.3549],[0.8337, 0.2571],[0.7846, 0.1803]
[1.0, 0.6847],[1.0, 0.5571],[1.0, 0.3604],[1.0, 0.2123],[0.9294, 0.168],[1.0, 0.3828],[1.0, 0.1967],[0.9969, 0.2721],[1.0, 0.3393],[1.0, 0.4478],[0.9629, 0.2396],[0.9245, 0.3306],[0.9527, 0.3844],[1.0, 0.4967],[0.8968, 0.2978],[0.875, 0.3768],[0.8944, 0.4434],[1.0, 0.5336],[0.8905, 0.3497],[0.8293, 0.2519],[0.7793, 0.1743]
[1.0, 0.6795],[1.0, 0.5514],[1.0, 0.3601],[1.0, 0.2131],[0.9328, 0.173],[1.0, 0.3784],[1.0, 0.1929],[0.9877, 0.273],[1.0, 0.341],[1.0, 0.4475],[0.9571, 0.2404],[0.9158, 0.3328],[0.943, 0.3874],[1.0, 0.5011],[0.891, 0.3008],[0.8614, 0.3806],[0.8774, 0.4484],[1.0, 0.5404],[0.8939, 0.3525],[0.8283, 0.2527],[0.7764, 0.1757]
[1.0, 0.6888],[1.0, 0.5555],[1.0, 0.3661],[1.0, 0.22],[0.9303, 0.1741],[1.0, 0.3751],[1.0, 0.1888],[0.9954, 0.2626],[1.0, 0.3322],[1.0, 0.4445],[0.9634, 0.2339],[0.9192, 0.3265],[0.9498, 0.382],[1.0, 0.5014],[0.8949, 0.2929],[0.8667, 0.3754],[0.8857, 0.4467],[1.0, 0.5451],[0.8886, 0.3492],[0.8308, 0.2508],[0.7866, 0.1773]
[1.0, 0.682],[1.0, 0.5492],[1.0, 0.3579],[1.0, 0.2126],[0.9362, 0.1779],[1.0, 0.3765],[1.0, 0.1855],[0.9969, 0.2549],[1.0, 0.32],[1.0, 0.4421],[0.9745, 0.2292],[0.9284, 0.3183],[0.9551, 0.3727],[1.0, 0.4948],[0.9095, 0.2855],[0.8813, 0.3683],[0.9007, 0.441],[1.0, 0.5355],[0.8891, 0.3473],[0.8196, 0.2525],[0.7676, 0.1836]
[1.0, 0.674],[1.0, 0.5309],[1.0, 0.347],[1.0, 0.2077],[0.9182, 0.1667],[1.0, 0.3732],[1.0, 0.1891],[0.9983, 0.2579],[1.0, 0.3243],[1.0, 0.4429],[0.9707, 0.2347],[0.9255, 0.3224],[0.9566, 0.3768],[1.0, 0.4956],[0.9036, 0.294],[0.8735, 0.3686],[0.8934, 0.4361],[1.0, 0.5344],[0.891, 0.3514],[0.8259, 0.2511],[0.7773, 0.1762]
[1.0, 0.6669],[1.0, 0.5279],[1.0, 0.3503],[1.0, 0.2126],[0.9119, 0.1686],[1.0, 0.37],[1.0, 0.1888],[0.9983, 0.2566],[1.0, 0.3235],[1.0, 0.4363],[0.9673, 0.2325],[0.9216, 0.3194],[0.9503, 0.3751],[1.0, 0.4885],[0.8988, 0.2896],[0.8667, 0.3645],[0.8818, 0.4331],[1.0, 0.527],[0.8881, 0.347],[0.8288, 0.2519],[0.7837, 0.1833]
[1.0, 0.6773],[1.0, 0.5473],[1.0, 0.3596],[1.0, 0.2145],[0.9192, 0.1642],[1.0, 0.371],[1.0, 0.1858],[0.9901, 0.253],[1.0, 0.318],[1.0, 0.4366],[0.9673, 0.232],[0.9211, 0.3145],[0.9464, 0.3672],[1.0, 0.4904],[0.9036, 0.2869],[0.8653, 0.3568],[0.8745, 0.4227],[1.0, 0.5322],[0.8905, 0.3489],[0.8288, 0.2536],[0.7822, 0.1844]
[1.0, 0.6675],[1.0, 0.538],[1.0, 0.3404],[1.0, 0.1959],[0.924, 0.1596],[1.0, 0.3686],[1.0, 0.1812],[0.9896, 0.2495],[1.0, 0.3137],[1.0, 0.4366],[0.9643, 0.2276],[0.9221, 0.3156],[0.9478, 0.37],[1.0, 0.4891],[0.9012, 0.2861],[0.874, 0.365],[0.89, 0.4363],[1.0, 0.5279],[0.8891, 0.344],[0.8206, 0.2476],[0.7657, 0.1771]
[1.0, 0.6738],[1.0, 0.5467],[1.0, 0.3522],[1.0, 0.2055],[0.9216, 0.1593],[1.0, 0.3664],[1.0, 0.1812],[0.9896, 0.2511],[1.0, 0.3183],[1.0, 0.4333],[0.9619, 0.2301],[0.9206, 0.3156],[0.9473, 0.3686],[1.0, 0.4874],[0.9012, 0.2844],[0.8725, 0.3593],[0.8866, 0.4271],[1.0, 0.5284],[0.891, 0.3404],[0.8269, 0.2437],[0.7764, 0.173]
[1.0, 0.6803],[1.0, 0.5505],[1.0, 0.3519],[1.0, 0.2022],[0.9216, 0.1604],[1.0, 0.3642],[1.0, 0.1792],[0.994, 0.2478],[1.0, 0.3107],[1.0, 0.4279],[0.9677, 0.2227],[0.9274, 0.3126],[0.9561, 0.365],[1.0, 0.4809],[0.9056, 0.2757],[0.8823, 0.3587],[0.9031, 0.4309],[1.0, 0.5227],[0.8837, 0.3355],[0.8157, 0.2445],[0.7647, 0.1779]
[1.0, 0.6833],[1.0, 0.5508],[1.0, 0.356],[1.0, 0.2063],[0.9245, 0.165],[1.0, 0.3615],[1.0, 0.182],[0.9881, 0.2514],[1.0, 0.3139],[1.0, 0.4249],[0.9692, 0.2243],[0.9211, 0.3123],[0.9444, 0.3661],[1.0, 0.477],[0.9075, 0.2757],[0.8784, 0.3598],[0.8963, 0.435],[1.0, 0.5191],[0.8837, 0.3325],[0.8118, 0.2445],[0.7599, 0.1817]
[1.0, 0.6891],[1.0, 0.5563],[1.0, 0.3618],[1.0, 0.209],[0.9337, 0.1631],[1.0, 0.3618],[1.0, 0.1836],[0.9843, 0.2574],[1.0, 0.3235],[1.0, 0.4262],[0.9677, 0.2273],[0.9172, 0.3167],[0.9376, 0.373],[1.0, 0.4801],[0.9036, 0.2814],[0.8711, 0.3661],[0.8857, 0.4421],[1.0, 0.5243],[0.8857, 0.3342],[0.8152, 0.2391],[0.7623, 0.1705]
[1.0, 0.6872],[1.0, 0.5593],[1.0, 0.3568],[1.0, 0.2027],[0.9381, 0.1618],[1.0, 0.3612],[1.0, 0.1801],[0.9862, 0.2552],[1.0, 0.3191],[1.0, 0.4306],[0.9648, 0.2257],[0.9158, 0.3169],[0.9381, 0.3702],[1.0, 0.4855],[0.9046, 0.2822],[0.8721, 0.3656],[0.8857, 0.4396],[1.0, 0.5295],[0.8905, 0.341],[0.8206, 0.2426],[0.7662, 0.1697]
[1.0, 0.6896],[1.0, 0.5535],[1.0, 0.3516],[1.0, 0.2006],[0.9396, 0.1653],[1.0, 0.3609],[1.0, 0.1866],[0.9838, 0.2571],[1.0, 0.3205],[1.0, 0.426],[0.9668, 0.2265],[0.9158, 0.3148],[0.9371, 0.371],[1.0, 0.4814],[0.9095, 0.2822],[0.874, 0.3623],[0.8852, 0.4355],[1.0, 0.5295],[0.8968, 0.347],[0.8264, 0.2484],[0.7725, 0.176]
[1.0, 0.6893],[1.0, 0.553],[1.0, 0.353],[1.0, 0.2038],[0.9367, 0.1656],[1.0, 0.3648],[1.0, 0.1863],[0.9945, 0.2579],[1.0, 0.3183],[1.0, 0.4298],[0.9668, 0.2298],[0.9216, 0.3191],[0.9459, 0.3721],[1.0, 0.4831],[0.9099, 0.2842],[0.8759, 0.365],[0.8876, 0.4358],[1.0, 0.5276],[0.9002, 0.3462],[0.8342, 0.2516],[0.7827, 0.179]
[1.0, 0.6874],[1.0, 0.5552],[1.0, 0.3514],[1.0, 0.2016],[0.9333, 0.1648],[1.0, 0.3631],[1.0, 0.1861],[0.9935, 0.2585],[1.0, 0.321],[1.0, 0.4279],[0.9682, 0.226],[0.9231, 0.3189],[0.9483, 0.3721],[1.0, 0.4806],[0.9085, 0.2831],[0.8789, 0.3675],[0.8934, 0.4399],[1.0, 0.5243],[0.8963, 0.3445],[0.8298, 0.2497],[0.7764, 0.1773]
[1.0, 0.6833],[1.0, 0.5552],[1.0, 0.3533],[1.0, 0.2011],[0.9401, 0.1626],[1.0, 0.362],[1.0, 0.1863],[0.9954, 0.2607],[1.0, 0.323],[1.0, 0.4271],[0.9687, 0.2243],[0.9245, 0.32],[0.9503, 0.3751],[1.0, 0.4801],[0.909, 0.2847],[0.8832, 0.3738],[0.9002, 0.4484],[1.0, 0.5243],[0.8963, 0.347],[0.8279, 0.2522],[0.7725, 0.1784]
[1.0, 0.68],[1.0, 0.5519],[1.0, 0.3459],[1.0, 0.1943],[0.9371, 0.1566],[1.0, 0.3607],[1.0, 0.1853],[0.9906, 0.265],[1.0, 0.3295],[1.0, 0.4292],[0.9639, 0.2249],[0.925, 0.3238],[0.9551, 0.3801],[1.0, 0.4833],[0.9056, 0.2861],[0.8861, 0.3779],[0.907, 0.4546],[1.0, 0.5279],[0.8973, 0.3489],[0.8283, 0.2533],[0.771, 0.1801]
[1.0, 0.6735],[1.0, 0.5443],[1.0, 0.3454],[1.0, 0.1951],[0.9274, 0.1522],[1.0, 0.3582],[1.0, 0.1828],[0.9945, 0.2593],[1.0, 0.3254],[1.0, 0.4268],[0.9687, 0.2208],[0.9289, 0.32],[0.9595, 0.3754],[1.0, 0.4817],[0.9075, 0.285],[0.89, 0.376],[0.9114, 0.4508],[1.0, 0.5262],[0.8988, 0.3478],[0.8322, 0.2503],[0.7744, 0.1751]
[1.0, 0.6678],[1.0, 0.5426],[1.0, 0.3484],[1.0, 0.2003],[0.924, 0.1598],[1.0, 0.3579],[1.0, 0.1836],[0.9954, 0.2574],[1.0, 0.3219],[1.0, 0.423],[0.9692, 0.2224],[0.9294, 0.32],[0.958, 0.3757],[1.0, 0.4757],[0.9061, 0.2809],[0.8876, 0.37],[0.909, 0.4434],[1.0, 0.518],[0.8925, 0.3399],[0.8245, 0.2465],[0.7681, 0.1746]
[1.0, 0.6645],[1.0, 0.5415],[1.0, 0.3462],[1.0, 0.1981],[0.9255, 0.1579],[1.0, 0.359],[1.0, 0.1858],[0.9959, 0.2585],[1.0, 0.3202],[1.0, 0.4238],[0.9648, 0.2241],[0.9294, 0.3208],[0.9619, 0.3746],[1.0, 0.476],[0.9012, 0.2858],[0.8881, 0.3749],[0.9138, 0.447],[1.0, 0.5172],[0.8905, 0.3424],[0.823, 0.2489],[0.7681, 0.176]
[1.0, 0.671],[1.0, 0.5358],[1.0, 0.347],[1.0, 0.2011],[0.9197, 0.1571],[1.0, 0.3623],[1.0, 0.1823],[1.0, 0.2563],[1.0, 0.3202],[1.0, 0.4314],[0.9643, 0.2194],[0.9279, 0.3208],[0.9634, 0.3773],[1.0, 0.4844],[0.8993, 0.2833],[0.8857, 0.3738],[0.9133, 0.4459],[1.0, 0.5235],[0.8915, 0.3475],[0.8249, 0.2516],[0.7705, 0.1749]
[1.0, 0.6754],[1.0, 0.5448],[1.0, 0.3467],[1.0, 0.1962],[0.9274, 0.1541],[1.0, 0.3623],[1.0, 0.1844],[0.9945, 0.259],[1.0, 0.3216],[1.0, 0.4295],[0.9648, 0.2241],[0.9284, 0.3191],[0.9609, 0.3746],[1.0, 0.4825],[0.9046, 0.2842],[0.8866, 0.3683],[0.9099, 0.4396],[1.0, 0.5243],[0.8929, 0.3445],[0.8235, 0.2476],[0.7671, 0.1727]
[1.0, 0.6757],[1.0, 0.544],[1.0, 0.3454],[1.0, 0.1973],[0.925, 0.1593],[1.0, 0.3604],[1.0, 0.182],[0.9969, 0.2555],[1.0, 0.3172],[1.0, 0.4251],[0.9741, 0.218],[0.9289, 0.3118],[0.9541, 0.3667],[1.0, 0.4773],[0.9114, 0.2751],[0.8847, 0.3607],[0.9012, 0.4339],[1.0, 0.5194],[0.8949, 0.3377],[0.8259, 0.2443],[0.771, 0.1732]
[1.0, 0.6828],[1.0, 0.5514],[1.0, 0.3459],[1.0, 0.1954],[0.9221, 0.1593],[1.0, 0.3628],[1.0, 0.1828],[0.9959, 0.2574],[1.0, 0.3197],[1.0, 0.4265],[0.9716, 0.2224],[0.9347, 0.3167],[0.9648, 0.3697],[1.0, 0.4773],[0.9129, 0.2768],[0.8944, 0.3626],[0.9172, 0.4347],[1.0, 0.518],[0.8905, 0.3358],[0.8196, 0.2435],[0.7633, 0.1721]
[1.0, 0.6768],[1.0, 0.5344],[1.0, 0.3306],[1.0, 0.1869],[0.9226, 0.1557],[1.0, 0.3552],[1.0, 0.1711],[0.9838, 0.2541],[1.0, 0.3213],[1.0, 0.4298],[0.9571, 0.2205],[0.9163, 0.3186],[0.9473, 0.3724],[1.0, 0.4885],[0.8983, 0.282],[0.8706, 0.3705],[0.8871, 0.447],[1.0, 0.5352],[0.8968, 0.3432],[0.8283, 0.2413],[0.772, 0.168]
[1.0, 0.6754],[1.0, 0.5352],[1.0, 0.3347],[1.0, 0.1899],[0.9216, 0.1506],[1.0, 0.3574],[1.0, 0.1757],[0.9945, 0.2495],[1.0, 0.315],[1.0, 0.4249],[0.9702, 0.2178],[0.9289, 0.312],[0.9585, 0.3669],[1.0, 0.4792],[0.9075, 0.2776],[0.8861, 0.3637],[0.908, 0.4358],[1.0, 0.5238],[0.892, 0.3404],[0.8254, 0.2429],[0.7715, 0.1661]
[1.0, 0.6896],[1.0, 0.5508],[1.0, 0.3503],[1.0, 0.2008],[0.9182, 0.1596],[1.0, 0.3623],[1.0, 0.1776],[0.9945, 0.2544],[1.0, 0.3208],[1.0, 0.4287],[0.9711, 0.2219],[0.9289, 0.3164],[0.959, 0.37],[1.0, 0.4817],[0.9095, 0.2757],[0.8832, 0.3607],[0.9027, 0.4352],[1.0, 0.5227],[0.8886, 0.3347],[0.8201, 0.2394],[0.7662, 0.1686]
[0.9998, 0.7046],[1.0, 0.5639],[1.0, 0.3585],[1.0, 0.2049],[0.9299, 0.168],[1.0, 0.3642],[1.0, 0.1809],[0.9945, 0.2612],[1.0, 0.3279],[1.0, 0.4287],[0.9711, 0.2164],[0.9269, 0.3161],[0.9556, 0.3735],[1.0, 0.4806],[0.909, 0.2678],[0.8784, 0.3598],[0.8954, 0.4374],[1.0, 0.523],[0.8876, 0.3358],[0.8206, 0.2426],[0.7686, 0.1724]
[0.9983, 0.7186],[1.0, 0.5596],[1.0, 0.3634],[1.0, 0.2118],[0.9279, 0.1732],[1.0, 0.3631],[1.0, 0.1847],[0.993, 0.2659],[1.0, 0.3298],[1.0, 0.4271],[0.9726, 0.212],[0.9216, 0.3213],[0.9503, 0.3812],[1.0, 0.4792],[0.9051, 0.2749],[0.8701, 0.3683],[0.8847, 0.4443],[1.0, 0.5205],[0.8881, 0.3393],[0.8206, 0.2402],[0.7652, 0.1637]
[0.9911, 0.7276],[1.0, 0.5863],[1.0, 0.3822],[1.0, 0.2197],[0.9313, 0.1806],[1.0, 0.365],[1.0, 0.1801],[1.0, 0.2612],[1.0, 0.3169],[1.0, 0.4254],[0.976, 0.2093],[0.9337, 0.3071],[0.9663, 0.3634],[1.0, 0.4762],[0.9153, 0.259],[0.8857, 0.344],[0.9085, 0.4145],[1.0, 0.5191],[0.8818, 0.3312],[0.8113, 0.2514],[0.7618, 0.1896]
[0.9789, 0.7232],[1.0, 0.5328],[1.0, 0.3587],[1.0, 0.2205],[0.9245, 0.1757],[1.0, 0.3574],[1.0, 0.1855],[0.9954, 0.2631],[1.0, 0.3213],[1.0, 0.4199],[0.9731, 0.2167],[0.925, 0.3216],[0.9537, 0.3795],[1.0, 0.468],[0.9119, 0.2765],[0.8759, 0.3628],[0.8944, 0.4336],[0.9949, 0.5022],[0.8861, 0.3421],[0.8138, 0.2506],[0.7594, 0.1806]
[0.9867, 0.727],[1.0, 0.5863],[1.0, 0.3828],[1.0, 0.2183],[0.9318, 0.1664],[1.0, 0.3604],[1.0, 0.1724],[0.9979, 0.2514],[1.0, 0.3093],[1.0, 0.4219],[0.9726, 0.2126],[0.9323, 0.3047],[0.9566, 0.3604],[1.0, 0.4743],[0.9153, 0.2577],[0.8832, 0.3393],[0.8973, 0.4104],[1.0, 0.5202],[0.8861, 0.3336],[0.8138, 0.2481],[0.7579, 0.1787]
[0.9809, 0.7361],[1.0, 0.5839],[1.0, 0.3814],[1.0, 0.2178],[0.9318, 0.1683],[1.0, 0.3628],[1.0, 0.1768],[0.9911, 0.259],[1.0, 0.3161],[1.0, 0.4219],[0.9697, 0.2156],[0.9279, 0.3085],[0.9498, 0.3648],[1.0, 0.4719],[0.9158, 0.2566],[0.8813, 0.3366],[0.8925, 0.4087],[1.0, 0.5167],[0.8876, 0.3298],[0.8162, 0.2404],[0.7589, 0.1702]
[0.9765, 0.7306],[1.0, 0.5639],[1.0, 0.3779],[1.0, 0.2197],[0.9269, 0.1629],[1.0, 0.3568],[1.0, 0.1735],[0.9949, 0.253],[1.0, 0.3093],[1.0, 0.4191],[0.9726, 0.2074],[0.9284, 0.3098],[0.9512, 0.3661],[1.0, 0.4691],[0.9129, 0.2637],[0.8832, 0.3506],[0.8983, 0.423],[0.9998, 0.5096],[0.8881, 0.3344],[0.8123, 0.2418],[0.7501, 0.1664]
[0.9653, 0.7259],[1.0, 0.5443],[1.0, 0.3705],[1.0, 0.2232],[0.926, 0.1634],[1.0, 0.3514],[1.0, 0.1757],[0.9954, 0.253],[1.0, 0.3098],[1.0, 0.4148],[0.9731, 0.2123],[0.9284, 0.3153],[0.9517, 0.3691],[1.0, 0.4653],[0.9138, 0.2697],[0.8847, 0.3571],[0.9012, 0.429],[0.9954, 0.5044],[0.8842, 0.3361],[0.807, 0.2391],[0.7458, 0.1618]
[0.9653, 0.7292],[1.0, 0.5746],[1.0, 0.3779],[1.0, 0.2137],[0.924, 0.1596],[1.0, 0.3514],[1.0, 0.1689],[0.9843, 0.2541],[1.0, 0.312],[1.0, 0.4137],[0.9629, 0.2071],[0.9216, 0.3052],[0.9439, 0.3634],[1.0, 0.4675],[0.9061, 0.2604],[0.8789, 0.347],[0.8959, 0.4199],[1.0, 0.5161],[0.8842, 0.3342],[0.8079, 0.2429],[0.7477, 0.1659]
[0.9755, 0.7246],[1.0, 0.5566],[1.0, 0.359],[1.0, 0.2055],[0.9206, 0.1683],[1.0, 0.3536],[1.0, 0.1708],[0.9843, 0.2522],[1.0, 0.3098],[1.0, 0.4189],[0.9653, 0.2052],[0.9206, 0.3025],[0.9493, 0.3618],[1.0, 0.474],[0.908, 0.2615],[0.8764, 0.3426],[0.8949, 0.415],[0.9983, 0.5208],[0.8871, 0.3358],[0.8143, 0.2366],[0.7579, 0.1579]
[0.9784, 0.7229],[1.0, 0.5713],[1.0, 0.3675],[1.0, 0.2052],[0.9201, 0.1629],[1.0, 0.3533],[1.0, 0.1689],[0.9857, 0.2497],[1.0, 0.3088],[1.0, 0.415],[0.9658, 0.2049],[0.9231, 0.2997],[0.9493, 0.3579],[1.0, 0.4689],[0.908, 0.259],[0.8789, 0.341],[0.8978, 0.4107],[1.0, 0.5158],[0.8827, 0.3301],[0.8104, 0.2396],[0.755, 0.165]
[0.975, 0.732],[1.0, 0.5593],[1.0, 0.3691],[1.0, 0.2134],[0.9206, 0.1648],[1.0, 0.3544],[1.0, 0.1743],[0.9852, 0.2557],[1.0, 0.3153],[1.0, 0.415],[0.9643, 0.2068],[0.9172, 0.3088],[0.9435, 0.3678],[1.0, 0.4667],[0.9046, 0.2631],[0.8735, 0.3497],[0.8925, 0.4238],[0.993, 0.5107],[0.8793, 0.3284],[0.805, 0.2336],[0.7497, 0.1609]
[0.9721, 0.7276],[1.0, 0.5541],[1.0, 0.3738],[1.0, 0.2224],[0.9133, 0.1648],[1.0, 0.356],[1.0, 0.1727],[0.9896, 0.2462],[1.0, 0.2973],[1.0, 0.4148],[0.9716, 0.2057],[0.9221, 0.3014],[0.9425, 0.3601],[1.0, 0.4615],[0.9104, 0.2598],[0.873, 0.344],[0.8861, 0.4142],[0.992, 0.4986],[0.8793, 0.3254],[0.8031, 0.2454],[0.7477, 0.1823]
[0.9711, 0.7306],[1.0, 0.5593],[1.0, 0.3751],[0.9993, 0.22],[0.9124, 0.1568],[1.0, 0.3574],[1.0, 0.1716],[0.9862, 0.2486],[1.0, 0.3003],[1.0, 0.4169],[0.9692, 0.2123],[0.9231, 0.3033],[0.9454, 0.3593],[1.0, 0.4645],[0.9119, 0.2618],[0.874, 0.3418],[0.8871, 0.4112],[0.9993, 0.503],[0.8808, 0.3287],[0.8036, 0.2503],[0.7472, 0.1894]
[0.9677, 0.7352],[1.0, 0.5511],[1.0, 0.373],[0.9969, 0.2251],[0.9109, 0.1639],[1.0, 0.3563],[1.0, 0.1773],[0.9877, 0.2538],[1.0, 0.3055],[1.0, 0.4142],[0.9736, 0.2148],[0.9221, 0.3077],[0.9444, 0.3631],[1.0, 0.4604],[0.9163, 0.265],[0.875, 0.3462],[0.8886, 0.4159],[0.9925, 0.4967],[0.8803, 0.3292],[0.8041, 0.2519],[0.7506, 0.194]
[0.9668, 0.7322],[1.0, 0.5443],[1.0, 0.3705],[1.0, 0.2238],[0.9138, 0.1653],[1.0, 0.356],[1.0, 0.1776],[0.9862, 0.2536],[0.9974, 0.3066],[1.0, 0.4175],[0.9682, 0.2169],[0.9197, 0.3148],[0.942, 0.37],[1.0, 0.465],[0.9104, 0.2705],[0.8735, 0.3555],[0.8871, 0.4273],[0.9911, 0.5],[0.8837, 0.3325],[0.8055, 0.2481],[0.7463, 0.1839]
[0.9697, 0.7393],[1.0, 0.5768],[1.0, 0.3831],[1.0, 0.2251],[0.9197, 0.1661],[1.0, 0.3653],[1.0, 0.1757],[0.9872, 0.2571],[1.0, 0.3118],[1.0, 0.4281],[0.9682, 0.2172],[0.9231, 0.3096],[0.9449, 0.365],[1.0, 0.4787],[0.9109, 0.2648],[0.8725, 0.3454],[0.8842, 0.4169],[1.0, 0.5208],[0.8861, 0.3339],[0.8084, 0.2454],[0.7506, 0.1765]
[0.977, 0.7475],[1.0, 0.5967],[1.0, 0.391],[1.0, 0.2262],[0.9274, 0.1672],[1.0, 0.3656],[1.0, 0.1757],[0.9906, 0.2609],[1.0, 0.3205],[1.0, 0.4298],[0.9702, 0.215],[0.9265, 0.3104],[0.9522, 0.3669],[1.0, 0.4844],[0.9148, 0.2659],[0.8793, 0.3473],[0.8934, 0.4197],[1.0, 0.5322],[0.8929, 0.3437],[0.8196, 0.2484],[0.7633, 0.173]
[0.9745, 0.7494],[1.0, 0.5962],[1.0, 0.3913],[1.0, 0.2254],[0.9226, 0.1664],[1.0, 0.3689],[1.0, 0.1784],[0.9901, 0.2609],[1.0, 0.3189],[1.0, 0.4287],[0.9707, 0.2197],[0.9279, 0.3109],[0.9488, 0.3669],[1.0, 0.4806],[0.9133, 0.2669],[0.8779, 0.347],[0.8876, 0.4178],[1.0, 0.5273],[0.8881, 0.3429],[0.8152, 0.2538],[0.7574, 0.1817]
[0.976, 0.7492],[1.0, 0.5863],[1.0, 0.3861],[1.0, 0.2238],[0.9197, 0.167],[1.0, 0.365],[1.0, 0.1798],[0.9886, 0.2639],[1.0, 0.3213],[1.0, 0.4273],[0.9653, 0.2197],[0.924, 0.3156],[0.9483, 0.3727],[1.0, 0.4803],[0.9104, 0.2686],[0.8774, 0.3495],[0.8915, 0.4208],[0.9993, 0.526],[0.8866, 0.3448],[0.8147, 0.2525],[0.7574, 0.1773]
[0.9784, 0.7459],[1.0, 0.5981],[1.0, 0.3959],[1.0, 0.2273],[0.9226, 0.167],[1.0, 0.3689],[1.0, 0.1754],[0.994, 0.2552],[1.0, 0.312],[1.0, 0.4265],[0.9711, 0.2134],[0.9318, 0.3006],[0.9522, 0.3574],[1.0, 0.477],[0.9129, 0.2607],[0.8784, 0.3366],[0.8876, 0.4036],[0.9974, 0.5219],[0.8818, 0.3374],[0.8113, 0.2533],[0.754, 0.1825]
[0.9687, 0.7437],[1.0, 0.5923],[1.0, 0.3863],[1.0, 0.2191],[0.9187, 0.1686],[1.0, 0.3683],[1.0, 0.1801],[0.9872, 0.2661],[1.0, 0.3254],[1.0, 0.4276],[0.9677, 0.2208],[0.9294, 0.3128],[0.9522, 0.3708],[1.0, 0.4779],[0.9143, 0.2639],[0.8774, 0.3407],[0.8857, 0.409],[1.0, 0.5219],[0.8866, 0.338],[0.8118, 0.2516],[0.7501, 0.1809]
[0.976, 0.7426],[1.0, 0.5964],[1.0, 0.3885],[1.0, 0.221],[0.9226, 0.17],[1.0, 0.3623],[1.0, 0.1798],[0.9852, 0.2629],[1.0, 0.323],[1.0, 0.4213],[0.9639, 0.215],[0.9245, 0.3093],[0.9488, 0.368],[1.0, 0.4735],[0.9109, 0.2596],[0.8808, 0.3432],[0.8954, 0.4134],[1.0, 0.5208],[0.8847, 0.3393],[0.8128, 0.2544],[0.755, 0.1803]
[0.9736, 0.7399],[1.0, 0.591],[1.0, 0.3921],[1.0, 0.2268],[0.9197, 0.1661],[1.0, 0.3631],[1.0, 0.1814],[0.9872, 0.2623],[1.0, 0.3202],[1.0, 0.4224],[0.9648, 0.2208],[0.925, 0.3161],[0.9483, 0.373],[1.0, 0.4732],[0.9129, 0.2661],[0.8852, 0.3497],[0.9012, 0.4216],[1.0, 0.5169],[0.8837, 0.3404],[0.8084, 0.2547],[0.7487, 0.1817]
[0.9711, 0.7385],[1.0, 0.5861],[1.0, 0.3904],[1.0, 0.2279],[0.9187, 0.1727],[1.0, 0.365],[1.0, 0.1814],[0.9877, 0.2629],[1.0, 0.3202],[1.0, 0.4238],[0.9668, 0.2156],[0.925, 0.3123],[0.9483, 0.3708],[1.0, 0.4727],[0.9119, 0.2626],[0.8813, 0.3495],[0.8973, 0.4232],[1.0, 0.5139],[0.8818, 0.3358],[0.805, 0.2522],[0.7467, 0.1825]
[0.9741, 0.7355],[1.0, 0.5872],[1.0, 0.3844],[1.0, 0.218],[0.9167, 0.1639],[1.0, 0.3579],[1.0, 0.1721],[0.9775, 0.2497],[0.9945, 0.3104],[1.0, 0.4161],[0.9624, 0.2104],[0.9172, 0.2981],[0.9357, 0.3566],[1.0, 0.4675],[0.9095, 0.2566],[0.8716, 0.3366],[0.8818, 0.4066],[1.0, 0.5137],[0.8842, 0.3306],[0.8089, 0.2514],[0.7511, 0.185]
[0.9658, 0.7262],[1.0, 0.5724],[1.0, 0.3771],[1.0, 0.2164],[0.9172, 0.1596],[1.0, 0.356],[1.0, 0.1689],[0.9818, 0.2522],[1.0, 0.3109],[1.0, 0.4199],[0.9605, 0.2057],[0.9172, 0.3022],[0.9439, 0.3596],[1.0, 0.4721],[0.9056, 0.2536],[0.873, 0.3393],[0.8905, 0.4131],[1.0, 0.5169],[0.8842, 0.335],[0.8089, 0.2451],[0.7511, 0.17]
[0.9682, 0.724],[1.0, 0.5661],[1.0, 0.3574],[1.0, 0.2],[0.9158, 0.162],[1.0, 0.3516],[1.0, 0.1656],[0.9765, 0.2511],[0.9974, 0.3118],[1.0, 0.418],[0.9585, 0.2027],[0.9133, 0.3011],[0.9401, 0.3609],[1.0, 0.473],[0.9012, 0.2544],[0.8662, 0.3393],[0.8818, 0.412],[1.0, 0.5194],[0.8857, 0.3314],[0.8138, 0.238],[0.7579, 0.162]
[0.9692, 0.7224],[1.0, 0.5672],[1.0, 0.3598],[1.0, 0.2036],[0.9129, 0.1645],[1.0, 0.353],[1.0, 0.167],[0.9765, 0.2473],[0.994, 0.309],[1.0, 0.4172],[0.9614, 0.1997],[0.9148, 0.2995],[0.9415, 0.359],[1.0, 0.4705],[0.908, 0.2541],[0.8784, 0.3413],[0.8978, 0.415],[1.0, 0.5158],[0.8852, 0.3353],[0.8104, 0.2421],[0.7516, 0.1648]
[0.9682, 0.7238],[1.0, 0.5593],[1.0, 0.362],[1.0, 0.209],[0.9119, 0.1645],[1.0, 0.3489],[1.0, 0.1639],[0.9716, 0.2454],[0.9886, 0.3071],[1.0, 0.4145],[0.9556, 0.1965],[0.9051, 0.2978],[0.9318, 0.3568],[1.0, 0.4689],[0.8978, 0.2536],[0.8648, 0.3413],[0.8832, 0.415],[0.9969, 0.5142],[0.8813, 0.3317],[0.8065, 0.235],[0.7477, 0.1574]
[0.9629, 0.7224],[1.0, 0.5541],[1.0, 0.3544],[0.9881, 0.2011],[0.9085, 0.1629],[1.0, 0.3443],[1.0, 0.1604],[0.9643, 0.2478],[0.9852, 0.309],[1.0, 0.4126],[0.9483, 0.1976],[0.9007, 0.2973],[0.9294, 0.356],[1.0, 0.4694],[0.8915, 0.256],[0.8517, 0.3339],[0.8648, 0.4014],[0.9974, 0.5164],[0.8789, 0.3322],[0.8041, 0.2317],[0.7472, 0.1514]
[0.9673, 0.7183],[1.0, 0.5402],[1.0, 0.3541],[0.9877, 0.2068],[0.9075, 0.1612],[1.0, 0.3454],[1.0, 0.1656],[0.9702, 0.2503],[0.9857, 0.312],[1.0, 0.4112],[0.9507, 0.1976],[0.9046, 0.303],[0.9342, 0.362],[1.0, 0.4642],[0.89, 0.2618],[0.858, 0.3475],[0.8774, 0.4172],[0.9886, 0.5057],[0.8735, 0.3353],[0.8011, 0.2377],[0.7458, 0.1579]
[0.9692, 0.7164],[1.0, 0.5628],[1.0, 0.3628],[0.9983, 0.2025],[0.9104, 0.1566],[1.0, 0.3486],[1.0, 0.1623],[0.9745, 0.2454],[0.9949, 0.3033],[1.0, 0.4153],[0.9522, 0.197],[0.9104, 0.2962],[0.9396, 0.3533],[1.0, 0.468],[0.8944, 0.2525],[0.8653, 0.3339],[0.8842, 0.4038],[0.9881, 0.5098],[0.8745, 0.3281],[0.8045, 0.2347],[0.7497, 0.1588]
[0.9663, 0.7219],[1.0, 0.5743],[1.0, 0.3724],[1.0, 0.2047],[0.9153, 0.1489],[1.0, 0.3434],[1.0, 0.159],[0.9677, 0.2369],[0.9852, 0.2967],[1.0, 0.4022],[0.9483, 0.2011],[0.9085, 0.291],[0.9313, 0.3454],[1.0, 0.4549],[0.8929, 0.2552],[0.8687, 0.3358],[0.8866, 0.4008],[0.9954, 0.5036],[0.8691, 0.3208],[0.7982, 0.2328],[0.7424, 0.1574]
[0.9634, 0.7251],[1.0, 0.5754],[1.0, 0.3754],[0.9979, 0.2096],[0.9095, 0.1525],[1.0, 0.3454],[1.0, 0.1574],[0.9736, 0.2421],[0.9959, 0.3011],[1.0, 0.4052],[0.9527, 0.1973],[0.9143, 0.2913],[0.9405, 0.3473],[1.0, 0.4571],[0.8978, 0.247],[0.8691, 0.3281],[0.8871, 0.3965],[0.9911, 0.503],[0.8711, 0.32],[0.7987, 0.2333],[0.7429, 0.1604]
[0.9619, 0.7281],[1.0, 0.5675],[1.0, 0.3667],[0.9945, 0.2047],[0.9041, 0.1519],[1.0, 0.3478],[1.0, 0.162],[0.9711, 0.2456],[0.9901, 0.303],[1.0, 0.4055],[0.9493, 0.1989],[0.909, 0.2943],[0.9347, 0.353],[1.0, 0.4557],[0.8939, 0.2492],[0.8638, 0.3292],[0.8813, 0.3975],[0.9872, 0.5008],[0.8706, 0.3221],[0.7968, 0.2342],[0.7395, 0.1607]
[0.9658, 0.7235],[1.0, 0.5732],[1.0, 0.3713],[0.9949, 0.2052],[0.9109, 0.1459],[1.0, 0.3418],[1.0, 0.1541],[0.9726, 0.2363],[0.993, 0.2937],[1.0, 0.4006],[0.9478, 0.1932],[0.9109, 0.2853],[0.9362, 0.3421],[1.0, 0.453],[0.8925, 0.2424],[0.8599, 0.3183],[0.8735, 0.3828],[0.9872, 0.5005],[0.8691, 0.32],[0.7987, 0.2336],[0.7433, 0.1596]
[0.958, 0.7229],[1.0, 0.5713],[1.0, 0.3642],[0.9945, 0.1976],[0.9041, 0.1404],[1.0, 0.3374],[1.0, 0.1538],[0.9668, 0.2415],[0.9891, 0.3016],[1.0, 0.3997],[0.9425, 0.2011],[0.9075, 0.2948],[0.9337, 0.3497],[1.0, 0.4552],[0.8905, 0.2511],[0.8633, 0.329],[0.8803, 0.3951],[0.9852, 0.5055],[0.8691, 0.323],[0.7953, 0.2328],[0.7351, 0.1582]
[0.9639, 0.7246],[1.0, 0.5713],[1.0, 0.3656],[0.9881, 0.1989],[0.8978, 0.1396],[1.0, 0.3369],[1.0, 0.1506],[0.9653, 0.2372],[0.9862, 0.2956],[1.0, 0.3978],[0.9425, 0.1967],[0.9031, 0.2937],[0.9279, 0.3495],[1.0, 0.4516],[0.89, 0.2489],[0.8628, 0.3312],[0.8793, 0.3997],[0.9877, 0.4992],[0.8711, 0.3216],[0.7968, 0.2325],[0.7346, 0.1571]