[0.9639, 0.6316],[0.7563, 0.5813],[0.5979, 0.4412],[0.5473, 0.2712],[0.5913, 0.1481],[0.6985, 0.1862],[0.6439, 0.0],[0.6308, 0.0],[0.6314, 0.0],[0.8246, 0.1444],[0.8148, 0.0],[0.8227, 0.0],[0.8325, 0.0],[0.9409, 0.1544],[0.9495, 0.0],[0.9633, 0.0],[0.9738, 0.0],[1.0, 0.1995],[1.0, 0.0435],[1.0, 0.0],[1.0, 0.0]
[0.9685, 0.6501],[0.7615, 0.5758],[0.6111, 0.4327],[0.5539, 0.262],[0.5979, 0.1348],[0.7024, 0.1762],[0.6439, 0.0],[0.6301, 0.0],[0.6334, 0.0],[0.8279, 0.1411],[0.8207, 0.0],[0.8273, 0.0],[0.8371, 0.0],[0.9436, 0.1529],[0.9528, 0.0],[0.962, 0.0],[0.9679, 0.0],[1.0, 0.1965],[1.0, 0.0435],[1.0, 0.0],[1.0, 0.0]
[0.9705, 0.6508],[0.7629, 0.571],[0.6163, 0.4338],[0.5611, 0.2671],[0.5979, 0.1322],[0.6978, 0.1747],[0.6393, 0.0],[0.6255, 0.0],[0.6308, 0.0],[0.8246, 0.1389],[0.8181, 0.0],[0.8253, 0.0],[0.8378, 0.0],[0.9396, 0.1507],[0.9495, 0.0],[0.9587, 0.0],[0.9659, 0.0],[1.0, 0.1928],[1.0, 0.0439],[1.0, 0.0],[1.0, 0.0]
[0.9659, 0.6464],[0.7576, 0.5639],[0.6117, 0.4276],[0.5572, 0.2605],[0.6045, 0.1289],[0.6958, 0.171],[0.6387, 0.0],[0.6235, 0.0],[0.6275, 0.0],[0.824, 0.1374],[0.8187, 0.0],[0.8253, 0.0],[0.8365, 0.0],[0.9396, 0.1499],[0.9495, 0.0],[0.958, 0.0],[0.9633, 0.0],[1.0, 0.1906],[1.0, 0.0428],[1.0, 0.0],[1.0, 0.0]
[0.9666, 0.6497],[0.7543, 0.5691],[0.6071, 0.4268],[0.5559, 0.2564],[0.6019, 0.1329],[0.6991, 0.1725],[0.6439, 0.0],[0.6295, 0.0],[0.6327, 0.0],[0.8279, 0.1374],[0.824, 0.0],[0.8305, 0.0],[0.8404, 0.0],[0.9442, 0.1488],[0.9541, 0.0],[0.9626, 0.0],[0.9685, 0.0],[1.0, 0.1925],[1.0, 0.045],[1.0, 0.0],[1.0, 0.0]
[0.9626, 0.6442],[0.7537, 0.5628],[0.6071, 0.4224],[0.5578, 0.2534],[0.6058, 0.1341],[0.7004, 0.1706],[0.6459, 0.0],[0.6327, 0.0],[0.6373, 0.0],[0.8279, 0.1359],[0.824, 0.0],[0.8312, 0.0],[0.8424, 0.0],[0.9442, 0.1474],[0.9547, 0.0],[0.9646, 0.0],[0.9725, 0.0],[1.0, 0.1913],[1.0, 0.0442],[1.0, 0.0],[1.0, 0.0]
[0.9692, 0.6449],[0.7576, 0.5643],[0.6111, 0.4213],[0.5605, 0.2512],[0.6071, 0.1304],[0.7057, 0.1688],[0.6511, 0.0],[0.6387, 0.0],[0.6439, 0.0],[0.8351, 0.1341],[0.8305, 0.0],[0.8391, 0.0],[0.8509, 0.0],[0.9521, 0.1466],[0.9626, 0.0],[0.9738, 0.0],[0.9804, 0.0],[1.0, 0.1895],[1.0, 0.0446],[1.0, 0.0],[1.0, 0.0]
[0.9705, 0.6401],[0.7583, 0.561],[0.6111, 0.4131],[0.5644, 0.2438],[0.6104, 0.1296],[0.7149, 0.1633],[0.6597, 0.0],[0.6505, 0.0],[0.6571, 0.0],[0.8457, 0.1304],[0.8437, 0.0],[0.8522, 0.0],[0.8647, 0.0],[0.9659, 0.1422],[0.9771, 0.0],[0.9876, 0.0],[0.9968, 0.0],[1.0, 0.1851],[1.0, 0.0335],[1.0, 0.0],[1.0, 0.0]
[0.9823, 0.6272],[0.7655, 0.5495],[0.6209, 0.4065],[0.5749, 0.242],[0.613, 0.1233],[0.7261, 0.1481],[0.6702, 0.0],[0.6603, 0.0],[0.6676, 0.0],[0.8588, 0.1156],[0.8575, 0.0],[0.8667, 0.0],[0.8805, 0.0],[0.9797, 0.13],[0.9915, 0.0],[1.0, 0.0],[1.0, 0.0],[1.0, 0.1755],[1.0, 0.0246],[1.0, 0.0],[1.0, 0.0]
[0.9942, 0.6212],[0.7799, 0.5362],[0.6321, 0.3913],[0.5802, 0.2261],[0.6117, 0.0982],[0.7385, 0.13],[0.6833, 0.0],[0.6748, 0.0],[0.6847, 0.0],[0.8706, 0.096],[0.8719, 0.0],[0.8831, 0.0],[0.8982, 0.0],[0.9909, 0.1104],[1.0, 0.0],[1.0, 0.0],[1.0, 0.0],[1.0, 0.1592],[1.0, 0.0102],[1.0, 0.0],[1.0, 0.0]
[1.0, 0.6057],[0.7977, 0.5181],[0.6492, 0.3714],[0.5927, 0.2109],[0.6117, 0.083],[0.7615, 0.1052],[0.709, 0.0],[0.7017, 0.0],[0.7103, 0.0],[0.8936, 0.0723],[0.8982, 0.0],[0.9127, 0.0],[0.9304, 0.0],[1.0, 0.0875],[1.0, 0.0],[1.0, 0.0],[1.0, 0.0],[1.0, 0.1385],[1.0, 0.0],[1.0, 0.0],[1.0, 0.0]
[1.0, 0.5824],[0.8108, 0.4937],[0.663, 0.3436],[0.6117, 0.1869],[0.6288, 0.0753],[0.7813, 0.0683],[0.7353, 0.0],[0.7307, 0.0],[0.7405, 0.0],[0.9179, 0.0413],[0.9212, 0.0],[0.9383, 0.0],[0.9607, 0.0],[1.0, 0.0609],[1.0, 0.0],[1.0, 0.0],[1.0, 0.0],[1.0, 0.1126],[1.0, 0.0],[1.0, 0.0],[1.0, 0.0]
[1.0, 0.5584],[0.8332, 0.4708],[0.6794, 0.3226],[0.6262, 0.1673],[0.6314, 0.0402],[0.8029, 0.0442],[0.7537, 0.0],[0.7504, 0.0],[0.7635, 0.0],[0.9409, 0.0165],[0.9416, 0.0],[0.9607, 0.0],[0.9863, 0.0],[1.0, 0.0379],[1.0, 0.0],[1.0, 0.0],[1.0, 0.0],[1.0, 0.0893],[1.0, 0.0],[1.0, 0.0],[1.0, 0.0]
[1.0, 0.5432],[0.8437, 0.4512],[0.6912, 0.303],[0.64, 0.1477],[0.6262, 0.0198],[0.8292, 0.0198],[0.778, 0.0],[0.7753, 0.0],[0.7878, 0.0],[0.9679, 0.0],[0.9679, 0.0],[0.9876, 0.0],[1.0, 0.0],[1.0, 0.0195],[1.0, 0.0],[1.0, 0.0],[1.0, 0.0],[1.0, 0.0727],[1.0, 0.0],[1.0, 0.0],[1.0, 0.0]
[1.0, 0.5233],[0.8443, 0.4216],[0.7011, 0.269],[0.6505, 0.1292],[0.638, 0.0099],[0.8443, 0.0],[0.7977, 0.0],[0.7951, 0.0],[0.8102, 0.0],[0.9863, 0.0],[0.9909, 0.0],[1.0, 0.0],[1.0, 0.0],[1.0, 0.008],[1.0, 0.0],[1.0, 0.0],[1.0, 0.0],[1.0, 0.0601],[1.0, 0.0],[1.0, 0.0],[1.0, 0.0]
[1.0, 0.5203],[0.8772, 0.4368],[0.7221, 0.2834],[0.6689, 0.1352],[0.6525, 0.0073],[0.866, 0.0],[0.8187, 0.0],[0.8207, 0.0],[0.8384, 0.0],[1.0, 0.0],[1.0, 0.0],[1.0, 0.0],[1.0, 0.0],[1.0, 0.0017],[1.0, 0.0],[1.0, 0.0],[1.0, 0.0],[1.0, 0.0598],[1.0, 0.0],[1.0, 0.0],[1.0, 0.0]
[1.0, 0.5026],[0.8917, 0.4335],[0.7372, 0.2819],[0.682, 0.1389],[0.6722, 0.0206],[0.8851, 0.0],[0.8417, 0.0],[0.8522, 0.0],[0.8864, 0.0],[1.0, 0.0],[1.0, 0.0],[1.0, 0.0],[1.0, 0.0],[1.0, 0.0],[1.0, 0.0],[1.0, 0.0],[1.0, 0.0],[1.0, 0.055],[1.0, 0.0],[1.0, 0.0],[1.0, 0.0]
[1.0, 0.5007],[0.9101, 0.4434],[0.7523, 0.2952],[0.6965, 0.1529],[0.6925, 0.0361],[0.8995, 0.0017],[0.8568, 0.0],[0.8693, 0.0],[0.9094, 0.0],[1.0, 0.0],[1.0, 0.0],[1.0, 0.0],[1.0, 0.0],[1.0, 0.0],[1.0, 0.0],[1.0, 0.0],[1.0, 0.0],[1.0, 0.0616],[1.0, 0.0],[1.0, 0.0],[1.0, 0.0]
[1.0, 0.5163],[0.9219, 0.4579],[0.7681, 0.3178],[0.7031, 0.1795],[0.7077, 0.0701],[0.9212, 0.0283],[0.8831, 0.0],[0.8956, 0.0],[0.937, 0.0],[1.0, 0.0],[1.0, 0.0],[1.0, 0.0],[1.0, 0.0],[1.0, 0.0217],[1.0, 0.0],[1.0, 0.0],[1.0, 0.0],[1.0, 0.0897],[1.0, 0.0],[1.0, 0.0],[1.0, 0.0]
[1.0, 0.5285],[0.9219, 0.4756],[0.774, 0.3377],[0.7083, 0.2139],[0.7188, 0.123],[0.9317, 0.0605],[0.9009, 0.0],[0.9153, 0.0],[0.9495, 0.0],[1.0, 0.0298],[1.0, 0.0],[1.0, 0.0],[1.0, 0.0],[1.0, 0.0561],[1.0, 0.0],[1.0, 0.0],[1.0, 0.0],[1.0, 0.1267],[1.0, 0.0228],[1.0, 0.0],[1.0, 0.018]
[1.0, 0.5617],[0.9561, 0.5085],[0.801, 0.3869],[0.7287, 0.2656],[0.73, 0.1803],[0.96, 0.1514],[0.9252, 0.0],[0.9501, 0.0069],[0.9948, 0.1207],[1.0, 0.1207],[1.0, 0.0],[1.0, 0.0],[1.0, 0.0853],[1.0, 0.1348],[1.0, 0.0],[1.0, 0.0],[1.0, 0.0871],[1.0, 0.1832],[1.0, 0.0716],[1.0, 0.0786],[1.0, 0.1322]
[1.0, 0.5828],[0.9738, 0.5432],[0.8187, 0.4335],[0.7477, 0.3348],[0.7418, 0.2538],[0.9797, 0.181],[0.9574, 0.0453],[0.9909, 0.1507],[1.0, 0.2738],[1.0, 0.1684],[1.0, 0.0],[1.0, 0.1089],[1.0, 0.2383],[1.0, 0.195],[1.0, 0.0343],[1.0, 0.1281],[1.0, 0.2376],[1.0, 0.252],[1.0, 0.1304],[1.0, 0.181],[1.0, 0.259]
[1.0, 0.602],[0.9935, 0.5769],[0.8384, 0.4771],[0.7609, 0.4032],[0.7537, 0.3233],[0.9672, 0.1954],[0.9731, 0.1566],[1.0, 0.31],[1.0, 0.4342],[1.0, 0.1766],[1.0, 0.1067],[1.0, 0.2878],[1.0, 0.4298],[1.0, 0.1987],[1.0, 0.1529],[1.0, 0.3204],[1.0, 0.4372],[1.0, 0.2542],[1.0, 0.2357],[1.0, 0.354],[1.0, 0.4394]
[1.0, 0.6863],[0.9988, 0.6375],[0.8345, 0.551],[0.7504, 0.4763],[0.7767, 0.4102],[0.9423, 0.1913],[0.983, 0.2767],[1.0, 0.4675],[1.0, 0.6205],[1.0, 0.1629],[1.0, 0.2468],[1.0, 0.4697],[1.0, 0.6408],[1.0, 0.1921],[1.0, 0.3004],[1.0, 0.4893],[1.0, 0.6253],[1.0, 0.2594],[1.0, 0.3484],[1.0, 0.4948],[1.0, 0.5909]
[1.0, 0.7691],[1.0, 0.7085],[0.8351, 0.6272],[0.7661, 0.5462],[0.8016, 0.4922],[0.9324, 0.2457],[0.9896, 0.3788],[1.0, 0.5717],[1.0, 0.7133],[1.0, 0.2069],[1.0, 0.3647],[1.0, 0.5987],[1.0, 0.7673],[1.0, 0.235],[1.0, 0.4198],[1.0, 0.619],[1.0, 0.7588],[1.0, 0.3045],[1.0, 0.4516],[1.0, 0.6079],[1.0, 0.7063]
[1.0, 0.7957],[1.0, 0.7676],[0.8595, 0.7162],[0.7793, 0.6497],[0.7694, 0.5813],[0.9186, 0.2801],[0.9692, 0.4712],[1.0, 0.6638],[1.0, 0.7824],[1.0, 0.242],[1.0, 0.4641],[1.0, 0.7003],[1.0, 0.846],[1.0, 0.2741],[1.0, 0.5104],[1.0, 0.7077],[1.0, 0.8253],[1.0, 0.3466],[1.0, 0.5126],[1.0, 0.666],[1.0, 0.7499]
[1.0, 0.8227],[1.0, 0.809],[0.8568, 0.7709],[0.7773, 0.7203],[0.7727, 0.6641],[0.9199, 0.3289],[0.9626, 0.5554],[0.9968, 0.741],[1.0, 0.8519],[1.0, 0.2937],[1.0, 0.5595],[1.0, 0.7758],[1.0, 0.9029],[1.0, 0.3259],[1.0, 0.5965],[1.0, 0.7783],[1.0, 0.8811],[1.0, 0.3987],[1.0, 0.5832],[1.0, 0.7199],[1.0, 0.7909]
[1.0, 0.8294],[1.0, 0.8327],[0.8457, 0.7987],[0.774, 0.7588],[0.8095, 0.707],[0.9101, 0.3699],[0.9495, 0.6046],[0.9718, 0.7883],[0.9764, 0.873],[1.0, 0.3318],[1.0, 0.6065],[1.0, 0.8079],[1.0, 0.8818],[1.0, 0.3603],[1.0, 0.6427],[1.0, 0.8135],[1.0, 0.8689],[1.0, 0.4279],[1.0, 0.615],[1.0, 0.7429],[1.0, 0.782]
[1.0, 0.8201],[1.0, 0.8305],[0.8424, 0.8068],[0.7734, 0.7636],[0.8516, 0.7107],[0.9298, 0.3751],[0.9718, 0.6419],[0.9738, 0.8064],[0.9607, 0.8271],[1.0, 0.3418],[1.0, 0.6619],[1.0, 0.8349],[1.0, 0.8452],[1.0, 0.3728],[1.0, 0.6955],[1.0, 0.8401],[1.0, 0.8441],[1.0, 0.4386],[1.0, 0.6493],[1.0, 0.7539],[1.0, 0.7573]
[1.0, 0.8412],[0.9935, 0.8404],[0.8213, 0.7887],[0.7655, 0.7247],[0.889, 0.6811],[0.9409, 0.3706],[0.9869, 0.6405],[0.9817, 0.8013],[0.9692, 0.8038],[1.0, 0.3374],[1.0, 0.6516],[1.0, 0.8083],[1.0, 0.7953],[1.0, 0.3699],[1.0, 0.6918],[1.0, 0.8131],[1.0, 0.7894],[1.0, 0.4349],[1.0, 0.6482],[1.0, 0.7414],[1.0, 0.7277]
[1.0, 0.8589],[1.0, 0.8489],[0.8312, 0.7761],[0.7727, 0.6981],[0.8976, 0.629],[0.9639, 0.3381],[1.0, 0.5983],[0.9942, 0.7554],[0.9837, 0.7506],[1.0, 0.3119],[1.0, 0.6083],[1.0, 0.7613],[1.0, 0.7347],[1.0, 0.3496],[1.0, 0.6519],[1.0, 0.7658],[1.0, 0.7229],[1.0, 0.4179],[1.0, 0.6349],[1.0, 0.7332],[1.0, 0.7118]
[1.0, 0.8682],[0.9981, 0.8249],[0.8319, 0.7236],[0.7859, 0.6172],[0.9127, 0.5569],[0.9672, 0.2908],[1.0, 0.5344],[0.9929, 0.6793],[0.9863, 0.6815],[1.0, 0.2723],[1.0, 0.5351],[1.0, 0.6848],[1.0, 0.6918],[1.0, 0.3159],[1.0, 0.5776],[1.0, 0.6948],[1.0, 0.6848],[1.0, 0.3913],[1.0, 0.5765],[1.0, 0.6811],[1.0, 0.6852]
[1.0, 0.8349],[0.9935, 0.7983],[0.8319, 0.6752],[0.8095, 0.5455],[0.9252, 0.4752],[0.96, 0.2523],[1.0, 0.4678],[0.9961, 0.6201],[0.9837, 0.6164],[1.0, 0.2283],[1.0, 0.4664],[1.0, 0.6227],[1.0, 0.6164],[1.0, 0.2656],[1.0, 0.503],[1.0, 0.6235],[1.0, 0.5939],[1.0, 0.3337],[1.0, 0.5041],[1.0, 0.6087],[1.0, 0.5906]
[1.0, 0.7913],[0.983, 0.7573],[0.8332, 0.6423],[0.8075, 0.5144],[0.8851, 0.422],[0.9225, 0.2305],[0.9738, 0.3411],[0.985, 0.52],[0.9823, 0.5769],[1.0, 0.2058],[1.0, 0.3281],[1.0, 0.5222],[1.0, 0.5732],[1.0, 0.242],[1.0, 0.3699],[1.0, 0.5288],[1.0, 0.5595],[1.0, 0.3137],[1.0, 0.4009],[1.0, 0.5196],[1.0, 0.5399]
[1.0, 0.7491],[0.9626, 0.7048],[0.799, 0.578],[0.7517, 0.429],[0.8549, 0.3499],[0.8943, 0.205],[0.9291, 0.2767],[0.9554, 0.4568],[0.9633, 0.5595],[1.0, 0.1747],[1.0, 0.276],[1.0, 0.4749],[1.0, 0.5795],[1.0, 0.2021],[1.0, 0.3322],[1.0, 0.4926],[1.0, 0.5628],[1.0, 0.2631],[1.0, 0.3603],[1.0, 0.4763],[1.0, 0.5148]
[1.0, 0.7066],[0.9403, 0.6619],[0.7806, 0.5152],[0.7602, 0.3544],[0.866, 0.2575],[0.8989, 0.1396],[0.939, 0.2686],[0.9613, 0.4397],[0.9639, 0.5251],[1.0, 0.1067],[1.0, 0.2656],[1.0, 0.446],[1.0, 0.5344],[1.0, 0.1333],[1.0, 0.3085],[1.0, 0.4604],[1.0, 0.5189],[1.0, 0.195],[1.0, 0.3229],[1.0, 0.442],[1.0, 0.4808]
[1.0, 0.656],[0.9337, 0.6024],[0.7806, 0.463],[0.753, 0.3056],[0.8338, 0.2087],[0.8844, 0.1074],[0.914, 0.1891],[0.935, 0.3496],[0.9331, 0.4213],[1.0, 0.0686],[1.0, 0.1939],[1.0, 0.3728],[1.0, 0.4397],[1.0, 0.0904],[1.0, 0.2327],[1.0, 0.385],[1.0, 0.4346],[1.0, 0.1477],[1.0, 0.2509],[1.0, 0.3691],[1.0, 0.4035]
[1.0, 0.6113],[0.9094, 0.5418],[0.7629, 0.3858],[0.7353, 0.2209],[0.822, 0.1322],[0.8785, 0.0627],[0.9061, 0.1211],[0.9285, 0.2812],[0.9324, 0.4076],[1.0, 0.0298],[1.0, 0.1363],[1.0, 0.313],[1.0, 0.4394],[1.0, 0.0557],[1.0, 0.1806],[1.0, 0.3311],[1.0, 0.4324],[1.0, 0.1159],[1.0, 0.1965],[1.0, 0.3167],[1.0, 0.3895]
[1.0, 0.5617],[0.9061, 0.4819],[0.7642, 0.3333],[0.732, 0.1625],[0.8181, 0.0546],[0.8588, 0.042],[0.8857, 0.0461],[0.9101, 0.2146],[0.9199, 0.3411],[1.0, 0.0065],[1.0, 0.0527],[1.0, 0.2353],[1.0, 0.3569],[1.0, 0.0232],[1.0, 0.0956],[1.0, 0.2509],[1.0, 0.3514],[1.0, 0.0738],[1.0, 0.1156],[1.0, 0.2335],[1.0, 0.3056]
[1.0, 0.5096],[0.8719, 0.4309],[0.7412, 0.2749],[0.7201, 0.1078],[0.7773, 0.005],[0.8371, 0.0],[0.8752, 0.0],[0.8943, 0.1636],[0.8989, 0.2675],[0.9731, 0.0],[0.9981, 0.0],[0.9935, 0.1673],[0.9876, 0.2819],[1.0, 0.0],[1.0, 0.0331],[1.0, 0.1862],[1.0, 0.2834],[1.0, 0.0339],[1.0, 0.0598],[1.0, 0.1795],[1.0, 0.2531]
[1.0, 0.4726],[0.8535, 0.4069],[0.7123, 0.2435],[0.6906, 0.0586],[0.7813, 0.0],[0.8345, 0.0],[0.843, 0.0],[0.8529, 0.1256],[0.8641, 0.2339],[0.9587, 0.0],[0.9639, 0.0],[0.9574, 0.1378],[0.9593, 0.2468],[1.0, 0.0],[1.0, 0.0],[1.0, 0.1525],[1.0, 0.2472],[1.0, 0.025],[1.0, 0.0191],[1.0, 0.14],[1.0, 0.208]
[1.0, 0.4519],[0.82, 0.3961],[0.6722, 0.2302],[0.6492, 0.0446],[0.732, 0.0],[0.778, 0.0217],[0.7865, 0.0],[0.7937, 0.0867],[0.8023, 0.1899],[0.9022, 0.005],[0.9028, 0.0],[0.9055, 0.117],[0.9107, 0.2239],[1.0, 0.0143],[1.0, 0.0],[1.0, 0.1348],[0.9942, 0.2346],[1.0, 0.0476],[1.0, 0.0],[1.0, 0.1233],[1.0, 0.2002]
[0.9685, 0.4579],[0.7845, 0.395],[0.6446, 0.2242],[0.6189, 0.0416],[0.6939, 0.0],[0.7523, 0.0309],[0.7661, 0.0],[0.7615, 0.069],[0.7615, 0.1773],[0.87, 0.025],[0.8831, 0.0],[0.8752, 0.1052],[0.8713, 0.218],[0.9843, 0.0428],[0.9909, 0.0],[0.9731, 0.127],[0.9574, 0.232],[1.0, 0.0842],[1.0, 0.0039],[1.0, 0.1219],[1.0, 0.2043]
[0.9436, 0.4686],[0.7615, 0.3924],[0.6209, 0.2302],[0.5887, 0.0476],[0.6735, 0.0],[0.7215, 0.0527],[0.7346, 0.0],[0.7412, 0.0797],[0.7484, 0.1873],[0.8397, 0.049],[0.8496, 0.0],[0.8575, 0.1215],[0.8601, 0.2294],[0.9547, 0.0653],[0.96, 0.0],[0.9528, 0.1359],[0.9409, 0.242],[1.0, 0.1056],[1.0, 0.0147],[1.0, 0.1278],[1.0, 0.2128]
[0.9225, 0.4815],[0.7438, 0.4083],[0.6019, 0.2501],[0.5651, 0.066],[0.6433, 0.0],[0.6886, 0.0793],[0.7057, 0.0],[0.7221, 0.0975],[0.7267, 0.2006],[0.8069, 0.0745],[0.824, 0.0],[0.8411, 0.14],[0.8371, 0.2368],[0.9212, 0.0897],[0.937, 0.0014],[0.9416, 0.1599],[0.9252, 0.2549],[1.0, 0.1289],[1.0, 0.0379],[1.0, 0.1536],[1.0, 0.2305]
[0.8976, 0.4904],[0.7155, 0.4235],[0.5756, 0.2671],[0.5401, 0.086],[0.6097, 0.0],[0.6656, 0.0938],[0.6761, 0.0],[0.686, 0.1015],[0.6939, 0.2106],[0.7813, 0.0878],[0.7898, 0.0],[0.8043, 0.1429],[0.8069, 0.252],[0.8943, 0.1],[0.8969, 0.015],[0.9015, 0.1644],[0.8943, 0.2679],[1.0, 0.1341],[0.9955, 0.0468],[0.9896, 0.157],[0.9791, 0.2394]
[0.8765, 0.5026],[0.7004, 0.4264],[0.569, 0.2671],[0.5342, 0.0923],[0.6078, 0.0],[0.659, 0.0949],[0.6557, 0.0],[0.6669, 0.1134],[0.6827, 0.2254],[0.7747, 0.0956],[0.7694, 0.0],[0.7806, 0.1647],[0.7911, 0.2775],[0.8877, 0.1126],[0.8752, 0.035],[0.8733, 0.1906],[0.8733, 0.2971],[1.0, 0.1488],[0.9777, 0.0657],[0.9646, 0.1762],[0.9587, 0.2579]
[0.8654, 0.5203],[0.6925, 0.4361],[0.5664, 0.2775],[0.5335, 0.1041],[0.6065, 0.0],[0.6676, 0.1049],[0.6643, 0.0],[0.6695, 0.1263],[0.6847, 0.2431],[0.7786, 0.1074],[0.7707, 0.0147],[0.778, 0.1766],[0.7891, 0.2971],[0.8864, 0.1259],[0.87, 0.049],[0.8634, 0.2013],[0.8641, 0.3148],[0.9955, 0.1644],[0.9672, 0.0782],[0.9482, 0.1854],[0.9423, 0.2756]
[0.8654, 0.5266],[0.6919, 0.4397],[0.5572, 0.2849],[0.5243, 0.1115],[0.6051, 0.0],[0.6656, 0.1182],[0.659, 0.0095],[0.663, 0.1348],[0.6741, 0.2534],[0.7753, 0.12],[0.7622, 0.0246],[0.7661, 0.1751],[0.7734, 0.3008],[0.8818, 0.1352],[0.8601, 0.0561],[0.8509, 0.1999],[0.847, 0.3207],[0.9889, 0.1681],[0.9528, 0.0838],[0.9298, 0.1865],[0.9199, 0.2823]
[0.8595, 0.5432],[0.682, 0.4512],[0.5513, 0.2963],[0.521, 0.1182],[0.6032, 0.0],[0.6676, 0.1341],[0.6669, 0.0228],[0.6656, 0.144],[0.6715, 0.2601],[0.776, 0.1378],[0.7701, 0.0376],[0.7707, 0.1869],[0.7727, 0.3119],[0.8805, 0.1548],[0.8693, 0.0683],[0.8555, 0.2102],[0.845, 0.3322],[0.985, 0.1888],[0.962, 0.0964],[0.9357, 0.1947],[0.9186, 0.2919]
[0.8457, 0.5421],[0.6774, 0.4571],[0.5427, 0.3034],[0.5059, 0.1285],[0.59, 0.011],[0.6472, 0.1322],[0.6439, 0.0195],[0.6472, 0.1396],[0.6551, 0.2579],[0.7576, 0.1344],[0.7504, 0.0379],[0.7537, 0.1917],[0.7583, 0.3204],[0.8654, 0.1525],[0.8529, 0.0727],[0.8424, 0.2198],[0.8365, 0.3418],[0.9712, 0.1895],[0.9455, 0.1004],[0.9245, 0.201],[0.914, 0.2952]
[0.8535, 0.5521],[0.6807, 0.466],[0.5447, 0.3085],[0.5066, 0.1292],[0.59, 0.0139],[0.6446, 0.1396],[0.6505, 0.032],[0.6597, 0.1536],[0.6682, 0.2723],[0.7543, 0.14],[0.753, 0.0461],[0.7602, 0.2024],[0.7655, 0.327],[0.8608, 0.1559],[0.8555, 0.0771],[0.847, 0.2261],[0.8391, 0.3444],[0.9659, 0.1902],[0.9488, 0.1052],[0.9304, 0.2098],[0.9179, 0.3011]
[0.8535, 0.5455],[0.6755, 0.4664],[0.5427, 0.3085],[0.5099, 0.127],[0.592, 0.011],[0.6485, 0.1422],[0.6538, 0.0306],[0.6597, 0.1492],[0.6689, 0.266],[0.7563, 0.1433],[0.7556, 0.0479],[0.7615, 0.2043],[0.7681, 0.33],[0.8601, 0.1596],[0.8568, 0.0768],[0.8457, 0.2246],[0.8391, 0.344],[0.9659, 0.1913],[0.9482, 0.1089],[0.9291, 0.2095],[0.9186, 0.2982]
[0.847, 0.5492],[0.6702, 0.4675],[0.5394, 0.3111],[0.5066, 0.1315],[0.5894, 0.0143],[0.6419, 0.154],[0.6492, 0.0387],[0.6557, 0.1518],[0.6643, 0.2679],[0.7497, 0.1544],[0.7556, 0.0553],[0.7596, 0.205],[0.7609, 0.3329],[0.8549, 0.1692],[0.8568, 0.0853],[0.845, 0.2298],[0.8345, 0.3518],[0.9593, 0.201],[0.9475, 0.1156],[0.9291, 0.2154],[0.916, 0.3089]
[0.8417, 0.5569],[0.6669, 0.4741],[0.5388, 0.3155],[0.5079, 0.1381],[0.5894, 0.0202],[0.6413, 0.1555],[0.6465, 0.0446],[0.6525, 0.167],[0.6617, 0.2856],[0.7491, 0.157],[0.751, 0.062],[0.7543, 0.2161],[0.7556, 0.3429],[0.8542, 0.1732],[0.8496, 0.0912],[0.8378, 0.2387],[0.8286, 0.3595],[0.9587, 0.2072],[0.9377, 0.1207],[0.9193, 0.225],[0.9074, 0.3189]
[0.847, 0.5599],[0.6676, 0.4789],[0.5388, 0.3196],[0.5118, 0.1433],[0.5913, 0.025],[0.6433, 0.1581],[0.6472, 0.0494],[0.6518, 0.1721],[0.659, 0.2908],[0.7523, 0.1599],[0.7484, 0.0635],[0.7537, 0.2206],[0.7583, 0.3481],[0.8588, 0.1762],[0.8503, 0.0919],[0.8397, 0.2438],[0.8312, 0.3666],[0.9646, 0.208],[0.9449, 0.1182],[0.9239, 0.222],[0.9107, 0.3167]
[0.8535, 0.5651],[0.6781, 0.4871],[0.546, 0.3252],[0.5158, 0.1444],[0.5966, 0.0265],[0.6571, 0.1592],[0.6663, 0.0509],[0.6709, 0.1762],[0.6761, 0.2923],[0.7635, 0.1621],[0.7655, 0.0646],[0.7681, 0.2254],[0.7681, 0.3507],[0.866, 0.1788],[0.8654, 0.0912],[0.8503, 0.2431],[0.8384, 0.364],[0.9699, 0.2113],[0.9567, 0.1193],[0.935, 0.2224],[0.9206, 0.3155]
[0.8522, 0.5647],[0.6787, 0.49],[0.5447, 0.3292],[0.5112, 0.1488],[0.594, 0.0294],[0.6459, 0.1585],[0.6551, 0.0483],[0.6636, 0.1747],[0.6728, 0.2904],[0.7537, 0.1596],[0.7596, 0.062],[0.7648, 0.2268],[0.7668, 0.3518],[0.8588, 0.1755],[0.8647, 0.0908],[0.8503, 0.2483],[0.8365, 0.368],[0.9646, 0.2084],[0.9561, 0.1248],[0.9357, 0.2346],[0.9186, 0.3263]
[0.8489, 0.5669],[0.6761, 0.4808],[0.548, 0.3255],[0.5118, 0.1474],[0.5913, 0.0265],[0.6492, 0.1581],[0.6557, 0.0513],[0.6643, 0.1758],[0.6761, 0.2908],[0.7556, 0.1588],[0.755, 0.0642],[0.7622, 0.2239],[0.7688, 0.347],[0.8601, 0.1755],[0.8575, 0.089],[0.8457, 0.2413],[0.8378, 0.361],[0.9653, 0.2087],[0.9475, 0.1233],[0.9285, 0.2291],[0.9166, 0.3196]
[0.8542, 0.5651],[0.6755, 0.4808],[0.5427, 0.3255],[0.5099, 0.1455],[0.592, 0.0265],[0.6446, 0.1592],[0.6472, 0.0501],[0.6577, 0.1777],[0.6715, 0.2923],[0.753, 0.1592],[0.751, 0.0646],[0.7596, 0.2276],[0.7688, 0.3484],[0.8581, 0.1747],[0.8535, 0.0893],[0.8443, 0.2438],[0.8411, 0.3625],[0.9633, 0.2072],[0.9442, 0.12],[0.9265, 0.2265],[0.9206, 0.3159]
[0.8489, 0.561],[0.6709, 0.4823],[0.5414, 0.3233],[0.5092, 0.1448],[0.592, 0.0291],[0.6465, 0.1607],[0.6505, 0.0468],[0.6557, 0.1714],[0.6663, 0.2845],[0.755, 0.161],[0.7537, 0.0623],[0.7589, 0.2228],[0.7655, 0.3451],[0.8601, 0.1769],[0.8549, 0.0919],[0.8443, 0.2457],[0.8391, 0.3629],[0.9672, 0.2098],[0.9482, 0.1215],[0.9291, 0.2268],[0.9199, 0.3167]
[0.8509, 0.5643],[0.6748, 0.4878],[0.5447, 0.3289],[0.5099, 0.1514],[0.594, 0.035],[0.6406, 0.1614],[0.6439, 0.0472],[0.6544, 0.1721],[0.6676, 0.2867],[0.751, 0.1607],[0.7491, 0.0609],[0.7563, 0.2235],[0.7629, 0.3436],[0.8581, 0.1758],[0.8542, 0.0915],[0.8437, 0.2483],[0.8378, 0.3629],[0.9666, 0.2084],[0.9501, 0.1196],[0.9317, 0.2261],[0.9206, 0.313]
[0.8496, 0.5699],[0.6709, 0.4915],[0.5401, 0.3322],[0.5105, 0.154],[0.5907, 0.0365],[0.636, 0.1629],[0.6433, 0.0483],[0.6525, 0.1718],[0.6623, 0.2849],[0.7477, 0.164],[0.7517, 0.0653],[0.7583, 0.2276],[0.7622, 0.3488],[0.8555, 0.1803],[0.8568, 0.0971],[0.8457, 0.2527],[0.8345, 0.3677],[0.9646, 0.2135],[0.9521, 0.1267],[0.9317, 0.2327],[0.9153, 0.3196]
[0.8509, 0.5721],[0.6722, 0.4904],[0.544, 0.3292],[0.5177, 0.1529],[0.5953, 0.0361],[0.6452, 0.1618],[0.6511, 0.052],[0.6564, 0.1773],[0.6649, 0.2889],[0.7556, 0.167],[0.7569, 0.0708],[0.7589, 0.2335],[0.7635, 0.351],[0.8627, 0.1847],[0.8601, 0.1034],[0.8443, 0.2583],[0.8351, 0.3703],[0.9712, 0.2169],[0.9528, 0.1289],[0.9311, 0.2357],[0.9186, 0.3226]
[0.8529, 0.5761],[0.6741, 0.4926],[0.5467, 0.3314],[0.5204, 0.1555],[0.5992, 0.0405],[0.6472, 0.1621],[0.6492, 0.0557],[0.6557, 0.181],[0.6656, 0.2952],[0.7576, 0.1658],[0.7543, 0.0742],[0.7569, 0.2346],[0.7622, 0.3525],[0.866, 0.184],[0.8588, 0.1045],[0.8437, 0.2571],[0.8371, 0.3691],[0.9751, 0.2187],[0.9541, 0.1304],[0.9324, 0.2353],[0.9212, 0.3211]
[0.8509, 0.575],[0.6748, 0.4911],[0.546, 0.3303],[0.5184, 0.1551],[0.5999, 0.0413],[0.6485, 0.1607],[0.6485, 0.0546],[0.6538, 0.1832],[0.6643, 0.2971],[0.7596, 0.1644],[0.753, 0.0716],[0.755, 0.2364],[0.7642, 0.3518],[0.8687, 0.184],[0.8581, 0.1023],[0.8443, 0.2583],[0.8424, 0.3666],[0.9784, 0.2209],[0.9554, 0.1326],[0.935, 0.2364],[0.9304, 0.3155]
[0.8489, 0.5776],[0.6755, 0.4882],[0.5486, 0.3307],[0.5171, 0.1603],[0.5887, 0.0394],[0.6492, 0.1633],[0.6511, 0.0586],[0.6557, 0.1843],[0.6649, 0.2974],[0.7596, 0.1666],[0.7543, 0.0742],[0.7576, 0.2357],[0.7648, 0.3521],[0.868, 0.1858],[0.8588, 0.106],[0.8457, 0.2597],[0.8411, 0.3695],[0.9764, 0.2224],[0.9541, 0.1344],[0.9337, 0.239],[0.9258, 0.3215]
[0.8529, 0.5798],[0.6768, 0.4919],[0.5467, 0.334],[0.5112, 0.161],[0.5835, 0.0379],[0.6518, 0.1681],[0.6538, 0.0594],[0.661, 0.1799],[0.6702, 0.2952],[0.7622, 0.1706],[0.7602, 0.076],[0.7661, 0.2342],[0.7701, 0.3595],[0.8693, 0.1888],[0.8627, 0.1078],[0.8522, 0.2594],[0.845, 0.378],[0.9764, 0.2239],[0.9561, 0.1381],[0.937, 0.2413],[0.9278, 0.3292]
[0.8588, 0.5891],[0.6794, 0.4978],[0.5486, 0.3388],[0.5138, 0.1625],[0.592, 0.0409],[0.6518, 0.1784],[0.6636, 0.0694],[0.6728, 0.1891],[0.6814, 0.3052],[0.7615, 0.1792],[0.7681, 0.0816],[0.7753, 0.2387],[0.7767, 0.3651],[0.8693, 0.1954],[0.8713, 0.1089],[0.8601, 0.2579],[0.8489, 0.3784],[0.9758, 0.2287],[0.9626, 0.1385],[0.9449, 0.2409],[0.9331, 0.3311]
[0.8535, 0.5828],[0.6748, 0.4941],[0.5453, 0.3385],[0.5099, 0.1655],[0.5907, 0.0472],[0.6505, 0.1714],[0.6564, 0.0653],[0.6636, 0.1843],[0.6735, 0.2978],[0.7602, 0.1721],[0.7609, 0.0827],[0.7668, 0.2431],[0.7714, 0.3666],[0.868, 0.1891],[0.8647, 0.1071],[0.8529, 0.2605],[0.8443, 0.3791],[0.9758, 0.2239],[0.958, 0.1414],[0.9383, 0.2449],[0.9265, 0.3307]
[0.8496, 0.5828],[0.6755, 0.4952],[0.5473, 0.3374],[0.5138, 0.1655],[0.5953, 0.0498],[0.6525, 0.1714],[0.659, 0.0646],[0.663, 0.1851],[0.6702, 0.3],[0.7629, 0.174],[0.7655, 0.0823],[0.7694, 0.2405],[0.7714, 0.3677],[0.8706, 0.1921],[0.87, 0.1119],[0.8562, 0.2634],[0.8443, 0.3839],[0.9777, 0.2276],[0.9626, 0.1429],[0.9416, 0.2468],[0.9271, 0.3359]
[0.8516, 0.5824],[0.6768, 0.4967],[0.5486, 0.3388],[0.5138, 0.167],[0.592, 0.0483],[0.6564, 0.1729],[0.6623, 0.066],[0.6682, 0.1888],[0.6774, 0.3067],[0.7661, 0.1758],[0.7675, 0.083],[0.7721, 0.2409],[0.774, 0.3673],[0.8726, 0.1936],[0.8706, 0.1137],[0.8568, 0.2645],[0.8457, 0.3832],[0.9784, 0.2287],[0.9633, 0.1444],[0.9409, 0.2475],[0.9265, 0.3362]
[0.8522, 0.5802],[0.6755, 0.4963],[0.5467, 0.337],[0.5118, 0.1614],[0.59, 0.0435],[0.663, 0.1755],[0.6649, 0.0653],[0.6663, 0.1928],[0.6761, 0.3045],[0.7714, 0.178],[0.7668, 0.0808],[0.7714, 0.2446],[0.7793, 0.3636],[0.8765, 0.195],[0.8667, 0.11],[0.8555, 0.2653],[0.8522, 0.3799],[0.9823, 0.2287],[0.962, 0.1444],[0.9409, 0.2505],[0.9331, 0.3355]
[0.8522, 0.578],[0.6761, 0.4956],[0.546, 0.3362],[0.5125, 0.1618],[0.5907, 0.0453],[0.6649, 0.1743],[0.6643, 0.0664],[0.6656, 0.1936],[0.6768, 0.3056],[0.774, 0.1777],[0.7668, 0.0808],[0.7714, 0.2435],[0.7793, 0.3636],[0.8785, 0.195],[0.8673, 0.1104],[0.8562, 0.2645],[0.8529, 0.3806],[0.9823, 0.2287],[0.9626, 0.1444],[0.9423, 0.249],[0.9357, 0.3344]
[0.8562, 0.5758],[0.6807, 0.4989],[0.5473, 0.3385],[0.5125, 0.1636],[0.59, 0.0483],[0.6663, 0.1743],[0.6649, 0.0649],[0.6643, 0.1888],[0.6728, 0.3008],[0.7747, 0.1769],[0.7655, 0.0801],[0.7681, 0.2413],[0.776, 0.3636],[0.8798, 0.1939],[0.8654, 0.1089],[0.8522, 0.2627],[0.8483, 0.3806],[0.985, 0.2272],[0.9613, 0.1414],[0.939, 0.2457],[0.9311, 0.3326]
[0.8568, 0.575],[0.6794, 0.4967],[0.5473, 0.3392],[0.5138, 0.1636],[0.5907, 0.0476],[0.6643, 0.1755],[0.6663, 0.0653],[0.6676, 0.1906],[0.6761, 0.3041],[0.7734, 0.178],[0.7701, 0.0805],[0.7727, 0.242],[0.778, 0.3655],[0.8792, 0.1947],[0.8713, 0.1097],[0.8575, 0.2634],[0.8509, 0.3825],[0.9843, 0.2268],[0.9672, 0.1414],[0.9436, 0.2453],[0.9317, 0.3337]
[0.8516, 0.575],[0.6761, 0.4978],[0.5493, 0.3377],[0.5184, 0.1633],[0.5933, 0.0439],[0.6603, 0.1732],[0.6656, 0.0668],[0.6728, 0.1932],[0.682, 0.3089],[0.7721, 0.1755],[0.7707, 0.0786],[0.7767, 0.2401],[0.7819, 0.3655],[0.8798, 0.1932],[0.8752, 0.1126],[0.8627, 0.2671],[0.8529, 0.385],[0.9863, 0.2272],[0.9712, 0.144],[0.9482, 0.2483],[0.9331, 0.3359]
[0.8549, 0.5773],[0.6794, 0.4974],[0.5506, 0.3362],[0.5171, 0.1629],[0.592, 0.0453],[0.663, 0.1699],[0.6649, 0.0631],[0.6695, 0.1899],[0.6801, 0.3041],[0.7734, 0.1736],[0.7694, 0.0779],[0.774, 0.2401],[0.7813, 0.3643],[0.8811, 0.1917],[0.8726, 0.1104],[0.8588, 0.2642],[0.8516, 0.3821],[0.9876, 0.2261],[0.9672, 0.1422],[0.9436, 0.2468],[0.9317, 0.3348]
[0.8641, 0.5839],[0.6853, 0.5011],[0.5559, 0.3407],[0.5237, 0.1625],[0.5999, 0.0428],[0.6682, 0.1792],[0.6768, 0.0679],[0.6801, 0.1943],[0.6866, 0.3082],[0.7773, 0.1806],[0.778, 0.0812],[0.7832, 0.242],[0.7891, 0.3662],[0.8838, 0.1965],[0.8805, 0.1137],[0.868, 0.266],[0.8601, 0.3836],[0.9896, 0.2287],[0.9771, 0.14],[0.9547, 0.2427],[0.9416, 0.3322]
[0.8641, 0.5798],[0.6879, 0.4963],[0.5585, 0.337],[0.5243, 0.1614],[0.5999, 0.0442],[0.6663, 0.1725],[0.6702, 0.0635],[0.6728, 0.1925],[0.6814, 0.3082],[0.7767, 0.1755],[0.7714, 0.0793],[0.7773, 0.2431],[0.7859, 0.3658],[0.8838, 0.1936],[0.8759, 0.1067],[0.8634, 0.262],[0.8581, 0.3806],[0.9915, 0.2287],[0.9725, 0.1392],[0.9501, 0.2431],[0.939, 0.3322]
[0.8634, 0.5773],[0.6879, 0.4908],[0.5598, 0.3329],[0.5263, 0.1599],[0.6045, 0.0428],[0.6741, 0.1699],[0.6748, 0.0642],[0.6774, 0.1899],[0.6879, 0.3048],[0.7832, 0.1736],[0.7793, 0.0797],[0.7832, 0.2401],[0.7911, 0.3647],[0.889, 0.1921],[0.8818, 0.1134],[0.868, 0.2642],[0.8621, 0.3817],[0.9942, 0.2265],[0.9771, 0.1403],[0.9534, 0.2401],[0.9416, 0.3285]
[0.8608, 0.5798],[0.6879, 0.4933],[0.5611, 0.3329],[0.5256, 0.1633],[0.6019, 0.0446],[0.6709, 0.1655],[0.6735, 0.0664],[0.6833, 0.1899],[0.6952, 0.307],[0.7806, 0.1684],[0.7819, 0.0812],[0.7872, 0.2424],[0.7918, 0.3703],[0.8871, 0.188],[0.8871, 0.1145],[0.8733, 0.2656],[0.8627, 0.385],[0.9922, 0.2242],[0.9823, 0.1429],[0.9593, 0.2416],[0.9429, 0.3281]
[0.8621, 0.5776],[0.6906, 0.4911],[0.5598, 0.3337],[0.5243, 0.1644],[0.6005, 0.0468],[0.6682, 0.164],[0.6682, 0.0627],[0.6781, 0.1884],[0.6899, 0.3056],[0.7786, 0.1681],[0.7767, 0.0779],[0.7839, 0.2398],[0.7918, 0.3662],[0.8864, 0.188],[0.8818, 0.1115],[0.8713, 0.2645],[0.8647, 0.3832],[0.9922, 0.2257],[0.9771, 0.1444],[0.9561, 0.2453],[0.9449, 0.3303]
[0.8614, 0.5765],[0.6886, 0.4915],[0.5624, 0.3344],[0.5309, 0.1633],[0.6058, 0.045],[0.6676, 0.1655],[0.6695, 0.0635],[0.6768, 0.1902],[0.6879, 0.3085],[0.778, 0.1688],[0.7767, 0.0797],[0.7819, 0.239],[0.7865, 0.3673],[0.8851, 0.1877],[0.8785, 0.1111],[0.8667, 0.2623],[0.8595, 0.3828],[0.9915, 0.2235],[0.9699, 0.1414],[0.9495, 0.2442],[0.939, 0.334]
[0.8614, 0.5743],[0.6853, 0.4897],[0.5591, 0.3311],[0.5269, 0.1599],[0.5999, 0.0442],[0.6676, 0.1681],[0.6728, 0.0575],[0.6748, 0.1836],[0.6827, 0.2997],[0.7767, 0.1729],[0.774, 0.0745],[0.776, 0.235],[0.7819, 0.3581],[0.8838, 0.1925],[0.8765, 0.106],[0.8634, 0.2597],[0.8562, 0.3765],[0.9909, 0.2287],[0.9699, 0.1414],[0.9488, 0.2468],[0.939, 0.3333]
[0.8621, 0.5739],[0.686, 0.4889],[0.5585, 0.3303],[0.5237, 0.1577],[0.5992, 0.0435],[0.6663, 0.1681],[0.6728, 0.0546],[0.6735, 0.1814],[0.6807, 0.2982],[0.7767, 0.1732],[0.774, 0.0731],[0.776, 0.2339],[0.7813, 0.3595],[0.8844, 0.1921],[0.8785, 0.103],[0.8634, 0.256],[0.8542, 0.3762],[0.9915, 0.2279],[0.9718, 0.1385],[0.9482, 0.2446],[0.935, 0.3366]
[0.8647, 0.5747],[0.6886, 0.4893],[0.5611, 0.3314],[0.5276, 0.1581],[0.6045, 0.042],[0.6649, 0.1692],[0.6774, 0.0605],[0.6807, 0.188],[0.6879, 0.303],[0.776, 0.1736],[0.7799, 0.0749],[0.7826, 0.2361],[0.7845, 0.3614],[0.8838, 0.1928],[0.8838, 0.1089],[0.87, 0.2616],[0.8575, 0.3799],[0.9902, 0.2291],[0.9771, 0.1426],[0.9541, 0.2505],[0.9383, 0.3425]
[0.8634, 0.5717],[0.6866, 0.49],[0.5591, 0.3322],[0.5276, 0.1596],[0.6025, 0.0446],[0.6669, 0.1677],[0.6774, 0.0594],[0.682, 0.1869],[0.6886, 0.3019],[0.778, 0.1725],[0.7813, 0.0742],[0.7839, 0.2364],[0.7859, 0.361],[0.8844, 0.1913],[0.8864, 0.1115],[0.8713, 0.2653],[0.8562, 0.3817],[0.9902, 0.2272],[0.9797, 0.1459],[0.9561, 0.2546],[0.9363, 0.344]
[0.8608, 0.571],[0.686, 0.4863],[0.5611, 0.3285],[0.5296, 0.1592],[0.6032, 0.0428],[0.6702, 0.1625],[0.6755, 0.0583],[0.6787, 0.1847],[0.6886, 0.2985],[0.7793, 0.1673],[0.778, 0.0745],[0.778, 0.2372],[0.7839, 0.3584],[0.8844, 0.1873],[0.8792, 0.1085],[0.8627, 0.2623],[0.8549, 0.3762],[0.9896, 0.2242],[0.9725, 0.1422],[0.9488, 0.2494],[0.9363, 0.3355]
[0.8667, 0.5713],[0.6939, 0.4948],[0.5644, 0.3366],[0.5283, 0.1629],[0.6038, 0.0479],[0.6715, 0.171],[0.6787, 0.0601],[0.682, 0.1854],[0.6906, 0.2993],[0.7819, 0.1747],[0.7852, 0.0771],[0.7859, 0.2401],[0.7885, 0.361],[0.8884, 0.1925],[0.8871, 0.11],[0.8719, 0.2642],[0.8614, 0.3773],[0.9935, 0.2268],[0.9823, 0.1426],[0.9613, 0.2501],[0.9475, 0.3359]
[0.8713, 0.5769],[0.6978, 0.5059],[0.569, 0.3436],[0.5361, 0.1681],[0.6065, 0.0509],[0.6741, 0.1777],[0.6827, 0.066],[0.6899, 0.1928],[0.7011, 0.3041],[0.7859, 0.1806],[0.7905, 0.0816],[0.7937, 0.2453],[0.797, 0.364],[0.8917, 0.1984],[0.893, 0.1193],[0.8792, 0.2734],[0.8673, 0.3825],[0.9968, 0.2313],[0.9889, 0.1459],[0.9666, 0.2531],[0.9501, 0.3374]
[0.8765, 0.5846],[0.6991, 0.5085],[0.5716, 0.3429],[0.5447, 0.1662],[0.615, 0.0476],[0.6781, 0.1795],[0.6893, 0.0697],[0.6965, 0.198],[0.705, 0.3155],[0.7898, 0.1825],[0.797, 0.0849],[0.8023, 0.2486],[0.8043, 0.3736],[0.8969, 0.2002],[0.8995, 0.1207],[0.8871, 0.2745],[0.8739, 0.3898],[1.0, 0.2339],[0.9929, 0.1496],[0.9705, 0.2583],[0.9534, 0.3466]
[0.8805, 0.5858],[0.7024, 0.5096],[0.5762, 0.3451],[0.548, 0.1699],[0.6203, 0.0524],[0.6827, 0.1777],[0.6912, 0.0705],[0.7004, 0.1991],[0.7123, 0.3152],[0.7944, 0.181],[0.799, 0.0893],[0.8049, 0.2538],[0.8095, 0.378],[0.9009, 0.1984],[0.9009, 0.123],[0.8884, 0.2775],[0.8779, 0.3939],[1.0, 0.2305],[0.9955, 0.1503],[0.9731, 0.2583],[0.9561, 0.3477]
[0.8805, 0.5898],[0.7024, 0.5055],[0.5749, 0.3411],[0.5473, 0.1655],[0.6222, 0.049],[0.686, 0.178],[0.6925, 0.0701],[0.6998, 0.198],[0.7103, 0.313],[0.7977, 0.1825],[0.801, 0.0871],[0.8056, 0.249],[0.8089, 0.3751],[0.9041, 0.201],[0.9055, 0.1233],[0.891, 0.2753],[0.8779, 0.3932],[1.0, 0.2357],[1.0, 0.1525],[0.9758, 0.2568],[0.9561, 0.3466]
[0.8851, 0.5902],[0.7083, 0.5026],[0.5802, 0.3414],[0.548, 0.1677],[0.6249, 0.0498],[0.6879, 0.178],[0.6912, 0.0705],[0.7024, 0.1976],[0.7155, 0.313],[0.797, 0.1814],[0.7997, 0.089],[0.8062, 0.2505],[0.8102, 0.3751],[0.9028, 0.1999],[0.9035, 0.12],[0.8917, 0.2723],[0.8818, 0.3902],[1.0, 0.235],[0.9961, 0.1511],[0.9751, 0.2546],[0.962, 0.3433]
[0.8838, 0.5943],[0.7077, 0.5041],[0.5821, 0.3407],[0.5539, 0.167],[0.6288, 0.0479],[0.6893, 0.1766],[0.6912, 0.0734],[0.7057, 0.2006],[0.7221, 0.3155],[0.7983, 0.1792],[0.8003, 0.0878],[0.8089, 0.2512],[0.8154, 0.3762],[0.9041, 0.1976],[0.9028, 0.1193],[0.893, 0.2727],[0.8864, 0.3898],[1.0, 0.2327],[0.9955, 0.1503],[0.9745, 0.2538],[0.9626, 0.3399]
[0.8844, 0.5946],[0.7077, 0.5037],[0.5789, 0.3436],[0.5467, 0.1658],[0.6262, 0.0498],[0.6847, 0.178],[0.6958, 0.069],[0.7031, 0.1913],[0.7109, 0.307],[0.7957, 0.1803],[0.8036, 0.0853],[0.8089, 0.2453],[0.8108, 0.3736],[0.9028, 0.198],[0.9074, 0.12],[0.893, 0.2693],[0.8798, 0.3902],[1.0, 0.2327],[1.0, 0.1496],[0.9784, 0.2501],[0.96, 0.3399]
[0.8818, 0.5946],[0.7063, 0.5007],[0.5795, 0.3399],[0.5486, 0.1644],[0.6308, 0.049],[0.6932, 0.1747],[0.6971, 0.0664],[0.7017, 0.1877],[0.7116, 0.3004],[0.8016, 0.1799],[0.8016, 0.0849],[0.8049, 0.2449],[0.8102, 0.3695],[0.9068, 0.1999],[0.9035, 0.1196],[0.8877, 0.2708],[0.8792, 0.3898],[1.0, 0.2364],[0.9975, 0.1503],[0.9725, 0.2505],[0.9587, 0.3388]
[0.8864, 0.5968],[0.7116, 0.5004],[0.5861, 0.3396],[0.5545, 0.1658],[0.6334, 0.0505],[0.6952, 0.1747],[0.7017, 0.0712],[0.7077, 0.1958],[0.7175, 0.3089],[0.8029, 0.1792],[0.8056, 0.0864],[0.8089, 0.2468],[0.8128, 0.3703],[0.9074, 0.1987],[0.9061, 0.1193],[0.891, 0.2697],[0.8798, 0.3873],[1.0, 0.2346],[0.9975, 0.1533],[0.9731, 0.2549],[0.9574, 0.3414]
[0.8825, 0.6002],[0.7096, 0.5059],[0.5874, 0.3436],[0.5578, 0.171],[0.6341, 0.0557],[0.6945, 0.1751],[0.7011, 0.0727],[0.7096, 0.1991],[0.7215, 0.313],[0.8036, 0.1788],[0.8062, 0.0882],[0.8108, 0.2509],[0.8154, 0.3747],[0.9094, 0.1987],[0.9087, 0.1207],[0.893, 0.2723],[0.8825, 0.3898],[1.0, 0.2364],[1.0, 0.1536],[0.9771, 0.2553],[0.9613, 0.3425]
[0.8838, 0.5943],[0.7096, 0.5055],[0.5874, 0.3429],[0.5618, 0.1677],[0.6387, 0.0524],[0.6985, 0.1766],[0.7037, 0.0708],[0.7109, 0.1969],[0.7208, 0.31],[0.8069, 0.1806],[0.8069, 0.0882],[0.8108, 0.2501],[0.8154, 0.3725],[0.9107, 0.2017],[0.9087, 0.1204],[0.8923, 0.2727],[0.8811, 0.3891],[1.0, 0.2401],[1.0, 0.1555],[0.9764, 0.2586],[0.9593, 0.3466]
[0.8877, 0.5917],[0.7169, 0.5111],[0.5907, 0.3448],[0.5611, 0.1673],[0.6387, 0.0509],[0.6985, 0.1814],[0.7129, 0.0731],[0.7182, 0.1995],[0.7247, 0.3126],[0.8075, 0.1843],[0.8167, 0.0904],[0.8194, 0.2557],[0.8194, 0.3769],[0.9114, 0.2032],[0.9186, 0.1207],[0.9035, 0.2767],[0.8884, 0.3921],[1.0, 0.2383],[1.0, 0.1551],[0.9902, 0.2631],[0.9718, 0.3503]
[0.8884, 0.585],[0.7162, 0.5052],[0.5881, 0.3436],[0.5578, 0.1684],[0.6347, 0.0546],[0.6925, 0.1766],[0.7011, 0.0679],[0.7129, 0.1925],[0.7241, 0.3093],[0.8029, 0.1792],[0.8082, 0.0875],[0.8148, 0.2498],[0.8174, 0.3725],[0.9087, 0.198],[0.912, 0.1163],[0.8995, 0.2701],[0.8884, 0.3858],[1.0, 0.2339],[1.0, 0.1514],[0.9869, 0.2571],[0.9712, 0.3425]
[0.8831, 0.5843],[0.7142, 0.5033],[0.5867, 0.344],[0.5545, 0.1699],[0.636, 0.0564],[0.6893, 0.1729],[0.6971, 0.0664],[0.7044, 0.1925],[0.7136, 0.3093],[0.8003, 0.1773],[0.8016, 0.0849],[0.8056, 0.2468],[0.8089, 0.3703],[0.9068, 0.1973],[0.9055, 0.1141],[0.891, 0.2682],[0.8798, 0.3865],[1.0, 0.2357],[0.9994, 0.1492],[0.9771, 0.2557],[0.96, 0.3462]
[0.8857, 0.5846],[0.7116, 0.5063],[0.5835, 0.3455],[0.5545, 0.1699],[0.6347, 0.0568],[0.6847, 0.1792],[0.6952, 0.0679],[0.705, 0.1947],[0.7142, 0.3111],[0.797, 0.1832],[0.8043, 0.0856],[0.8089, 0.2472],[0.8095, 0.3732],[0.9041, 0.2024],[0.9074, 0.1174],[0.8943, 0.2701],[0.8811, 0.3898],[1.0, 0.2383],[1.0, 0.1488],[0.9804, 0.2523],[0.9646, 0.344]
[0.8864, 0.5869],[0.709, 0.5015],[0.5841, 0.3422],[0.5559, 0.1666],[0.6347, 0.0505],[0.6893, 0.1803],[0.6978, 0.0697],[0.7063, 0.1939],[0.7155, 0.31],[0.799, 0.184],[0.8043, 0.0856],[0.8089, 0.2449],[0.8095, 0.3721],[0.9048, 0.2028],[0.9081, 0.1174],[0.893, 0.2679],[0.8792, 0.3869],[1.0, 0.2387],[1.0, 0.1499],[0.9791, 0.2498],[0.9607, 0.3388]
[0.8897, 0.5858],[0.7123, 0.5022],[0.5841, 0.3429],[0.5532, 0.1651],[0.6334, 0.0498],[0.6866, 0.1817],[0.7017, 0.0694],[0.7103, 0.1932],[0.7169, 0.3104],[0.797, 0.1851],[0.8095, 0.0856],[0.8148, 0.2457],[0.8135, 0.3743],[0.9022, 0.2024],[0.914, 0.117],[0.8995, 0.2679],[0.8825, 0.3887],[1.0, 0.2361],[1.0, 0.1485],[0.9863, 0.2516],[0.9666, 0.3433]
[0.8844, 0.5817],[0.709, 0.4978],[0.5828, 0.3403],[0.5545, 0.1658],[0.6341, 0.0509],[0.6893, 0.1755],[0.6998, 0.0694],[0.705, 0.1962],[0.7136, 0.3122],[0.799, 0.1788],[0.8056, 0.0819],[0.8082, 0.2453],[0.8121, 0.3732],[0.9041, 0.198],[0.9094, 0.1152],[0.8949, 0.2686],[0.8831, 0.3884],[1.0, 0.2335],[1.0, 0.1492],[0.981, 0.2538],[0.9639, 0.3422]
[0.8772, 0.5835],[0.705, 0.4959],[0.5848, 0.3396],[0.5572, 0.1684],[0.6354, 0.0538],[0.6912, 0.1747],[0.7024, 0.072],[0.7057, 0.1987],[0.7123, 0.3141],[0.7997, 0.178],[0.8043, 0.0845],[0.8056, 0.2483],[0.8075, 0.3754],[0.9055, 0.1973],[0.9074, 0.1182],[0.8897, 0.2749],[0.8752, 0.3954],[1.0, 0.2342],[0.9981, 0.1555],[0.9718, 0.2686],[0.9521, 0.3614]
[0.8811, 0.585],[0.7083, 0.4959],[0.5854, 0.3392],[0.5572, 0.1692],[0.636, 0.0575],[0.6925, 0.174],[0.7011, 0.0731],[0.705, 0.1999],[0.7109, 0.3155],[0.8023, 0.1792],[0.8036, 0.086],[0.8056, 0.249],[0.8075, 0.3762],[0.9094, 0.1995],[0.9074, 0.1204],[0.891, 0.276],[0.8772, 0.3961],[1.0, 0.2376],[0.9994, 0.1585],[0.9738, 0.2701],[0.9561, 0.3614]
[0.8818, 0.5843],[0.7109, 0.5007],[0.5854, 0.3418],[0.5559, 0.1703],[0.6387, 0.0646],[0.6939, 0.178],[0.7077, 0.0734],[0.7116, 0.201],[0.7162, 0.3167],[0.8043, 0.1851],[0.8102, 0.0875],[0.8128, 0.2512],[0.8121, 0.378],[0.9114, 0.2058],[0.9147, 0.1211],[0.8989, 0.2767],[0.8818, 0.3969],[1.0, 0.2424],[1.0, 0.1592],[0.983, 0.2686],[0.962, 0.3592]
[0.8871, 0.5898],[0.7142, 0.5059],[0.5933, 0.3459],[0.5598, 0.1751],[0.6373, 0.0601],[0.6991, 0.184],[0.7123, 0.0786],[0.7188, 0.2043],[0.7261, 0.3174],[0.8082, 0.1884],[0.8174, 0.0938],[0.8213, 0.2586],[0.8207, 0.3806],[0.9127, 0.208],[0.9212, 0.1292],[0.9055, 0.2845],[0.8884, 0.3987],[1.0, 0.2442],[1.0, 0.1625],[0.9915, 0.2719],[0.9692, 0.3595]
[0.889, 0.5898],[0.7142, 0.5037],[0.592, 0.3466],[0.5651, 0.1758],[0.6406, 0.0605],[0.7024, 0.1832],[0.7096, 0.0812],[0.7169, 0.2065],[0.728, 0.3218],[0.8115, 0.1877],[0.8161, 0.0927],[0.82, 0.2538],[0.822, 0.3813],[0.916, 0.2072],[0.9193, 0.127],[0.9035, 0.279],[0.8897, 0.3983],[1.0, 0.2435],[1.0, 0.1618],[0.9856, 0.2671],[0.9666, 0.3581]
[0.891, 0.5928],[0.7169, 0.5067],[0.592, 0.3455],[0.5618, 0.1732],[0.6433, 0.0616],[0.7011, 0.1858],[0.7162, 0.0816],[0.7221, 0.2061],[0.7274, 0.3215],[0.8102, 0.1902],[0.8207, 0.0975],[0.824, 0.2601],[0.822, 0.3858],[0.916, 0.2091],[0.9239, 0.1274],[0.9087, 0.2827],[0.8923, 0.4032],[1.0, 0.2438],[1.0, 0.161],[0.9922, 0.2701],[0.9712, 0.3618]
[0.8943, 0.5939],[0.7201, 0.5111],[0.5933, 0.3503],[0.5605, 0.1747],[0.6426, 0.0598],[0.6978, 0.1873],[0.7123, 0.0793],[0.7215, 0.2069],[0.728, 0.3229],[0.8075, 0.191],[0.8187, 0.0956],[0.8246, 0.2601],[0.8233, 0.3847],[0.9133, 0.2087],[0.9225, 0.1256],[0.9081, 0.2823],[0.8923, 0.4009],[1.0, 0.2431],[1.0, 0.1625],[0.9909, 0.2723],[0.9685, 0.3621]
[0.8943, 0.5924],[0.7195, 0.5074],[0.5933, 0.351],[0.5605, 0.1762],[0.6419, 0.0616],[0.6971, 0.1884],[0.7129, 0.0797],[0.7208, 0.2069],[0.728, 0.3218],[0.8069, 0.191],[0.8181, 0.096],[0.8233, 0.2605],[0.824, 0.3847],[0.9133, 0.2087],[0.9225, 0.1267],[0.9094, 0.2827],[0.8949, 0.4009],[1.0, 0.2442],[1.0, 0.1625],[0.9929, 0.2708],[0.9725, 0.3595]
[0.8956, 0.5924],[0.7221, 0.5092],[0.5953, 0.3492],[0.5611, 0.1732],[0.6413, 0.0564],[0.6991, 0.1865],[0.7123, 0.0775],[0.7201, 0.2072],[0.7287, 0.3222],[0.8089, 0.1895],[0.8174, 0.0938],[0.8227, 0.2605],[0.8253, 0.3847],[0.9147, 0.2072],[0.9212, 0.1248],[0.9074, 0.2827],[0.8943, 0.402],[1.0, 0.242],[1.0, 0.161],[0.9902, 0.2712],[0.9705, 0.361]
[0.8969, 0.592],[0.7234, 0.5092],[0.5966, 0.3496],[0.5624, 0.1732],[0.6439, 0.0586],[0.705, 0.1877],[0.7123, 0.0771],[0.7169, 0.2069],[0.7267, 0.3181],[0.8121, 0.1906],[0.8141, 0.0938],[0.8167, 0.262],[0.822, 0.3802],[0.9166, 0.208],[0.9153, 0.1237],[0.9002, 0.283],[0.8923, 0.3972],[1.0, 0.2409],[1.0, 0.1573],[0.9843, 0.2671],[0.9692, 0.354]
[0.8963, 0.5913],[0.7221, 0.507],[0.5959, 0.3459],[0.5644, 0.1714],[0.6446, 0.0572],[0.7083, 0.1828],[0.7155, 0.0797],[0.7201, 0.208],[0.7293, 0.3226],[0.8161, 0.1865],[0.8167, 0.0927],[0.8207, 0.2571],[0.8246, 0.3825],[0.9199, 0.2047],[0.9179, 0.1233],[0.9028, 0.2771],[0.8917, 0.3965],[1.0, 0.2383],[1.0, 0.1555],[0.9843, 0.2623],[0.9672, 0.3533]
[0.8989, 0.5865],[0.7221, 0.514],[0.592, 0.3477],[0.5651, 0.1662],[0.6465, 0.0527],[0.7037, 0.1847],[0.7175, 0.076],[0.7221, 0.2061],[0.7293, 0.3178],[0.8135, 0.188],[0.82, 0.0908],[0.824, 0.259],[0.8266, 0.3806],[0.9173, 0.2061],[0.9225, 0.1219],[0.9081, 0.2801],[0.8943, 0.3954],[1.0, 0.2387],[1.0, 0.1585],[0.9942, 0.2679],[0.9751, 0.3536]
[0.8969, 0.5939],[0.7201, 0.5111],[0.5953, 0.347],[0.5697, 0.171],[0.6485, 0.0561],[0.7037, 0.1832],[0.7162, 0.0779],[0.7208, 0.2058],[0.728, 0.3207],[0.8141, 0.1865],[0.8227, 0.0927],[0.824, 0.2575],[0.8253, 0.3791],[0.9193, 0.2069],[0.9265, 0.1267],[0.9087, 0.2815],[0.8956, 0.395],[1.0, 0.2446],[1.0, 0.1629],[0.9961, 0.2697],[0.9771, 0.3533]
[0.9009, 0.5968],[0.7221, 0.5074],[0.5953, 0.3462],[0.5697, 0.1703],[0.6505, 0.0546],[0.7057, 0.1858],[0.7175, 0.0801],[0.7254, 0.2032],[0.7326, 0.3192],[0.8148, 0.188],[0.8246, 0.0956],[0.8279, 0.2568],[0.8266, 0.3832],[0.9186, 0.2069],[0.9278, 0.1263],[0.912, 0.2782],[0.8963, 0.3972],[1.0, 0.2427],[1.0, 0.1647],[0.9955, 0.2679],[0.9751, 0.3529]
[0.8982, 0.5887],[0.7234, 0.5089],[0.594, 0.3466],[0.5637, 0.1699],[0.6406, 0.0546],[0.6971, 0.181],[0.7096, 0.0716],[0.7208, 0.1936],[0.7293, 0.3085],[0.8075, 0.184],[0.8167, 0.0915],[0.824, 0.2542],[0.8246, 0.3788],[0.9133, 0.2017],[0.9212, 0.1207],[0.9081, 0.2741],[0.891, 0.3917],[1.0, 0.2361],[1.0, 0.1614],[0.9929, 0.2679],[0.9718, 0.3529]
[0.8963, 0.5895],[0.7215, 0.5007],[0.5946, 0.3436],[0.5605, 0.1684],[0.64, 0.0535],[0.6945, 0.1803],[0.7096, 0.0757],[0.7208, 0.1987],[0.732, 0.3144],[0.8043, 0.1821],[0.8167, 0.0893],[0.822, 0.2531],[0.8233, 0.3799],[0.9094, 0.2002],[0.9199, 0.1204],[0.9061, 0.2749],[0.8917, 0.3939],[1.0, 0.2357],[1.0, 0.1581],[0.9896, 0.2656],[0.9699, 0.3533]
[0.8956, 0.5876],[0.7228, 0.5067],[0.5913, 0.3459],[0.5591, 0.1673],[0.64, 0.0509],[0.6958, 0.1784],[0.7057, 0.0708],[0.7162, 0.1991],[0.7307, 0.3155],[0.8049, 0.181],[0.8095, 0.0834],[0.8167, 0.2505],[0.8233, 0.3754],[0.9101, 0.1999],[0.9133, 0.1126],[0.9002, 0.2712],[0.8903, 0.3902],[1.0, 0.2361],[1.0, 0.1551],[0.9843, 0.2631],[0.9672, 0.3492]
[0.8917, 0.5883],[0.7201, 0.5007],[0.5933, 0.3414],[0.5585, 0.1677],[0.6387, 0.0527],[0.6945, 0.174],[0.7083, 0.072],[0.7182, 0.201],[0.7313, 0.317],[0.8043, 0.1777],[0.8121, 0.0842],[0.8167, 0.252],[0.8227, 0.378],[0.9094, 0.1973],[0.9153, 0.1163],[0.9015, 0.2753],[0.891, 0.3943],[1.0, 0.2346],[1.0, 0.1548],[0.9856, 0.2623],[0.9672, 0.3488]
[0.8923, 0.588],[0.7201, 0.503],[0.594, 0.3411],[0.5598, 0.1658],[0.638, 0.0509],[0.6991, 0.1766],[0.7109, 0.0705],[0.7188, 0.198],[0.7293, 0.3111],[0.8069, 0.1795],[0.8135, 0.0864],[0.8174, 0.2538],[0.822, 0.3762],[0.912, 0.198],[0.916, 0.1148],[0.9009, 0.2741],[0.8897, 0.3921],[1.0, 0.2335],[1.0, 0.1533],[0.9863, 0.2612],[0.9679, 0.3473]
[0.8917, 0.5909],[0.7195, 0.5018],[0.5959, 0.3418],[0.5624, 0.1692],[0.64, 0.0572],[0.6991, 0.1777],[0.7129, 0.0716],[0.7195, 0.1991],[0.728, 0.313],[0.8082, 0.1821],[0.8154, 0.0867],[0.8181, 0.2538],[0.8207, 0.3765],[0.914, 0.2017],[0.9199, 0.1196],[0.9028, 0.2775],[0.8903, 0.3947],[1.0, 0.2379],[1.0, 0.1525],[0.9889, 0.259],[0.9699, 0.3462]
[0.8995, 0.5939],[0.7254, 0.5111],[0.5986, 0.3466],[0.5683, 0.1695],[0.6446, 0.0568],[0.6991, 0.1825],[0.7188, 0.0745],[0.7274, 0.2017],[0.7326, 0.313],[0.8082, 0.1862],[0.8246, 0.0904],[0.8273, 0.2575],[0.824, 0.3754],[0.9133, 0.205],[0.9291, 0.1248],[0.9127, 0.283],[0.893, 0.3939],[1.0, 0.2413],[1.0, 0.1577],[1.0, 0.2675],[0.9777, 0.3514]
[0.8982, 0.5946],[0.7241, 0.5063],[0.5992, 0.3448],[0.5683, 0.1695],[0.6446, 0.0568],[0.7011, 0.1828],[0.7234, 0.0742],[0.7313, 0.2002],[0.7359, 0.3148],[0.8102, 0.1873],[0.8305, 0.0915],[0.8332, 0.2553],[0.8299, 0.3799],[0.9147, 0.2065],[0.9363, 0.1274],[0.9193, 0.2812],[0.8976, 0.3983],[1.0, 0.2427],[1.0, 0.161],[1.0, 0.2682],[0.9791, 0.3577]
[0.8995, 0.5961],[0.7247, 0.5078],[0.6005, 0.3448],[0.5716, 0.171],[0.6459, 0.0557],[0.7063, 0.1799],[0.7247, 0.0782],[0.7326, 0.2061],[0.7399, 0.3218],[0.8154, 0.1836],[0.8325, 0.0956],[0.8371, 0.2597],[0.8351, 0.3865],[0.9193, 0.2028],[0.937, 0.1292],[0.9212, 0.2823],[0.9022, 0.4006],[1.0, 0.2387],[1.0, 0.1644],[1.0, 0.2723],[0.981, 0.361]
[0.9015, 0.5961],[0.7241, 0.507],[0.5999, 0.3436],[0.5723, 0.1688],[0.6492, 0.0557],[0.7011, 0.1803],[0.7201, 0.0749],[0.73, 0.2039],[0.7346, 0.3218],[0.8128, 0.184],[0.8286, 0.0956],[0.8351, 0.2594],[0.8325, 0.3876],[0.9199, 0.2028],[0.9344, 0.1252],[0.9212, 0.2793],[0.9028, 0.4006],[1.0, 0.2394],[1.0, 0.1614],[1.0, 0.2705],[0.9823, 0.3614]
[0.8956, 0.592],[0.7221, 0.4963],[0.6045, 0.3399],[0.5789, 0.1695],[0.6557, 0.0535],[0.707, 0.1803],[0.7201, 0.0793],[0.7267, 0.2054],[0.7346, 0.32],[0.8161, 0.1851],[0.8266, 0.0919],[0.8292, 0.2546],[0.8292, 0.3825],[0.9219, 0.2047],[0.9285, 0.1237],[0.9133, 0.2782],[0.8995, 0.4002],[1.0, 0.2416],[1.0, 0.1588],[0.9975, 0.2656],[0.9804, 0.3584]
[0.8963, 0.5968],[0.7234, 0.507],[0.6019, 0.3451],[0.5743, 0.1699],[0.6518, 0.052],[0.7077, 0.1851],[0.7208, 0.0782],[0.7287, 0.2054],[0.7385, 0.3192],[0.8181, 0.1888],[0.8279, 0.0927],[0.8305, 0.2575],[0.8325, 0.3821],[0.9232, 0.2084],[0.9298, 0.1219],[0.914, 0.2767],[0.9022, 0.3954],[1.0, 0.2453],[1.0, 0.1596],[0.9994, 0.2645],[0.9837, 0.3533]
[0.8995, 0.5968],[0.7228, 0.5015],[0.6025, 0.3429],[0.5756, 0.1692],[0.6531, 0.0535],[0.7103, 0.1847],[0.7208, 0.0771],[0.7274, 0.2021],[0.7372, 0.3144],[0.82, 0.1888],[0.8273, 0.0938],[0.8305, 0.2568],[0.8325, 0.3813],[0.9252, 0.2087],[0.9278, 0.1244],[0.9127, 0.2775],[0.9035, 0.3972],[1.0, 0.2453],[1.0, 0.1618],[0.9961, 0.2649],[0.9843, 0.3536]
[0.9035, 0.598],[0.7267, 0.5041],[0.6032, 0.3436],[0.5756, 0.1695],[0.6531, 0.0568],[0.7142, 0.1891],[0.7228, 0.0797],[0.7326, 0.2013],[0.7438, 0.3144],[0.822, 0.1932],[0.8299, 0.0956],[0.8345, 0.2579],[0.8371, 0.3847],[0.9265, 0.212],[0.9317, 0.1292],[0.9179, 0.2815],[0.9068, 0.4009],[1.0, 0.2464],[1.0, 0.1621],[1.0, 0.2623],[0.9896, 0.347]
[0.9041, 0.5957],[0.73, 0.5078],[0.6025, 0.3459],[0.5723, 0.1695],[0.6518, 0.0561],[0.7123, 0.1873],[0.7234, 0.0745],[0.7326, 0.1962],[0.7418, 0.3104],[0.8213, 0.1913],[0.8292, 0.0934],[0.8345, 0.256],[0.8345, 0.3847],[0.9258, 0.2098],[0.9317, 0.1259],[0.9179, 0.2797],[0.9028, 0.4009],[1.0, 0.2435],[1.0, 0.1599],[1.0, 0.2634],[0.9843, 0.3529]
[0.9028, 0.5961],[0.7287, 0.5063],[0.6038, 0.3466],[0.5736, 0.1699],[0.6557, 0.0575],[0.7136, 0.1854],[0.7247, 0.0771],[0.7339, 0.1987],[0.7431, 0.3144],[0.822, 0.1888],[0.8299, 0.0956],[0.8338, 0.2568],[0.8345, 0.385],[0.9271, 0.2072],[0.9331, 0.1263],[0.9173, 0.279],[0.9022, 0.4006],[1.0, 0.2424],[1.0, 0.1625],[1.0, 0.2675],[0.981, 0.3569]
[0.9048, 0.5987],[0.7313, 0.51],[0.6058, 0.3484],[0.5756, 0.1695],[0.6584, 0.0561],[0.7155, 0.1888],[0.7254, 0.079],[0.7346, 0.2017],[0.7458, 0.3163],[0.824, 0.1917],[0.8312, 0.0964],[0.8351, 0.2575],[0.8358, 0.3847],[0.9285, 0.2102],[0.9337, 0.127],[0.9173, 0.2786],[0.9015, 0.4002],[1.0, 0.2449],[1.0, 0.1647],[0.9994, 0.2693],[0.9784, 0.3606]
[0.9061, 0.5976],[0.73, 0.5092],[0.6051, 0.3462],[0.5756, 0.1673],[0.6564, 0.0535],[0.7136, 0.1899],[0.7267, 0.0771],[0.7353, 0.2006],[0.7445, 0.3133],[0.822, 0.1936],[0.8325, 0.0956],[0.8378, 0.2579],[0.8384, 0.3836],[0.9271, 0.2124],[0.935, 0.1263],[0.9199, 0.2786],[0.9041, 0.3991],[1.0, 0.2475],[1.0, 0.1647],[1.0, 0.269],[0.9823, 0.3595]
[0.9035, 0.5983],[0.7267, 0.5074],[0.6051, 0.3462],[0.5775, 0.1706],[0.6564, 0.0561],[0.7116, 0.1902],[0.728, 0.0812],[0.7379, 0.2043],[0.7477, 0.3174],[0.8207, 0.1939],[0.8365, 0.0982],[0.8404, 0.2612],[0.8397, 0.388],[0.9245, 0.2128],[0.939, 0.1304],[0.9225, 0.2834],[0.9061, 0.4035],[1.0, 0.2494],[1.0, 0.1673],[1.0, 0.273],[0.9863, 0.3632]
[0.9028, 0.5939],[0.7313, 0.507],[0.6084, 0.3444],[0.5808, 0.171],[0.6636, 0.0612],[0.7162, 0.1832],[0.7247, 0.0782],[0.7346, 0.2032],[0.7451, 0.3185],[0.824, 0.1873],[0.8319, 0.0956],[0.8371, 0.2583],[0.8384, 0.3865],[0.9291, 0.2072],[0.9337, 0.1263],[0.9193, 0.2808],[0.9055, 0.402],[1.0, 0.2446],[1.0, 0.1662],[1.0, 0.2723],[0.9837, 0.3618]
[0.9022, 0.5972],[0.732, 0.5096],[0.613, 0.3462],[0.5848, 0.1736],[0.6643, 0.0579],[0.7208, 0.1851],[0.7326, 0.0827],[0.7405, 0.2076],[0.7517, 0.3226],[0.8286, 0.1888],[0.8365, 0.0971],[0.8397, 0.2594],[0.8424, 0.3865],[0.9324, 0.2091],[0.937, 0.1311],[0.9219, 0.2841],[0.9094, 0.4024],[1.0, 0.2457],[1.0, 0.1684],[1.0, 0.2749],[0.9876, 0.3625]
[0.9048, 0.5954],[0.7333, 0.5074],[0.6104, 0.3436],[0.5795, 0.1703],[0.6571, 0.0557],[0.7182, 0.1828],[0.7287, 0.0808],[0.7379, 0.2076],[0.7464, 0.3229],[0.8273, 0.188],[0.8332, 0.0982],[0.8378, 0.2616],[0.8391, 0.388],[0.9317, 0.2091],[0.9357, 0.1296],[0.9219, 0.2841],[0.9094, 0.4043],[1.0, 0.2468],[1.0, 0.1673],[1.0, 0.2727],[0.9909, 0.3606]
[0.9041, 0.5965],[0.73, 0.5078],[0.6084, 0.3448],[0.5821, 0.1736],[0.6603, 0.0583],[0.7096, 0.1836],[0.7182, 0.0771],[0.7274, 0.2054],[0.7379, 0.3218],[0.8213, 0.1888],[0.8253, 0.0941],[0.8286, 0.2594],[0.8325, 0.3806],[0.9285, 0.2102],[0.9317, 0.1244],[0.9153, 0.2804],[0.9048, 0.395],[1.0, 0.249],[1.0, 0.161],[1.0, 0.2638],[0.9869, 0.3451]
[0.9028, 0.6009],[0.7274, 0.5081],[0.6091, 0.3444],[0.5854, 0.1729],[0.6636, 0.059],[0.7109, 0.1825],[0.7201, 0.0779],[0.7293, 0.2043],[0.7399, 0.3207],[0.822, 0.1877],[0.8286, 0.0952],[0.8299, 0.2597],[0.8319, 0.3847],[0.9291, 0.2091],[0.9337, 0.1278],[0.9153, 0.2838],[0.9028, 0.4013],[1.0, 0.2483],[1.0, 0.1607],[1.0, 0.2642],[0.983, 0.3499]
[0.9035, 0.6042],[0.7287, 0.5085],[0.6104, 0.3459],[0.5874, 0.1732],[0.6695, 0.0579],[0.7123, 0.1814],[0.7228, 0.0812],[0.7333, 0.2072],[0.7438, 0.3259],[0.8227, 0.1851],[0.8312, 0.0964],[0.8325, 0.2605],[0.8345, 0.3858],[0.9285, 0.2069],[0.9363, 0.1281],[0.9179, 0.2819],[0.9048, 0.3987],[1.0, 0.2461],[1.0, 0.1621],[1.0, 0.2634],[0.9843, 0.3473]
[0.9035, 0.6024],[0.7293, 0.5081],[0.6104, 0.3459],[0.5854, 0.1732],[0.6663, 0.0579],[0.7109, 0.1817],[0.7228, 0.0797],[0.7346, 0.2032],[0.7431, 0.3207],[0.822, 0.1843],[0.8325, 0.0975],[0.8384, 0.2583],[0.8378, 0.3843],[0.9291, 0.2043],[0.9383, 0.1274],[0.9232, 0.2786],[0.9074, 0.3969],[1.0, 0.2416],[1.0, 0.1625],[1.0, 0.2638],[0.9902, 0.3488]
[0.9055, 0.6005],[0.7307, 0.5052],[0.6111, 0.3462],[0.5861, 0.174],[0.6682, 0.0586],[0.7142, 0.181],[0.7221, 0.0801],[0.732, 0.205],[0.7425, 0.3207],[0.824, 0.1843],[0.8286, 0.096],[0.8325, 0.2568],[0.8351, 0.3791],[0.9304, 0.2058],[0.9337, 0.1248],[0.9173, 0.2764],[0.9068, 0.3932],[1.0, 0.2442],[1.0, 0.1588],[1.0, 0.2575],[0.9883, 0.3414]
[0.9035, 0.5998],[0.7333, 0.5041],[0.6157, 0.3436],[0.5861, 0.1736],[0.6682, 0.0601],[0.7175, 0.1795],[0.7287, 0.0801],[0.7385, 0.2043],[0.7491, 0.3215],[0.8266, 0.1832],[0.8345, 0.0956],[0.8391, 0.2568],[0.8404, 0.3839],[0.9331, 0.2043],[0.939, 0.1278],[0.9225, 0.2793],[0.9081, 0.3983],[1.0, 0.2435],[1.0, 0.1633],[1.0, 0.2649],[0.9863, 0.3514]