[0.5165, 0.5955],[0.6723, 0.5298],[0.7875, 0.3976],[0.8286, 0.2694],[0.8019, 0.178],[0.6913, 0.2041],[0.7232, 0.0742],[0.7278, 0.003],[0.7268, 0.0],[0.5926, 0.1844],[0.5967, 0.0403],[0.5957, 0.0],[0.591, 0.0],[0.5, 0.1954],[0.4913, 0.064],[0.4959, 0.0],[0.5036, 0.0],[0.4059, 0.2333],[0.392, 0.1251],[0.3905, 0.0638],[0.3971, 0.0088]
[0.5072, 0.5986],[0.6743, 0.5182],[0.7895, 0.4011],[0.8384, 0.2749],[0.8111, 0.1746],[0.6908, 0.2072],[0.7258, 0.0788],[0.7325, 0.0027],[0.7319, 0.0],[0.5982, 0.1884],[0.6013, 0.0467],[0.5967, 0.0],[0.5905, 0.0],[0.5046, 0.1986],[0.499, 0.0684],[0.5031, 0.0],[0.5108, 0.0],[0.409, 0.2304],[0.3987, 0.1213],[0.4002, 0.0606],[0.4136, 0.0065]
[0.5093, 0.5963],[0.68, 0.5148],[0.7937, 0.3927],[0.8446, 0.2732],[0.8214, 0.1763],[0.6893, 0.2046],[0.7278, 0.0745],[0.7371, 0.0],[0.7371, 0.0],[0.5957, 0.1879],[0.6003, 0.0447],[0.6003, 0.0],[0.5962, 0.0],[0.5031, 0.1971],[0.4959, 0.0678],[0.5015, 0.0],[0.5077, 0.0],[0.41, 0.226],[0.3997, 0.1193],[0.3992, 0.0591],[0.409, 0.0068]
[0.5093, 0.5937],[0.679, 0.5176],[0.7931, 0.3996],[0.8441, 0.2772],[0.8214, 0.1806],[0.6908, 0.2081],[0.7294, 0.0794],[0.7371, 0.0042],[0.735, 0.0],[0.5977, 0.1893],[0.6044, 0.0461],[0.6029, 0.0],[0.5972, 0.0],[0.5041, 0.1977],[0.499, 0.0675],[0.5041, 0.0],[0.5113, 0.0],[0.41, 0.2275],[0.3992, 0.121],[0.3997, 0.0612],[0.4105, 0.0094]
[0.5144, 0.5949],[0.6779, 0.5205],[0.7926, 0.4008],[0.8446, 0.2787],[0.8209, 0.1798],[0.6929, 0.2052],[0.7283, 0.0776],[0.735, 0.0039],[0.7345, 0.0],[0.5982, 0.1864],[0.6029, 0.0447],[0.6029, 0.0],[0.5998, 0.0],[0.5046, 0.1963],[0.499, 0.0675],[0.5036, 0.0],[0.5103, 0.0],[0.4121, 0.2269],[0.4007, 0.1193],[0.4007, 0.0606],[0.4115, 0.0076]
[0.5118, 0.5932],[0.6754, 0.5203],[0.7926, 0.3996],[0.843, 0.2746],[0.8178, 0.1754],[0.6923, 0.2052],[0.7273, 0.0805],[0.7345, 0.0085],[0.7355, 0.0],[0.5967, 0.1835],[0.6018, 0.0429],[0.5998, 0.0],[0.5962, 0.0],[0.5026, 0.1922],[0.4964, 0.064],[0.5005, 0.0],[0.5072, 0.0],[0.409, 0.2243],[0.3971, 0.117],[0.3992, 0.0577],[0.411, 0.0065]
[0.499, 0.5897],[0.661, 0.526],[0.7818, 0.408],[0.8384, 0.283],[0.8204, 0.1827],[0.6877, 0.1971],[0.7258, 0.0768],[0.7319, 0.0105],[0.7294, 0.0],[0.591, 0.1731],[0.5982, 0.0354],[0.5967, 0.0],[0.5915, 0.0],[0.4959, 0.1812],[0.4907, 0.0551],[0.4949, 0.0],[0.5, 0.0],[0.4002, 0.2136],[0.3879, 0.1048],[0.3905, 0.051],[0.4038, 0.0076]
[0.4856, 0.583],[0.6538, 0.5246],[0.7741, 0.4103],[0.8255, 0.2882],[0.8173, 0.1838],[0.6759, 0.1867],[0.7191, 0.0669],[0.7258, 0.0102],[0.7175, 0.0],[0.5746, 0.1615],[0.5823, 0.0198],[0.5854, 0.0],[0.5828, 0.0],[0.4753, 0.1711],[0.4676, 0.0409],[0.4738, 0.0],[0.4841, 0.0],[0.3791, 0.2078],[0.3653, 0.1002],[0.3683, 0.049],[0.3838, 0.0149]
[0.4753, 0.59],[0.6481, 0.5411],[0.7669, 0.4222],[0.8137, 0.2958],[0.805, 0.2026],[0.6641, 0.1916],[0.7021, 0.073],[0.7109, 0.0201],[0.7093, 0.0154],[0.5591, 0.1653],[0.5622, 0.0091],[0.5663, 0.0],[0.5684, 0.0],[0.4599, 0.1772],[0.4455, 0.0424],[0.4517, 0.0],[0.4686, 0.012],[0.3601, 0.2203],[0.3365, 0.1112],[0.337, 0.0597],[0.356, 0.0438]
[0.4655, 0.6235],[0.6481, 0.5712],[0.7659, 0.4554],[0.8117, 0.3325],[0.7931, 0.2408],[0.6512, 0.2203],[0.6898, 0.0855],[0.6944, 0.0377],[0.6887, 0.0655],[0.5411, 0.196],[0.5355, 0.0264],[0.5437, 0.0],[0.5525, 0.0328],[0.4378, 0.2145],[0.4198, 0.0646],[0.4259, 0.0253],[0.4439, 0.0695],[0.3359, 0.2622],[0.3102, 0.141],[0.3149, 0.1002],[0.3395, 0.1179]
[0.4527, 0.6785],[0.6183, 0.6313],[0.7474, 0.5095],[0.7988, 0.3901],[0.7787, 0.2949],[0.6358, 0.2706],[0.6728, 0.1387],[0.6779, 0.1045],[0.6718, 0.1526],[0.5206, 0.2451],[0.5159, 0.0739],[0.5226, 0.0583],[0.5329, 0.1341],[0.4151, 0.2631],[0.3951, 0.1054],[0.4054, 0.0915],[0.429, 0.1581],[0.3082, 0.3143],[0.2845, 0.1919],[0.2938, 0.1702],[0.3179, 0.2125]
[0.4331, 0.7392],[0.6106, 0.6918],[0.7407, 0.579],[0.8039, 0.4638],[0.7767, 0.3811],[0.6286, 0.3273],[0.6563, 0.1853],[0.6543, 0.2165],[0.6466, 0.3013],[0.5057, 0.3125],[0.5, 0.1401],[0.5051, 0.2064],[0.5154, 0.2992],[0.3899, 0.3394],[0.3797, 0.1916],[0.3951, 0.255],[0.41, 0.338],[0.2799, 0.3944],[0.2675, 0.2784],[0.2871, 0.312],[0.3051, 0.3672]
[0.4301, 0.8],[0.5895, 0.7514],[0.7289, 0.6412],[0.8009, 0.537],[0.7618, 0.4595],[0.6322, 0.4129],[0.6471, 0.2882],[0.6255, 0.3927],[0.6106, 0.4936],[0.5015, 0.4037],[0.4943, 0.259],[0.4938, 0.3921],[0.5051, 0.4968],[0.3797, 0.4245],[0.3668, 0.3114],[0.3869, 0.4395],[0.4064, 0.5286],[0.2722, 0.4676],[0.2614, 0.3933],[0.285, 0.4803],[0.3056, 0.5419]
[0.4172, 0.8419],[0.5797, 0.8011],[0.7211, 0.7092],[0.7865, 0.6117],[0.7355, 0.5518],[0.6265, 0.386],[0.6373, 0.4262],[0.6173, 0.5567],[0.6054, 0.6337],[0.4918, 0.3663],[0.4933, 0.4317],[0.4887, 0.581],[0.4913, 0.6626],[0.3658, 0.3927],[0.3653, 0.4852],[0.3853, 0.612],[0.4069, 0.6747],[0.2598, 0.445],[0.2578, 0.5127],[0.285, 0.6151],[0.3128, 0.6681]
[0.4136, 0.8949],[0.5684, 0.8581],[0.7093, 0.7841],[0.7818, 0.6999],[0.7484, 0.6449],[0.6373, 0.4424],[0.6435, 0.4957],[0.6245, 0.6582],[0.609, 0.7687],[0.4923, 0.4199],[0.4985, 0.4754],[0.499, 0.6571],[0.5026, 0.7855],[0.3586, 0.4436],[0.3658, 0.5243],[0.3889, 0.6886],[0.4079, 0.8006],[0.2485, 0.4948],[0.2583, 0.5541],[0.2886, 0.6857],[0.3159, 0.7734]
[0.4146, 0.9475],[0.5648, 0.9258],[0.7026, 0.8674],[0.7777, 0.7971],[0.7664, 0.741],[0.6486, 0.4867],[0.6497, 0.6027],[0.6209, 0.7644],[0.5962, 0.8821],[0.501, 0.4586],[0.501, 0.6004],[0.4985, 0.78],[0.4985, 0.9157],[0.3627, 0.4826],[0.3601, 0.6377],[0.3863, 0.8037],[0.4079, 0.9273],[0.247, 0.5417],[0.248, 0.6585],[0.2866, 0.7902],[0.321, 0.8824]
[0.4054, 0.9684],[0.5648, 0.9686],[0.7155, 0.9342],[0.7957, 0.8819],[0.7571, 0.8411],[0.6486, 0.5636],[0.6342, 0.7199],[0.6059, 0.881],[0.5864, 0.9979],[0.4949, 0.5312],[0.4938, 0.7213],[0.4959, 0.8986],[0.4979, 1.0],[0.3529, 0.5561],[0.3596, 0.7404],[0.3833, 0.8975],[0.4023, 1.0],[0.2336, 0.6166],[0.2408, 0.7372],[0.2763, 0.8547],[0.3077, 0.9386]
[0.4007, 1.0],[0.5509, 1.0],[0.7006, 0.9921],[0.7813, 0.9686],[0.7417, 0.9516],[0.6389, 0.6458],[0.6183, 0.8576],[0.5833, 1.0],[0.5622, 1.0],[0.4805, 0.6117],[0.4846, 0.8561],[0.4769, 1.0],[0.4743, 1.0],[0.337, 0.6339],[0.3545, 0.861],[0.3745, 0.9924],[0.3905, 1.0],[0.212, 0.6889],[0.2326, 0.8338],[0.2706, 0.9374],[0.2994, 0.9929]
[0.375, 1.0],[0.5231, 1.0],[0.6723, 1.0],[0.7427, 1.0],[0.6939, 1.0],[0.6275, 0.7225],[0.5926, 0.9883],[0.5638, 1.0],[0.5607, 1.0],[0.4671, 0.6924],[0.4568, 1.0],[0.4568, 1.0],[0.465, 1.0],[0.3215, 0.719],[0.3375, 1.0],[0.3519, 1.0],[0.3622, 1.0],[0.1955, 0.7693],[0.2223, 0.9765],[0.2511, 1.0],[0.266, 1.0]
[0.3735, 1.0],[0.5201, 1.0],[0.6738, 1.0],[0.7289, 1.0],[0.6533, 1.0],[0.6039, 0.7925],[0.5519, 1.0],[0.5478, 1.0],[0.5648, 1.0],[0.4465, 0.7766],[0.4295, 1.0],[0.4496, 1.0],[0.463, 1.0],[0.3051, 0.8049],[0.3221, 1.0],[0.3452, 1.0],[0.3539, 1.0],[0.1858, 0.8541],[0.2161, 1.0],[0.2444, 1.0],[0.2506, 1.0]
[0.3946, 1.0],[0.5463, 1.0],[0.6995, 1.0],[0.7361, 1.0],[0.6409, 1.0],[0.6013, 0.8402],[0.5602, 1.0],[0.554, 1.0],[0.5545, 1.0],[0.4367, 0.8254],[0.4362, 1.0],[0.4501, 1.0],[0.4465, 1.0],[0.2953, 0.8567],[0.3164, 1.0],[0.3395, 1.0],[0.3426, 1.0],[0.1791, 0.9088],[0.2125, 1.0],[0.2393, 1.0],[0.2403, 1.0]
[0.393, 1.0],[0.5422, 1.0],[0.7031, 1.0],[0.7407, 1.0],[0.6342, 1.0],[0.5982, 0.8819],[0.5581, 1.0],[0.553, 1.0],[0.554, 1.0],[0.4352, 0.8709],[0.4275, 1.0],[0.4496, 1.0],[0.4517, 1.0],[0.2933, 0.9027],[0.3087, 1.0],[0.3354, 1.0],[0.3375, 1.0],[0.177, 0.9553],[0.211, 1.0],[0.2367, 1.0],[0.2362, 1.0]
[0.3833, 1.0],[0.5288, 1.0],[0.6887, 1.0],[0.7299, 1.0],[0.6291, 1.0],[0.5931, 0.8902],[0.5463, 1.0],[0.5447, 1.0],[0.5525, 1.0],[0.4347, 0.8709],[0.4208, 1.0],[0.4445, 1.0],[0.4511, 1.0],[0.2948, 0.892],[0.3015, 1.0],[0.3293, 1.0],[0.3354, 1.0],[0.176, 0.9348],[0.1976, 1.0],[0.2243, 1.0],[0.23, 1.0]
[0.3889, 1.0],[0.5478, 1.0],[0.6949, 1.0],[0.7093, 1.0],[0.6003, 1.0],[0.5972, 0.8573],[0.5237, 1.0],[0.5453, 1.0],[0.573, 1.0],[0.4331, 0.8359],[0.4043, 1.0],[0.4465, 1.0],[0.4645, 1.0],[0.2907, 0.855],[0.2881, 1.0],[0.3344, 1.0],[0.3529, 1.0],[0.1755, 0.9001],[0.1945, 1.0],[0.2336, 1.0],[0.2495, 1.0]
[0.3632, 1.0],[0.5226, 1.0],[0.6666, 1.0],[0.6934, 1.0],[0.6018, 1.0],[0.5802, 0.7806],[0.5278, 1.0],[0.5339, 1.0],[0.5489, 1.0],[0.4234, 0.769],[0.4131, 1.0],[0.4414, 1.0],[0.4481, 1.0],[0.2876, 0.8037],[0.3025, 1.0],[0.3385, 1.0],[0.3457, 1.0],[0.175, 0.8645],[0.2084, 1.0],[0.2444, 1.0],[0.2562, 1.0]
[0.3493, 1.0],[0.5087, 1.0],[0.6558, 1.0],[0.6903, 1.0],[0.6229, 0.9822],[0.5849, 0.7074],[0.537, 0.9533],[0.5309, 1.0],[0.5401, 0.9898],[0.4388, 0.6837],[0.4193, 0.9805],[0.4373, 1.0],[0.447, 0.9756],[0.3077, 0.7106],[0.3061, 0.9903],[0.3282, 1.0],[0.3334, 0.9441],[0.1966, 0.7659],[0.2099, 0.9652],[0.2331, 0.997],[0.2403, 0.9475]
[0.3637, 0.9993],[0.5257, 0.9927],[0.6831, 0.9423],[0.7062, 0.8703],[0.626, 0.844],[0.5905, 0.6015],[0.5586, 0.8046],[0.5447, 0.8978],[0.5478, 0.8784],[0.4429, 0.5778],[0.4347, 0.8191],[0.4465, 0.9067],[0.4527, 0.8772],[0.3128, 0.6056],[0.3159, 0.8405],[0.3395, 0.9009],[0.3509, 0.8544],[0.2043, 0.6594],[0.2171, 0.8367],[0.248, 0.8998],[0.266, 0.8732]
[0.3977, 0.9374],[0.5499, 0.8978],[0.6918, 0.8283],[0.7283, 0.7349],[0.6517, 0.6947],[0.6121, 0.4858],[0.5833, 0.6244],[0.5689, 0.7355],[0.5715, 0.7378],[0.4769, 0.463],[0.447, 0.6652],[0.4553, 0.7702],[0.4645, 0.7618],[0.3514, 0.4913],[0.3308, 0.7011],[0.355, 0.7786],[0.3766, 0.7525],[0.2459, 0.5463],[0.2326, 0.7123],[0.2655, 0.7852],[0.2948, 0.774]
[0.4383, 0.8552],[0.5802, 0.8087],[0.7119, 0.723],[0.7541, 0.6232],[0.6923, 0.5781],[0.6461, 0.4123],[0.6383, 0.4335],[0.6178, 0.5761],[0.6095, 0.6429],[0.5159, 0.3933],[0.5026, 0.432],[0.4918, 0.5914],[0.4933, 0.6533],[0.3951, 0.4173],[0.3802, 0.4844],[0.3946, 0.6166],[0.4136, 0.6582],[0.2907, 0.4656],[0.2778, 0.524],[0.301, 0.625],[0.3262, 0.658]
[0.4578, 0.7786],[0.6013, 0.7375],[0.7268, 0.6582],[0.7741, 0.5587],[0.7258, 0.491],[0.6805, 0.3377],[0.6635, 0.3797],[0.6409, 0.5148],[0.6291, 0.5752],[0.5561, 0.3111],[0.536, 0.384],[0.5247, 0.5272],[0.5273, 0.5752],[0.4357, 0.3305],[0.4213, 0.4202],[0.4347, 0.5402],[0.4532, 0.5772],[0.3303, 0.3765],[0.32, 0.4476],[0.3447, 0.5425],[0.3709, 0.5741]
[0.4985, 0.71],[0.6353, 0.6785],[0.7597, 0.5943],[0.8003, 0.4855],[0.7381, 0.4126],[0.7031, 0.3305],[0.6965, 0.2868],[0.6764, 0.4141],[0.6682, 0.4988],[0.5828, 0.3105],[0.5735, 0.2706],[0.5617, 0.4193],[0.5674, 0.496],[0.4686, 0.3241],[0.4558, 0.3125],[0.4645, 0.439],[0.4799, 0.5023],[0.3678, 0.3609],[0.3524, 0.3536],[0.3719, 0.4445],[0.3935, 0.4913]
[0.5278, 0.6611],[0.6661, 0.6334],[0.8034, 0.5246],[0.8209, 0.3979],[0.7361, 0.3363],[0.7253, 0.2495],[0.7206, 0.266],[0.7062, 0.3935],[0.699, 0.4517],[0.608, 0.2246],[0.6003, 0.272],[0.6018, 0.4095],[0.6054, 0.4523],[0.4974, 0.2425],[0.4928, 0.3088],[0.5113, 0.4271],[0.5195, 0.4664],[0.3977, 0.283],[0.3971, 0.3325],[0.4187, 0.4216],[0.4295, 0.4517]
[0.5473, 0.6183],[0.6805, 0.5969],[0.806, 0.5017],[0.8255, 0.3863],[0.7494, 0.3163],[0.7453, 0.2049],[0.7278, 0.2961],[0.7047, 0.4251],[0.6918, 0.476],[0.6275, 0.1783],[0.6121, 0.2949],[0.6121, 0.4213],[0.6183, 0.4543],[0.5149, 0.1991],[0.5036, 0.3143],[0.5221, 0.4231],[0.5391, 0.4502],[0.4146, 0.2466],[0.41, 0.3244],[0.4352, 0.4109],[0.4537, 0.4352]
[0.5561, 0.5926],[0.6913, 0.57],[0.8158, 0.474],[0.8425, 0.3559],[0.7751, 0.2744],[0.7566, 0.1922],[0.7438, 0.2365],[0.7165, 0.3663],[0.7006, 0.4378],[0.644, 0.1641],[0.6322, 0.2333],[0.6188, 0.3687],[0.6162, 0.4285],[0.5355, 0.1803],[0.5237, 0.2512],[0.5324, 0.3672],[0.5437, 0.4173],[0.4367, 0.2229],[0.4326, 0.2674],[0.4527, 0.3539],[0.4686, 0.3904]
[0.5699, 0.5717],[0.7067, 0.5451],[0.8271, 0.4392],[0.8482, 0.3163],[0.7834, 0.2402],[0.7726, 0.1647],[0.7458, 0.2315],[0.7165, 0.3568],[0.7021, 0.4138],[0.6599, 0.1346],[0.6353, 0.233],[0.626, 0.3591],[0.6275, 0.4005],[0.5514, 0.1494],[0.5309, 0.2501],[0.5437, 0.3588],[0.5586, 0.395],[0.4527, 0.1893],[0.4429, 0.2593],[0.464, 0.3432],[0.482, 0.371]
[0.5833, 0.5587],[0.716, 0.5237],[0.8363, 0.4271],[0.859, 0.3082],[0.8081, 0.2295],[0.7854, 0.1682],[0.7654, 0.185],[0.733, 0.3123],[0.7201, 0.3886],[0.6749, 0.1375],[0.6543, 0.1774],[0.6347, 0.3146],[0.6347, 0.3773],[0.5694, 0.1488],[0.5499, 0.2023],[0.554, 0.3163],[0.5689, 0.3637],[0.4743, 0.1847],[0.4625, 0.2182],[0.4774, 0.303],[0.4949, 0.3363]
[0.5931, 0.5382],[0.7299, 0.5038],[0.8528, 0.3982],[0.8744, 0.2628],[0.7973, 0.1824],[0.7895, 0.1459],[0.7674, 0.1757],[0.7407, 0.3076],[0.7294, 0.3875],[0.6841, 0.1184],[0.6641, 0.178],[0.6507, 0.3154],[0.6517, 0.386],[0.5843, 0.1297],[0.5638, 0.1968],[0.5705, 0.3146],[0.5859, 0.3753],[0.4902, 0.1647],[0.4789, 0.2017],[0.4943, 0.2874],[0.5123, 0.3328]
[0.607, 0.5223],[0.7433, 0.4899],[0.8682, 0.3756],[0.8893, 0.2431],[0.8189, 0.1719],[0.7983, 0.1384],[0.7921, 0.1557],[0.7813, 0.2839],[0.7767, 0.3366],[0.6965, 0.1132],[0.6867, 0.1598],[0.6882, 0.2963],[0.6908, 0.3357],[0.5972, 0.1251],[0.5864, 0.1821],[0.6034, 0.303],[0.6137, 0.3403],[0.5026, 0.1569],[0.5026, 0.198],[0.5247, 0.2877],[0.5391, 0.3169]
[0.6209, 0.5119],[0.7494, 0.4847],[0.878, 0.3704],[0.9047, 0.2353],[0.8343, 0.1615],[0.806, 0.1511],[0.807, 0.1367],[0.7947, 0.268],[0.7911, 0.323],[0.7073, 0.1283],[0.7011, 0.1314],[0.6995, 0.2746],[0.7031, 0.3221],[0.609, 0.1387],[0.5998, 0.1508],[0.6142, 0.2793],[0.626, 0.327],[0.5134, 0.1656],[0.5108, 0.1702],[0.5314, 0.2599],[0.5483, 0.2961]
[0.6404, 0.5009],[0.7659, 0.4696],[0.8893, 0.3554],[0.9233, 0.22],[0.8569, 0.1422],[0.8183, 0.1372],[0.8302, 0.1236],[0.8158, 0.2524],[0.807, 0.3059],[0.7237, 0.1126],[0.7304, 0.1306],[0.7253, 0.2689],[0.7222, 0.3044],[0.6306, 0.1216],[0.6337, 0.1503],[0.6435, 0.2726],[0.6461, 0.3108],[0.5391, 0.1482],[0.5494, 0.1685],[0.5663, 0.257],[0.5746, 0.2871]
[0.663, 0.496],[0.7926, 0.456],[0.9114, 0.3322],[0.9305, 0.1991],[0.8585, 0.1207],[0.8322, 0.1294],[0.842, 0.1179],[0.8281, 0.2434],[0.8168, 0.307],[0.7386, 0.1103],[0.7438, 0.1265],[0.7407, 0.2639],[0.7371, 0.3108],[0.6471, 0.1222],[0.6466, 0.1468],[0.661, 0.2709],[0.6661, 0.318],[0.5576, 0.1517],[0.5658, 0.1699],[0.5869, 0.2605],[0.5972, 0.2961]
[0.6713, 0.4974],[0.8003, 0.4589],[0.9161, 0.3366],[0.9382, 0.2032],[0.8693, 0.1234],[0.8204, 0.1482],[0.8425, 0.1164],[0.8379, 0.2341],[0.8286, 0.3047],[0.7319, 0.1369],[0.7566, 0.1234],[0.7561, 0.2605],[0.7463, 0.3218],[0.6466, 0.1491],[0.6692, 0.1398],[0.681, 0.2697],[0.6769, 0.3354],[0.5597, 0.1769],[0.5905, 0.1636],[0.6095, 0.2622],[0.6121, 0.3183]
[0.6754, 0.502],[0.8086, 0.4604],[0.9191, 0.3366],[0.9346, 0.2026],[0.8708, 0.1193],[0.8168, 0.1644],[0.8369, 0.1176],[0.8338, 0.2318],[0.824, 0.3131],[0.7289, 0.1595],[0.7556, 0.121],[0.7551, 0.2599],[0.7448, 0.3374],[0.6455, 0.1714],[0.6713, 0.1436],[0.681, 0.2741],[0.6774, 0.3502],[0.5597, 0.1968],[0.5951, 0.1653],[0.6111, 0.2622],[0.6111, 0.3244]
[0.6759, 0.5179],[0.807, 0.4714],[0.9155, 0.3499],[0.933, 0.2182],[0.8672, 0.1372],[0.8153, 0.1861],[0.8348, 0.1248],[0.8307, 0.2379],[0.8235, 0.3198],[0.7299, 0.1824],[0.7535, 0.1306],[0.752, 0.27],[0.7453, 0.3507],[0.6471, 0.1934],[0.6707, 0.1555],[0.6795, 0.2865],[0.681, 0.364],[0.5607, 0.2171],[0.5936, 0.1792],[0.6101, 0.2746],[0.6137, 0.3366]
[0.6707, 0.5385],[0.8024, 0.4881],[0.913, 0.3655],[0.9284, 0.2278],[0.8564, 0.1474],[0.8158, 0.2113],[0.8327, 0.1456],[0.8302, 0.2602],[0.8235, 0.3449],[0.7314, 0.207],[0.7499, 0.15],[0.7541, 0.283],[0.7525, 0.3669],[0.6476, 0.2174],[0.6641, 0.1763],[0.6795, 0.3013],[0.6841, 0.3794],[0.5586, 0.2405],[0.5874, 0.2026],[0.6065, 0.2946],[0.6126, 0.3571]
[0.6615, 0.5541],[0.7952, 0.5023],[0.9078, 0.3799],[0.9238, 0.2414],[0.8554, 0.1601],[0.8147, 0.231],[0.824, 0.1601],[0.8209, 0.2735],[0.8163, 0.3565],[0.7304, 0.2263],[0.7345, 0.1679],[0.7391, 0.3018],[0.7417, 0.3797],[0.6476, 0.2362],[0.6481, 0.1948],[0.6646, 0.3195],[0.6738, 0.3915],[0.5597, 0.2582],[0.5725, 0.2197],[0.5936, 0.3102],[0.6054, 0.3687]
[0.6563, 0.566],[0.789, 0.5168],[0.9001, 0.3883],[0.9145, 0.2495],[0.8441, 0.1705],[0.8127, 0.2402],[0.8158, 0.1702],[0.8081, 0.2822],[0.8045, 0.3684],[0.7263, 0.237],[0.7294, 0.1777],[0.7289, 0.3123],[0.7294, 0.395],[0.643, 0.2483],[0.6419, 0.2023],[0.6563, 0.3279],[0.6656, 0.4042],[0.5555, 0.2718],[0.5684, 0.2281],[0.5874, 0.3204],[0.5993, 0.3823]
[0.6548, 0.568],[0.7854, 0.5176],[0.8919, 0.3866],[0.9017, 0.2446],[0.8291, 0.1667],[0.7962, 0.2431],[0.8168, 0.178],[0.8137, 0.2946],[0.8034, 0.362],[0.7129, 0.2414],[0.7309, 0.1818],[0.7397, 0.3195],[0.7314, 0.3742],[0.6322, 0.2541],[0.6491, 0.2029],[0.6682, 0.3325],[0.6625, 0.3889],[0.5432, 0.2778],[0.573, 0.231],[0.5957, 0.3256],[0.5936, 0.3745]
[0.6419, 0.566],[0.7726, 0.5194],[0.8821, 0.3921],[0.8975, 0.2521],[0.824, 0.1734],[0.7834, 0.2428],[0.8024, 0.1754],[0.7952, 0.294],[0.7818, 0.3747],[0.7016, 0.2431],[0.7227, 0.18],[0.7242, 0.3192],[0.7129, 0.3924],[0.6224, 0.2567],[0.6414, 0.2041],[0.6533, 0.3328],[0.6491, 0.4008],[0.536, 0.2813],[0.5648, 0.231],[0.5807, 0.3232],[0.5782, 0.3791]
[0.6461, 0.5694],[0.7757, 0.5174],[0.8821, 0.3895],[0.8939, 0.2509],[0.8189, 0.1717],[0.7829, 0.2428],[0.7952, 0.1815],[0.7916, 0.2963],[0.7829, 0.3756],[0.6995, 0.2422],[0.717, 0.1815],[0.7196, 0.3227],[0.7134, 0.399],[0.6193, 0.2541],[0.6358, 0.2081],[0.6497, 0.3418],[0.6502, 0.4147],[0.5324, 0.277],[0.5591, 0.2344],[0.5797, 0.329],[0.5843, 0.3863]
[0.6358, 0.5645],[0.769, 0.5214],[0.8795, 0.3921],[0.8888, 0.2498],[0.8147, 0.1708],[0.7772, 0.2466],[0.7844, 0.1792],[0.7787, 0.2943],[0.7715, 0.3788],[0.6918, 0.2457],[0.7042, 0.1835],[0.7057, 0.3232],[0.7011, 0.4048],[0.6121, 0.2573],[0.6234, 0.211],[0.6368, 0.3432],[0.6409, 0.4196],[0.5278, 0.2796],[0.5509, 0.2353],[0.5689, 0.3308],[0.5751, 0.3915]
[0.6342, 0.5654],[0.769, 0.5252],[0.879, 0.3921],[0.8867, 0.246],[0.8096, 0.1693],[0.7746, 0.2483],[0.7865, 0.1774],[0.787, 0.2911],[0.7813, 0.3704],[0.6903, 0.248],[0.7062, 0.1815],[0.7165, 0.3238],[0.7098, 0.3988],[0.6106, 0.2611],[0.6239, 0.2055],[0.6466, 0.3418],[0.6471, 0.4161],[0.5231, 0.2854],[0.5468, 0.2359],[0.573, 0.3334],[0.5792, 0.3933]
[0.6353, 0.5662],[0.7685, 0.5223],[0.8765, 0.3967],[0.8873, 0.257],[0.8168, 0.1766],[0.7757, 0.2521],[0.7865, 0.1731],[0.7849, 0.2839],[0.7787, 0.3666],[0.6929, 0.2515],[0.7067, 0.1824],[0.7103, 0.3227],[0.7037, 0.3982],[0.6131, 0.2642],[0.6239, 0.2084],[0.6394, 0.3412],[0.6404, 0.4138],[0.5262, 0.2882],[0.5458, 0.2376],[0.5689, 0.3322],[0.5761, 0.3915]
[0.6486, 0.5689],[0.7777, 0.5127],[0.8816, 0.3883],[0.8898, 0.2553],[0.8194, 0.1737],[0.7793, 0.2434],[0.7895, 0.1743],[0.787, 0.2787],[0.7808, 0.364],[0.6965, 0.244],[0.7103, 0.1809],[0.7124, 0.3154],[0.7088, 0.4011],[0.6157, 0.2579],[0.6291, 0.2075],[0.643, 0.3371],[0.6466, 0.4181],[0.5283, 0.2836],[0.5514, 0.2341],[0.5725, 0.3273],[0.5802, 0.3904]
[0.6497, 0.5651],[0.7782, 0.5124],[0.8847, 0.3875],[0.8914, 0.2538],[0.8204, 0.1725],[0.7803, 0.2414],[0.7885, 0.1714],[0.7859, 0.2761],[0.7813, 0.3637],[0.6954, 0.242],[0.7057, 0.1795],[0.7098, 0.3128],[0.7103, 0.4016],[0.6152, 0.2564],[0.6239, 0.2098],[0.6394, 0.3371],[0.6486, 0.4193],[0.5314, 0.2833],[0.5483, 0.2362],[0.5689, 0.3285],[0.5797, 0.393]
[0.6502, 0.5654],[0.7813, 0.5165],[0.8888, 0.3895],[0.8955, 0.2527],[0.8225, 0.1737],[0.7803, 0.2385],[0.789, 0.1696],[0.7885, 0.2775],[0.7859, 0.3637],[0.6954, 0.2388],[0.7093, 0.1783],[0.715, 0.3154],[0.7145, 0.4019],[0.6157, 0.2527],[0.6291, 0.2078],[0.645, 0.3406],[0.6538, 0.4239],[0.5314, 0.2793],[0.5545, 0.2347],[0.5756, 0.3313],[0.5864, 0.397]
[0.6543, 0.566],[0.7834, 0.5142],[0.8867, 0.3866],[0.8934, 0.2501],[0.8214, 0.1693],[0.7808, 0.2359],[0.7901, 0.1714],[0.788, 0.2825],[0.7849, 0.3675],[0.6959, 0.2353],[0.7109, 0.1792],[0.7155, 0.3192],[0.715, 0.4037],[0.6157, 0.2495],[0.6296, 0.2084],[0.6466, 0.3429],[0.6563, 0.4239],[0.5319, 0.2761],[0.5561, 0.2341],[0.5787, 0.3293],[0.59, 0.3921]
[0.6522, 0.5657],[0.7829, 0.515],[0.8873, 0.388],[0.8914, 0.2503],[0.8209, 0.167],[0.7803, 0.2402],[0.788, 0.1711],[0.788, 0.2822],[0.7865, 0.3692],[0.6965, 0.2402],[0.7119, 0.1774],[0.715, 0.3186],[0.715, 0.4054],[0.6162, 0.2535],[0.6317, 0.2075],[0.6455, 0.3432],[0.6543, 0.4251],[0.5324, 0.279],[0.5571, 0.233],[0.5771, 0.3302],[0.5869, 0.3947]
[0.6527, 0.566],[0.7813, 0.5142],[0.8867, 0.3883],[0.8945, 0.2515],[0.8219, 0.1691],[0.7746, 0.2373],[0.7911, 0.1688],[0.7911, 0.2787],[0.7854, 0.3681],[0.6929, 0.2367],[0.7206, 0.1766],[0.7217, 0.3169],[0.716, 0.4097],[0.6137, 0.2489],[0.644, 0.2055],[0.6548, 0.3429],[0.6574, 0.4329],[0.5288, 0.2723],[0.5705, 0.2289],[0.589, 0.3264],[0.5936, 0.3953]
[0.6497, 0.568],[0.7803, 0.5136],[0.8862, 0.3889],[0.8955, 0.2532],[0.8245, 0.1705],[0.7767, 0.2399],[0.789, 0.1699],[0.789, 0.2793],[0.7859, 0.3652],[0.6954, 0.2385],[0.717, 0.1774],[0.7181, 0.3177],[0.715, 0.4057],[0.6162, 0.2503],[0.6389, 0.2067],[0.6497, 0.3432],[0.6558, 0.4277],[0.5309, 0.2738],[0.5638, 0.2318],[0.5828, 0.3282],[0.59, 0.393]
[0.6491, 0.5686],[0.7798, 0.5133],[0.8862, 0.3869],[0.8929, 0.2512],[0.8235, 0.1673],[0.7808, 0.2327],[0.7921, 0.1731],[0.7916, 0.2836],[0.7875, 0.3698],[0.6975, 0.2307],[0.7139, 0.1803],[0.7165, 0.3175],[0.7145, 0.4042],[0.6178, 0.2443],[0.6327, 0.2078],[0.6476, 0.3397],[0.6558, 0.4225],[0.5345, 0.2718],[0.5581, 0.2341],[0.5797, 0.3285],[0.591, 0.3924]
[0.6476, 0.5657],[0.7782, 0.5127],[0.8873, 0.3869],[0.897, 0.2506],[0.8245, 0.1682],[0.7818, 0.2313],[0.7942, 0.1711],[0.7937, 0.2787],[0.7885, 0.3643],[0.698, 0.2289],[0.7165, 0.1772],[0.7201, 0.3117],[0.717, 0.3999],[0.6183, 0.2411],[0.6347, 0.2032],[0.6507, 0.3334],[0.6579, 0.4181],[0.535, 0.2677],[0.5612, 0.2307],[0.5838, 0.3244],[0.5941, 0.3898]
[0.6476, 0.5634],[0.7793, 0.511],[0.8857, 0.3849],[0.896, 0.2515],[0.8261, 0.1696],[0.7829, 0.2252],[0.7926, 0.1665],[0.7901, 0.277],[0.7865, 0.3637],[0.698, 0.2223],[0.7119, 0.1754],[0.7134, 0.3134],[0.7134, 0.4019],[0.6178, 0.2353],[0.6296, 0.2043],[0.645, 0.3374],[0.6558, 0.4219],[0.535, 0.2625],[0.5571, 0.233],[0.5807, 0.3282],[0.5967, 0.3918]
[0.6491, 0.5651],[0.7808, 0.5121],[0.8852, 0.3852],[0.8955, 0.248],[0.8255, 0.1647],[0.7823, 0.2286],[0.7916, 0.1685],[0.787, 0.2804],[0.7829, 0.369],[0.6975, 0.2266],[0.7124, 0.176],[0.7129, 0.3151],[0.7129, 0.4045],[0.6167, 0.2391],[0.6306, 0.2029],[0.6445, 0.3368],[0.6543, 0.4231],[0.5319, 0.2651],[0.5571, 0.231],[0.5782, 0.3276],[0.591, 0.3935]
[0.6486, 0.5662],[0.7793, 0.509],[0.8831, 0.3843],[0.8914, 0.2518],[0.8235, 0.1682],[0.7798, 0.2289],[0.7901, 0.1673],[0.7875, 0.277],[0.7834, 0.3623],[0.6959, 0.2258],[0.7078, 0.1772],[0.7093, 0.3143],[0.7088, 0.3973],[0.6162, 0.2379],[0.625, 0.2049],[0.6394, 0.3357],[0.6497, 0.4155],[0.5329, 0.2639],[0.5504, 0.233],[0.572, 0.3267],[0.5869, 0.3883]
[0.6435, 0.566],[0.7767, 0.5087],[0.8837, 0.3837],[0.8924, 0.2489],[0.8209, 0.1679],[0.7798, 0.2284],[0.789, 0.1699],[0.7839, 0.2787],[0.7793, 0.3658],[0.6954, 0.2252],[0.7062, 0.1795],[0.7057, 0.3149],[0.7062, 0.4037],[0.6147, 0.2376],[0.6229, 0.209],[0.6363, 0.3392],[0.6481, 0.4231],[0.5314, 0.2637],[0.5494, 0.2341],[0.5705, 0.3279],[0.5859, 0.3918]
[0.643, 0.5636],[0.7751, 0.5113],[0.8837, 0.386],[0.8934, 0.2475],[0.8189, 0.1653],[0.7834, 0.2292],[0.7875, 0.1731],[0.7793, 0.2856],[0.7736, 0.3753],[0.697, 0.2258],[0.7011, 0.1786],[0.7016, 0.3166],[0.7047, 0.4089],[0.6157, 0.2388],[0.6157, 0.209],[0.6317, 0.3412],[0.6466, 0.428],[0.5319, 0.2657],[0.5417, 0.2359],[0.5648, 0.3308],[0.5843, 0.3959]
[0.6486, 0.5573],[0.7793, 0.5072],[0.8852, 0.3843],[0.8934, 0.2495],[0.8225, 0.1665],[0.789, 0.2315],[0.7895, 0.1731],[0.7844, 0.2856],[0.7813, 0.3718],[0.7021, 0.2289],[0.7031, 0.1769],[0.7047, 0.3143],[0.7078, 0.4002],[0.6198, 0.2417],[0.6183, 0.207],[0.6347, 0.3389],[0.6491, 0.4196],[0.536, 0.2674],[0.5463, 0.2321],[0.5684, 0.3276],[0.5849, 0.3909]
[0.6502, 0.5593],[0.7798, 0.5087],[0.8862, 0.3831],[0.8929, 0.2469],[0.8235, 0.1627],[0.7901, 0.2324],[0.7895, 0.1705],[0.7834, 0.2833],[0.7798, 0.3684],[0.7037, 0.2298],[0.7052, 0.1757],[0.7057, 0.3157],[0.7078, 0.4019],[0.6219, 0.2425],[0.6209, 0.2052],[0.6368, 0.34],[0.6507, 0.4233],[0.5375, 0.268],[0.5478, 0.231],[0.571, 0.3282],[0.5879, 0.3927]
[0.6486, 0.5535],[0.7808, 0.5113],[0.8888, 0.3837],[0.897, 0.2443],[0.8281, 0.1604],[0.7901, 0.2275],[0.7993, 0.1656],[0.7947, 0.2787],[0.789, 0.3606],[0.7047, 0.2252],[0.7206, 0.1711],[0.7222, 0.3128],[0.717, 0.3938],[0.6239, 0.2365],[0.6389, 0.198],[0.6527, 0.3351],[0.6569, 0.4144],[0.5396, 0.2599],[0.5663, 0.224],[0.5859, 0.3247],[0.5931, 0.388]
[0.6543, 0.5564],[0.7854, 0.5055],[0.8955, 0.3817],[0.9053, 0.2466],[0.8358, 0.163],[0.7895, 0.2249],[0.8009, 0.1621],[0.7998, 0.2749],[0.7952, 0.3632],[0.7062, 0.2234],[0.7232, 0.1693],[0.7242, 0.3076],[0.7211, 0.3935],[0.626, 0.2356],[0.643, 0.1939],[0.6543, 0.3256],[0.6584, 0.4083],[0.5411, 0.2608],[0.5679, 0.2203],[0.5849, 0.3175],[0.5915, 0.3831]
[0.6569, 0.5605],[0.7875, 0.5107],[0.896, 0.3837],[0.9042, 0.2466],[0.8363, 0.1595],[0.7947, 0.2266],[0.8024, 0.1682],[0.7998, 0.2822],[0.7952, 0.3695],[0.7093, 0.2237],[0.7242, 0.174],[0.7242, 0.3131],[0.7211, 0.3988],[0.6286, 0.2356],[0.643, 0.1983],[0.6543, 0.3316],[0.6605, 0.4132],[0.5432, 0.2602],[0.5684, 0.2232],[0.5854, 0.3198],[0.5931, 0.3837]
[0.6563, 0.5599],[0.787, 0.5119],[0.8975, 0.3869],[0.9073, 0.2509],[0.8399, 0.165],[0.7973, 0.2237],[0.8081, 0.167],[0.805, 0.2784],[0.7978, 0.3655],[0.7119, 0.2197],[0.7268, 0.1725],[0.7268, 0.3094],[0.7222, 0.3953],[0.6306, 0.2318],[0.643, 0.1994],[0.6553, 0.3302],[0.662, 0.4118],[0.5453, 0.2584],[0.5674, 0.2286],[0.5879, 0.3238],[0.5987, 0.3857]
[0.6584, 0.5628],[0.787, 0.5136],[0.8986, 0.3875],[0.9089, 0.2486],[0.8389, 0.1621],[0.7967, 0.2255],[0.8081, 0.1691],[0.8034, 0.2845],[0.7957, 0.3733],[0.7124, 0.2214],[0.7278, 0.1702],[0.7273, 0.3096],[0.7232, 0.3959],[0.6311, 0.2333],[0.644, 0.1989],[0.6569, 0.3311],[0.6641, 0.4118],[0.5458, 0.2593],[0.5699, 0.2284],[0.59, 0.3221],[0.6003, 0.3828]
[0.6569, 0.5616],[0.788, 0.5121],[0.8996, 0.3869],[0.9109, 0.2489],[0.8394, 0.165],[0.7983, 0.2243],[0.8081, 0.1717],[0.8029, 0.288],[0.7962, 0.3733],[0.7139, 0.2197],[0.7278, 0.1728],[0.7289, 0.3134],[0.7253, 0.397],[0.6332, 0.2304],[0.6435, 0.2015],[0.6579, 0.3348],[0.6656, 0.4135],[0.5473, 0.2553],[0.5684, 0.2284],[0.59, 0.3221],[0.6013, 0.3805]
[0.6584, 0.561],[0.789, 0.5116],[0.8986, 0.3878],[0.9104, 0.2503],[0.8394, 0.165],[0.7962, 0.2232],[0.8086, 0.1746],[0.8055, 0.2917],[0.7983, 0.3742],[0.7114, 0.2179],[0.7273, 0.1748],[0.7299, 0.3172],[0.7258, 0.3967],[0.6306, 0.2301],[0.6435, 0.2029],[0.6589, 0.3383],[0.6646, 0.4144],[0.5458, 0.2564],[0.5684, 0.2298],[0.591, 0.3259],[0.6008, 0.3843]
[0.663, 0.5616],[0.7931, 0.511],[0.9022, 0.3875],[0.9104, 0.2532],[0.8399, 0.1702],[0.7937, 0.2179],[0.8137, 0.1731],[0.8086, 0.2865],[0.7978, 0.3721],[0.7088, 0.2145],[0.7325, 0.1751],[0.7325, 0.3134],[0.7258, 0.3999],[0.6286, 0.2289],[0.6471, 0.2041],[0.6625, 0.3363],[0.6687, 0.419],[0.5447, 0.2587],[0.5699, 0.2327],[0.5951, 0.327],[0.607, 0.3886]
[0.6635, 0.5593],[0.7931, 0.5113],[0.9027, 0.388],[0.9119, 0.2544],[0.843, 0.1708],[0.7931, 0.2205],[0.8142, 0.1691],[0.8127, 0.2813],[0.8045, 0.3661],[0.7093, 0.2182],[0.7366, 0.1737],[0.7381, 0.3128],[0.7309, 0.3979],[0.6291, 0.2321],[0.6543, 0.2009],[0.6687, 0.336],[0.6723, 0.4199],[0.5442, 0.2605],[0.5766, 0.2266],[0.6003, 0.3224],[0.6085, 0.3866]
[0.6656, 0.5605],[0.7962, 0.5098],[0.9042, 0.3857],[0.9104, 0.2492],[0.8405, 0.1656],[0.7931, 0.2188],[0.8132, 0.1731],[0.8096, 0.288],[0.7998, 0.3736],[0.7088, 0.2156],[0.7355, 0.1734],[0.7361, 0.3137],[0.7289, 0.399],[0.6286, 0.2289],[0.6533, 0.1994],[0.6671, 0.3339],[0.6702, 0.4155],[0.5437, 0.2573],[0.5756, 0.2278],[0.5993, 0.3241],[0.608, 0.3857]
[0.6651, 0.559],[0.7942, 0.5113],[0.9032, 0.388],[0.9099, 0.2501],[0.8379, 0.1659],[0.7931, 0.2197],[0.8153, 0.1748],[0.8086, 0.2914],[0.7962, 0.3794],[0.7078, 0.2159],[0.735, 0.1746],[0.7335, 0.3143],[0.7258, 0.4005],[0.6281, 0.2295],[0.6538, 0.2006],[0.6651, 0.3322],[0.6666, 0.4132],[0.5442, 0.2576],[0.5777, 0.2272],[0.5977, 0.3235],[0.6039, 0.3857]
[0.6666, 0.5593],[0.7947, 0.5127],[0.9017, 0.3901],[0.9135, 0.2544],[0.843, 0.1708],[0.7937, 0.2214],[0.8137, 0.1725],[0.8106, 0.2882],[0.8014, 0.3747],[0.7103, 0.2188],[0.7355, 0.1757],[0.735, 0.3163],[0.7278, 0.4016],[0.6301, 0.233],[0.6543, 0.2009],[0.6661, 0.3339],[0.6682, 0.4155],[0.5453, 0.2613],[0.5777, 0.2278],[0.5982, 0.3241],[0.6049, 0.3872]
[0.6671, 0.5584],[0.7973, 0.5104],[0.9047, 0.3875],[0.9145, 0.2527],[0.8451, 0.1699],[0.7967, 0.222],[0.8153, 0.1722],[0.8142, 0.2877],[0.8065, 0.3736],[0.7129, 0.2194],[0.7355, 0.1746],[0.7381, 0.3157],[0.733, 0.4002],[0.6322, 0.2327],[0.6533, 0.2017],[0.6682, 0.3345],[0.6723, 0.4149],[0.5463, 0.2596],[0.5766, 0.2275],[0.5987, 0.3238],[0.607, 0.3857]
[0.6656, 0.5558],[0.7973, 0.5095],[0.9053, 0.3852],[0.9166, 0.2498],[0.8456, 0.1696],[0.7962, 0.2211],[0.8178, 0.1673],[0.8163, 0.2784],[0.806, 0.3646],[0.7124, 0.22],[0.7391, 0.174],[0.7391, 0.3134],[0.7309, 0.4019],[0.6327, 0.2339],[0.6574, 0.2029],[0.6697, 0.3363],[0.6713, 0.421],[0.5478, 0.2602],[0.5813, 0.2258],[0.6013, 0.3206],[0.6065, 0.3849]
[0.6599, 0.557],[0.7926, 0.5098],[0.9078, 0.3849],[0.9186, 0.2475],[0.8461, 0.1673],[0.7998, 0.2243],[0.8142, 0.1644],[0.8111, 0.2761],[0.8034, 0.3672],[0.716, 0.2217],[0.735, 0.1731],[0.734, 0.3111],[0.7289, 0.4031],[0.6363, 0.2344],[0.6522, 0.2015],[0.6641, 0.3337],[0.6702, 0.421],[0.5509, 0.2596],[0.5766, 0.2255],[0.5962, 0.3198],[0.6059, 0.3852]
[0.662, 0.5561],[0.7967, 0.5104],[0.9073, 0.3852],[0.9181, 0.2475],[0.8471, 0.1667],[0.8106, 0.2275],[0.8147, 0.1656],[0.8091, 0.2804],[0.8045, 0.3675],[0.7242, 0.2243],[0.7304, 0.1725],[0.7294, 0.3128],[0.7289, 0.3982],[0.6419, 0.2376],[0.645, 0.1971],[0.6579, 0.3319],[0.6677, 0.4141],[0.5555, 0.2637],[0.5689, 0.2246],[0.5885, 0.3212],[0.6013, 0.3849]
[0.662, 0.555],[0.7957, 0.5145],[0.9078, 0.3878],[0.9197, 0.2492],[0.8518, 0.1676],[0.8081, 0.2281],[0.8173, 0.1641],[0.8127, 0.2796],[0.805, 0.3649],[0.7222, 0.2266],[0.7335, 0.1708],[0.733, 0.3131],[0.7258, 0.3921],[0.6404, 0.2408],[0.6476, 0.1931],[0.661, 0.3293],[0.6646, 0.4066],[0.5535, 0.2668],[0.5689, 0.2232],[0.5915, 0.3206],[0.6018, 0.3814]
[0.6671, 0.5579],[0.7983, 0.511],[0.9083, 0.3849],[0.9176, 0.2475],[0.8471, 0.1662],[0.8055, 0.2255],[0.8153, 0.165],[0.8132, 0.2807],[0.8065, 0.3655],[0.7201, 0.2237],[0.733, 0.1725],[0.7361, 0.3143],[0.7299, 0.3912],[0.6389, 0.2391],[0.6466, 0.1965],[0.663, 0.3316],[0.6687, 0.4068],[0.5525, 0.2668],[0.5684, 0.226],[0.5931, 0.3215],[0.6039, 0.3808]
[0.6671, 0.5608],[0.7957, 0.5124],[0.9042, 0.3849],[0.9119, 0.2475],[0.841, 0.1647],[0.8009, 0.22],[0.8106, 0.1705],[0.8096, 0.2871],[0.8039, 0.3666],[0.7145, 0.2179],[0.7283, 0.1763],[0.7345, 0.3186],[0.7299, 0.3918],[0.6337, 0.2339],[0.6455, 0.2009],[0.6646, 0.3357],[0.6692, 0.4074],[0.5489, 0.2634],[0.5694, 0.2286],[0.5957, 0.325],[0.6054, 0.3825]
[0.6677, 0.5619],[0.7952, 0.5148],[0.9017, 0.3872],[0.9099, 0.2492],[0.8379, 0.1673],[0.7937, 0.2226],[0.8096, 0.1711],[0.8101, 0.2906],[0.8029, 0.3721],[0.7073, 0.2211],[0.7294, 0.1748],[0.7376, 0.3183],[0.733, 0.3959],[0.627, 0.2367],[0.6471, 0.2012],[0.6677, 0.336],[0.6713, 0.4115],[0.5422, 0.2657],[0.571, 0.2298],[0.5962, 0.3264],[0.6034, 0.3866]
[0.6661, 0.5616],[0.7947, 0.5107],[0.9017, 0.386],[0.9114, 0.2524],[0.8405, 0.1711],[0.7926, 0.2234],[0.8045, 0.1711],[0.8045, 0.2862],[0.7988, 0.3733],[0.7078, 0.2223],[0.7247, 0.1786],[0.7283, 0.3172],[0.7258, 0.4028],[0.627, 0.237],[0.6425, 0.2052],[0.6589, 0.3351],[0.6661, 0.4158],[0.5437, 0.2648],[0.5674, 0.231],[0.589, 0.3247],[0.5987, 0.3875]
[0.6661, 0.5636],[0.7952, 0.5194],[0.9027, 0.3898],[0.9125, 0.2538],[0.841, 0.1725],[0.7947, 0.2191],[0.8055, 0.1719],[0.8055, 0.2885],[0.8014, 0.3713],[0.7078, 0.2182],[0.7253, 0.1809],[0.7304, 0.3218],[0.7278, 0.4048],[0.627, 0.2333],[0.644, 0.2084],[0.661, 0.3415],[0.6677, 0.4213],[0.5432, 0.2613],[0.5684, 0.2324],[0.5905, 0.3282],[0.6013, 0.3901]
[0.6641, 0.5619],[0.7931, 0.5145],[0.9017, 0.3875],[0.9099, 0.2524],[0.8394, 0.1714],[0.7952, 0.22],[0.806, 0.1722],[0.8019, 0.2856],[0.7952, 0.3704],[0.7088, 0.2188],[0.7242, 0.1795],[0.7268, 0.318],[0.7247, 0.4037],[0.6286, 0.2339],[0.6409, 0.209],[0.6574, 0.3406],[0.6661, 0.4222],[0.5453, 0.2625],[0.5653, 0.2327],[0.5879, 0.3273],[0.6003, 0.3895]
[0.6651, 0.5599],[0.7926, 0.5139],[0.9027, 0.3875],[0.9099, 0.2532],[0.8405, 0.1725],[0.7973, 0.2182],[0.807, 0.1682],[0.8065, 0.283],[0.8014, 0.3626],[0.7098, 0.2171],[0.7237, 0.1748],[0.7294, 0.3157],[0.7268, 0.3947],[0.6296, 0.2324],[0.6409, 0.2061],[0.6589, 0.3403],[0.6661, 0.4158],[0.5463, 0.2613],[0.5663, 0.2324],[0.59, 0.3282],[0.6013, 0.3866]
[0.6635, 0.5596],[0.7916, 0.5165],[0.9011, 0.3892],[0.9083, 0.2515],[0.8384, 0.1685],[0.7937, 0.2156],[0.8081, 0.1691],[0.8081, 0.2871],[0.8024, 0.3678],[0.7073, 0.2127],[0.7263, 0.176],[0.7319, 0.3195],[0.7278, 0.3973],[0.627, 0.2278],[0.643, 0.2061],[0.661, 0.3426],[0.6677, 0.4178],[0.5437, 0.2576],[0.5674, 0.233],[0.5926, 0.329],[0.6039, 0.386]
[0.6641, 0.5613],[0.7916, 0.5168],[0.9017, 0.3898],[0.9094, 0.253],[0.8384, 0.1734],[0.7942, 0.2197],[0.8055, 0.1667],[0.8055, 0.2842],[0.8003, 0.3655],[0.7083, 0.2174],[0.7227, 0.1763],[0.7283, 0.3195],[0.7258, 0.3973],[0.6281, 0.2327],[0.6394, 0.2046],[0.6579, 0.3394],[0.6656, 0.4144],[0.5437, 0.2616],[0.5633, 0.231],[0.5874, 0.3253],[0.5987, 0.3823]
[0.6646, 0.5619],[0.7916, 0.5093],[0.9001, 0.386],[0.9068, 0.253],[0.8363, 0.1728],[0.7921, 0.2197],[0.805, 0.165],[0.807, 0.281],[0.8024, 0.3609],[0.7073, 0.2168],[0.7217, 0.1734],[0.7294, 0.3137],[0.7273, 0.3866],[0.6265, 0.2321],[0.6383, 0.2015],[0.6569, 0.3328],[0.663, 0.4028],[0.5406, 0.2619],[0.5622, 0.2289],[0.5869, 0.3218],[0.5962, 0.3768]
[0.6533, 0.5605],[0.7844, 0.5133],[0.8955, 0.3886],[0.9042, 0.2483],[0.8291, 0.167],[0.7865, 0.2226],[0.806, 0.1682],[0.8029, 0.2868],[0.7931, 0.371],[0.7016, 0.2188],[0.7258, 0.1691],[0.7314, 0.3108],[0.7253, 0.3898],[0.6214, 0.2313],[0.643, 0.1991],[0.6589, 0.3325],[0.661, 0.4063],[0.537, 0.2573],[0.5663, 0.2269],[0.5895, 0.3218],[0.5962, 0.3785]
[0.6543, 0.5579],[0.7854, 0.5121],[0.896, 0.3857],[0.9032, 0.2475],[0.8302, 0.1676],[0.7849, 0.2246],[0.8003, 0.163],[0.8014, 0.279],[0.7962, 0.3652],[0.7011, 0.2232],[0.7217, 0.1682],[0.7273, 0.312],[0.7232, 0.3938],[0.6209, 0.2365],[0.6399, 0.1971],[0.6558, 0.3331],[0.6589, 0.4112],[0.536, 0.2625],[0.5638, 0.2255],[0.5854, 0.323],[0.5926, 0.3834]
[0.6527, 0.5593],[0.7813, 0.5127],[0.8909, 0.388],[0.8996, 0.2486],[0.8286, 0.1636],[0.7818, 0.2185],[0.8024, 0.163],[0.8024, 0.281],[0.7942, 0.3681],[0.698, 0.2153],[0.7247, 0.1688],[0.7289, 0.3137],[0.7217, 0.3964],[0.6183, 0.2295],[0.6425, 0.1965],[0.6569, 0.3331],[0.6584, 0.4121],[0.5329, 0.2576],[0.5653, 0.2272],[0.5879, 0.3253],[0.5941, 0.3857]
[0.6502, 0.561],[0.7772, 0.511],[0.8857, 0.3869],[0.8981, 0.2524],[0.8302, 0.1676],[0.7762, 0.2182],[0.7998, 0.1581],[0.8029, 0.2697],[0.7931, 0.358],[0.6949, 0.2153],[0.7232, 0.1673],[0.7268, 0.3065],[0.7165, 0.3927],[0.6152, 0.2298],[0.643, 0.196],[0.6558, 0.3282],[0.6548, 0.4095],[0.5293, 0.259],[0.5653, 0.2255],[0.5874, 0.3206],[0.5921, 0.3831]
[0.6517, 0.5639],[0.7823, 0.5043],[0.8867, 0.3808],[0.8945, 0.2472],[0.8245, 0.1624],[0.7772, 0.2168],[0.7957, 0.1621],[0.7942, 0.2738],[0.7865, 0.3629],[0.6944, 0.2145],[0.7191, 0.1699],[0.7206, 0.3073],[0.715, 0.3961],[0.6131, 0.2301],[0.6373, 0.1974],[0.6507, 0.3261],[0.6548, 0.408],[0.5267, 0.2605],[0.5597, 0.2246],[0.5818, 0.3166],[0.5885, 0.3788]
[0.6517, 0.5599],[0.7808, 0.5064],[0.8852, 0.3808],[0.8924, 0.2466],[0.824, 0.1621],[0.7741, 0.2159],[0.7906, 0.1569],[0.7921, 0.2677],[0.7865, 0.3571],[0.6908, 0.2145],[0.7119, 0.1691],[0.716, 0.307],[0.7109, 0.3941],[0.6106, 0.2301],[0.6322, 0.1977],[0.6476, 0.3282],[0.6522, 0.4097],[0.5262, 0.2602],[0.5571, 0.2246],[0.5807, 0.3175],[0.59, 0.3799]
[0.6512, 0.5602],[0.7803, 0.5061],[0.8852, 0.3808],[0.8924, 0.2454],[0.8219, 0.1604],[0.7782, 0.2159],[0.7859, 0.1575],[0.7875, 0.2697],[0.7849, 0.3577],[0.6939, 0.2136],[0.7062, 0.167],[0.7114, 0.3056],[0.7109, 0.3927],[0.6131, 0.2292],[0.6229, 0.198],[0.6425, 0.3299],[0.6538, 0.4112],[0.5293, 0.2596],[0.5473, 0.2263],[0.5735, 0.3195],[0.5895, 0.3802]
[0.6512, 0.5593],[0.7813, 0.5026],[0.8831, 0.3773],[0.8919, 0.2428],[0.8225, 0.1566],[0.7782, 0.2122],[0.7875, 0.1575],[0.7875, 0.268],[0.7844, 0.3606],[0.6944, 0.2101],[0.7067, 0.1653],[0.7114, 0.3016],[0.7129, 0.3947],[0.6137, 0.2263],[0.6229, 0.196],[0.6419, 0.3259],[0.6553, 0.4126],[0.5303, 0.2576],[0.5473, 0.2263],[0.5735, 0.3206],[0.5921, 0.3863]
[0.6507, 0.5564],[0.7798, 0.5017],[0.8852, 0.3753],[0.8914, 0.2408],[0.8225, 0.1552],[0.7782, 0.211],[0.787, 0.1549],[0.787, 0.2654],[0.7839, 0.3583],[0.6939, 0.2096],[0.7067, 0.1667],[0.7114, 0.3021],[0.7119, 0.3935],[0.6131, 0.2258],[0.6234, 0.1977],[0.6409, 0.3261],[0.6527, 0.4103],[0.5293, 0.2567],[0.5494, 0.2252],[0.5725, 0.3177],[0.5874, 0.3811]
[0.6512, 0.559],[0.7808, 0.502],[0.8862, 0.375],[0.8914, 0.2402],[0.823, 0.1543],[0.7834, 0.2133],[0.7859, 0.1566],[0.7859, 0.2674],[0.7839, 0.3585],[0.6985, 0.2113],[0.7042, 0.1656],[0.7088, 0.3013],[0.7114, 0.3904],[0.6173, 0.226],[0.6198, 0.1957],[0.6389, 0.3241],[0.6533, 0.4054],[0.5329, 0.2561],[0.5458, 0.224],[0.5694, 0.3166],[0.5859, 0.3782]
[0.6507, 0.5579],[0.7793, 0.5035],[0.8842, 0.3753],[0.8888, 0.2385],[0.8199, 0.152],[0.7865, 0.2156],[0.788, 0.1569],[0.7834, 0.27],[0.7803, 0.362],[0.7011, 0.2133],[0.7031, 0.1644],[0.7052, 0.3027],[0.7088, 0.3921],[0.6193, 0.2278],[0.6178, 0.1968],[0.6347, 0.3261],[0.6502, 0.4063],[0.5345, 0.2567],[0.5437, 0.2243],[0.5658, 0.318],[0.5828, 0.3791]
[0.6481, 0.5567],[0.7793, 0.5017],[0.8852, 0.3742],[0.8909, 0.2396],[0.8204, 0.1572],[0.7839, 0.2159],[0.788, 0.1543],[0.7839, 0.266],[0.7803, 0.358],[0.6975, 0.2139],[0.7016, 0.1638],[0.7037, 0.301],[0.7078, 0.3924],[0.6157, 0.2281],[0.6152, 0.1968],[0.6322, 0.325],[0.6486, 0.4074],[0.5324, 0.257],[0.5401, 0.2255],[0.5627, 0.3183],[0.5823, 0.3811]
[0.6517, 0.5555],[0.7808, 0.5012],[0.8842, 0.3739],[0.8898, 0.2367],[0.8189, 0.1534],[0.7808, 0.2133],[0.7916, 0.1505],[0.7875, 0.2663],[0.7813, 0.3609],[0.6954, 0.2136],[0.7062, 0.1566],[0.7103, 0.2963],[0.7124, 0.3906],[0.6137, 0.2307],[0.6214, 0.1919],[0.6409, 0.3224],[0.6538, 0.4077],[0.5293, 0.2619],[0.5458, 0.2208],[0.5705, 0.3131],[0.5859, 0.3776]
[0.6466, 0.5593],[0.7787, 0.5009],[0.8831, 0.373],[0.8878, 0.2373],[0.8158, 0.1569],[0.7782, 0.2177],[0.7875, 0.1526],[0.7829, 0.2692],[0.7777, 0.3611],[0.6934, 0.2177],[0.7031, 0.1621],[0.7047, 0.3021],[0.7062, 0.393],[0.6121, 0.2344],[0.6178, 0.1954],[0.6342, 0.3247],[0.6476, 0.4068],[0.5283, 0.2648],[0.5437, 0.2214],[0.5648, 0.3125],[0.5787, 0.3759]
[0.6389, 0.5518],[0.7731, 0.5017],[0.8801, 0.3733],[0.8867, 0.2373],[0.8163, 0.161],[0.7772, 0.2133],[0.787, 0.1494],[0.7798, 0.2657],[0.7726, 0.36],[0.6918, 0.2133],[0.7006, 0.1601],[0.7011, 0.2989],[0.7006, 0.3889],[0.6095, 0.2298],[0.6131, 0.1965],[0.6306, 0.3241],[0.6425, 0.4028],[0.5252, 0.2602],[0.5386, 0.2249],[0.5622, 0.3175],[0.5777, 0.3785]
[0.6414, 0.5587],[0.7715, 0.502],[0.878, 0.3747],[0.8852, 0.2379],[0.8137, 0.1595],[0.7777, 0.2223],[0.7808, 0.15],[0.7751, 0.2619],[0.7715, 0.3554],[0.6939, 0.2214],[0.697, 0.1621],[0.697, 0.2969],[0.698, 0.3866],[0.6126, 0.2365],[0.6116, 0.1948],[0.6281, 0.3215],[0.6419, 0.4034],[0.5273, 0.2657],[0.5375, 0.2258],[0.5617, 0.3172],[0.5802, 0.3808]
[0.6414, 0.5622],[0.7705, 0.5029],[0.8765, 0.3747],[0.8842, 0.2385],[0.8122, 0.1572],[0.7793, 0.2203],[0.7844, 0.1517],[0.7782, 0.2619],[0.7736, 0.3559],[0.6949, 0.2185],[0.7001, 0.1621],[0.7006, 0.2963],[0.7031, 0.3892],[0.6121, 0.2336],[0.6152, 0.1928],[0.6311, 0.3201],[0.645, 0.4057],[0.5262, 0.2634],[0.5401, 0.224],[0.5627, 0.3175],[0.5792, 0.3843]
[0.6414, 0.5616],[0.771, 0.504],[0.878, 0.3773],[0.8873, 0.2422],[0.8173, 0.1586],[0.7803, 0.2211],[0.7865, 0.1517],[0.7813, 0.2613],[0.7757, 0.3539],[0.697, 0.2188],[0.7021, 0.1633],[0.7026, 0.2981],[0.7037, 0.3898],[0.6147, 0.233],[0.6167, 0.196],[0.6322, 0.3241],[0.645, 0.408],[0.5283, 0.2613],[0.5406, 0.2249],[0.5627, 0.3175],[0.5797, 0.3817]
[0.6461, 0.5616],[0.7782, 0.4991],[0.8826, 0.3727],[0.8893, 0.2388],[0.8199, 0.1569],[0.7808, 0.2171],[0.789, 0.1563],[0.7834, 0.2677],[0.7772, 0.3632],[0.6985, 0.2171],[0.7078, 0.1633],[0.7073, 0.2952],[0.7073, 0.3915],[0.6167, 0.2318],[0.6234, 0.1951],[0.6378, 0.3215],[0.6491, 0.4103],[0.5303, 0.2602],[0.5483, 0.2232],[0.5699, 0.3157],[0.5843, 0.3843]
[0.6497, 0.5587],[0.7787, 0.4988],[0.8821, 0.3742],[0.8888, 0.2405],[0.8173, 0.1563],[0.7772, 0.2116],[0.7952, 0.1531],[0.7906, 0.2628],[0.7823, 0.3583],[0.6949, 0.211],[0.7181, 0.1615],[0.7196, 0.294],[0.7181, 0.3915],[0.6131, 0.2263],[0.6383, 0.1896],[0.6527, 0.3183],[0.6599, 0.4106],[0.5267, 0.257],[0.5612, 0.2232],[0.5838, 0.3201],[0.5951, 0.3912]
[0.6481, 0.5602],[0.7772, 0.5],[0.8816, 0.375],[0.8883, 0.2431],[0.8189, 0.1595],[0.7726, 0.2151],[0.7895, 0.1511],[0.7895, 0.2582],[0.7849, 0.3513],[0.6908, 0.2145],[0.7124, 0.1627],[0.716, 0.2946],[0.716, 0.388],[0.6101, 0.2292],[0.6327, 0.1899],[0.6476, 0.3175],[0.6563, 0.4071],[0.5242, 0.2584],[0.5576, 0.2191],[0.5792, 0.3131],[0.59, 0.3825]
[0.645, 0.5613],[0.7762, 0.5029],[0.8816, 0.3759],[0.8888, 0.2417],[0.8199, 0.1578],[0.769, 0.2148],[0.788, 0.1503],[0.7875, 0.2561],[0.7818, 0.3487],[0.6877, 0.2136],[0.7124, 0.1624],[0.7155, 0.294],[0.7139, 0.388],[0.608, 0.2281],[0.6327, 0.1899],[0.6481, 0.3177],[0.6563, 0.4086],[0.5237, 0.2573],[0.5576, 0.222],[0.5813, 0.3169],[0.5941, 0.3866]
[0.645, 0.5602],[0.7772, 0.4994],[0.8821, 0.3716],[0.8898, 0.2385],[0.8204, 0.156],[0.7736, 0.2136],[0.787, 0.1503],[0.7834, 0.2573],[0.7782, 0.3528],[0.6913, 0.2133],[0.7078, 0.1667],[0.7073, 0.2981],[0.7078, 0.3973],[0.6101, 0.2281],[0.6255, 0.1971],[0.6389, 0.3224],[0.6502, 0.4135],[0.5262, 0.2567],[0.5494, 0.2237],[0.5694, 0.3149],[0.5833, 0.3834]
[0.6445, 0.5602],[0.7757, 0.5017],[0.8821, 0.3768],[0.8924, 0.2437],[0.8235, 0.1598],[0.7772, 0.2177],[0.7906, 0.1508],[0.7895, 0.2582],[0.7839, 0.3496],[0.6939, 0.2151],[0.7114, 0.163],[0.7129, 0.2966],[0.7098, 0.3863],[0.6126, 0.2284],[0.6291, 0.191],[0.6425, 0.3195],[0.6491, 0.4037],[0.5267, 0.2561],[0.5519, 0.2205],[0.5725, 0.3143],[0.5823, 0.3797]
[0.6476, 0.559],[0.7798, 0.498],[0.8837, 0.3724],[0.8883, 0.2382],[0.8209, 0.1523],[0.788, 0.2153],[0.789, 0.1537],[0.7823, 0.2639],[0.7793, 0.3591],[0.7016, 0.2125],[0.7026, 0.163],[0.7011, 0.2949],[0.7052, 0.3906],[0.6183, 0.2255],[0.6137, 0.1954],[0.6281, 0.3192],[0.6455, 0.4051],[0.5324, 0.2527],[0.5386, 0.22],[0.5591, 0.3111],[0.5787, 0.3768]
[0.6455, 0.5538],[0.7782, 0.4986],[0.8811, 0.3724],[0.8883, 0.2376],[0.8189, 0.154],[0.787, 0.2159],[0.789, 0.1572],[0.7834, 0.268],[0.7793, 0.3637],[0.7001, 0.213],[0.7021, 0.1638],[0.7011, 0.2984],[0.7047, 0.3947],[0.6167, 0.226],[0.6126, 0.1957],[0.627, 0.3201],[0.643, 0.4057],[0.5319, 0.2524],[0.5381, 0.2208],[0.5586, 0.312],[0.5771, 0.3771]
[0.6476, 0.5503],[0.7787, 0.496],[0.8826, 0.3713],[0.8867, 0.2362],[0.8163, 0.1534],[0.7813, 0.2122],[0.7849, 0.1549],[0.7813, 0.2671],[0.7777, 0.3635],[0.6949, 0.2113],[0.7026, 0.1618],[0.7042, 0.2969],[0.7052, 0.3938],[0.6121, 0.2255],[0.6157, 0.1928],[0.6306, 0.3192],[0.6435, 0.4071],[0.5262, 0.2532],[0.5396, 0.2185],[0.5617, 0.312],[0.5782, 0.3797]
[0.6455, 0.5483],[0.7757, 0.4971],[0.8795, 0.3704],[0.8826, 0.2315],[0.8122, 0.1456],[0.7772, 0.2142],[0.7813, 0.156],[0.7762, 0.27],[0.7721, 0.3643],[0.6908, 0.2125],[0.7006, 0.1612],[0.7021, 0.3001],[0.7042, 0.3935],[0.609, 0.2263],[0.6157, 0.1934],[0.6311, 0.3232],[0.6445, 0.4086],[0.5247, 0.253],[0.5406, 0.2203],[0.5633, 0.3149],[0.5792, 0.3791]
[0.6455, 0.5498],[0.7746, 0.4986],[0.879, 0.3716],[0.8842, 0.2341],[0.8153, 0.1485],[0.7726, 0.2182],[0.7823, 0.1537],[0.7782, 0.2611],[0.7736, 0.3539],[0.6893, 0.2179],[0.7042, 0.1578],[0.7057, 0.2926],[0.7067, 0.3892],[0.6085, 0.2301],[0.6229, 0.1884],[0.6373, 0.3172],[0.6476, 0.4068],[0.5231, 0.2556],[0.5499, 0.2174],[0.572, 0.3114],[0.5854, 0.3797]
[0.6466, 0.5503],[0.7757, 0.4997],[0.8811, 0.3713],[0.8857, 0.2336],[0.8132, 0.1511],[0.7736, 0.2107],[0.7839, 0.1526],[0.7798, 0.2651],[0.7746, 0.3591],[0.6882, 0.2101],[0.7042, 0.1586],[0.7062, 0.2937],[0.7073, 0.3901],[0.607, 0.2243],[0.6214, 0.1896],[0.6368, 0.3183],[0.6486, 0.4077],[0.5231, 0.2518],[0.5483, 0.2182],[0.571, 0.3137],[0.5854, 0.3825]
[0.6435, 0.55],[0.7741, 0.4994],[0.8816, 0.3718],[0.8857, 0.2353],[0.8163, 0.1511],[0.7746, 0.2101],[0.7834, 0.1514],[0.7798, 0.2648],[0.7757, 0.3577],[0.6898, 0.2087],[0.7021, 0.1592],[0.7037, 0.2949],[0.7057, 0.3909],[0.6085, 0.2229],[0.6173, 0.1928],[0.6337, 0.3227],[0.6476, 0.4112],[0.5247, 0.2503],[0.5437, 0.2194],[0.5674, 0.3151],[0.5843, 0.3831]
[0.6497, 0.5509],[0.7767, 0.496],[0.8806, 0.3701],[0.8842, 0.2353],[0.8153, 0.1491],[0.7741, 0.2067],[0.7859, 0.1514],[0.7808, 0.2622],[0.7757, 0.3571],[0.6887, 0.2052],[0.7037, 0.1607],[0.7052, 0.2943],[0.7088, 0.3915],[0.607, 0.2203],[0.6198, 0.1928],[0.6363, 0.3201],[0.6507, 0.4106],[0.5226, 0.2495],[0.5447, 0.222],[0.5689, 0.3163],[0.5864, 0.3849]
[0.6507, 0.5506],[0.7777, 0.4933],[0.8801, 0.3666],[0.8837, 0.233],[0.8132, 0.15],[0.7721, 0.2055],[0.7808, 0.1494],[0.7803, 0.2625],[0.7787, 0.3556],[0.6867, 0.2038],[0.7001, 0.1612],[0.7052, 0.2978],[0.7083, 0.3924],[0.6049, 0.2191],[0.6152, 0.1957],[0.6353, 0.325],[0.6517, 0.4126],[0.5221, 0.2483],[0.5396, 0.2229],[0.5658, 0.3172],[0.5849, 0.3834]
[0.6466, 0.5509],[0.7767, 0.4951],[0.8795, 0.3698],[0.8852, 0.2356],[0.8158, 0.1526],[0.7705, 0.2101],[0.7803, 0.1508],[0.7782, 0.2642],[0.7751, 0.358],[0.6862, 0.2096],[0.7011, 0.1607],[0.7047, 0.2943],[0.7062, 0.3895],[0.6054, 0.2246],[0.6162, 0.1916],[0.6342, 0.316],[0.6491, 0.4037],[0.5226, 0.2532],[0.5401, 0.22],[0.5648, 0.3102],[0.5828, 0.3768]
[0.6435, 0.5483],[0.7751, 0.4936],[0.8816, 0.3692],[0.8862, 0.2359],[0.8183, 0.154],[0.7746, 0.2177],[0.7808, 0.1476],[0.7793, 0.2556],[0.7767, 0.3499],[0.6913, 0.2171],[0.7006, 0.1584],[0.7037, 0.2894],[0.7052, 0.3831],[0.6106, 0.2307],[0.6178, 0.1884],[0.6342, 0.3123],[0.6471, 0.3979],[0.5257, 0.257],[0.5427, 0.2153],[0.5648, 0.3059],[0.5797, 0.3718]
[0.643, 0.5451],[0.7751, 0.4913],[0.8821, 0.369],[0.8883, 0.2362],[0.8204, 0.1531],[0.7813, 0.2104],[0.7849, 0.1476],[0.7798, 0.2579],[0.7746, 0.353],[0.6965, 0.209],[0.7011, 0.1586],[0.7031, 0.2914],[0.7047, 0.3854],[0.6137, 0.2243],[0.6137, 0.1876],[0.6311, 0.3125],[0.6445, 0.3982],[0.5283, 0.2535],[0.5386, 0.2148],[0.5622, 0.3065],[0.5782, 0.3727]
[0.6455, 0.5469],[0.7793, 0.4919],[0.8852, 0.3666],[0.8888, 0.2318],[0.8173, 0.1505],[0.7829, 0.213],[0.7865, 0.1465],[0.7829, 0.2527],[0.7793, 0.3464],[0.6985, 0.2113],[0.7047, 0.1581],[0.7062, 0.29],[0.7083, 0.384],[0.6162, 0.2249],[0.6188, 0.1861],[0.6342, 0.3125],[0.6476, 0.3996],[0.5293, 0.2521],[0.5417, 0.2162],[0.5653, 0.3073],[0.5838, 0.3721]
[0.6522, 0.5489],[0.7834, 0.4919],[0.8878, 0.3663],[0.8909, 0.2324],[0.8194, 0.1511],[0.7854, 0.2096],[0.7911, 0.1436],[0.789, 0.2515],[0.787, 0.3444],[0.7006, 0.2084],[0.7109, 0.1543],[0.7134, 0.2871],[0.7165, 0.3791],[0.6178, 0.2226],[0.6255, 0.1827],[0.6419, 0.3105],[0.6563, 0.3979],[0.5303, 0.2512],[0.5483, 0.2153],[0.5725, 0.3082],[0.5905, 0.3739]
[0.6548, 0.5538],[0.7818, 0.4919],[0.8862, 0.3666],[0.8919, 0.2333],[0.823, 0.1485],[0.7818, 0.207],[0.7921, 0.1442],[0.7921, 0.2527],[0.789, 0.3461],[0.699, 0.2046],[0.7134, 0.1572],[0.717, 0.2888],[0.7186, 0.3814],[0.6167, 0.2182],[0.6301, 0.1855],[0.6471, 0.3128],[0.6599, 0.4002],[0.5314, 0.2472],[0.5555, 0.213],[0.5797, 0.3056],[0.5951, 0.3721]
[0.6579, 0.5529],[0.7854, 0.4925],[0.8873, 0.3684],[0.8939, 0.235],[0.824, 0.1491],[0.7767, 0.2015],[0.7931, 0.1439],[0.7947, 0.2535],[0.7906, 0.3475],[0.6944, 0.1983],[0.717, 0.1552],[0.7206, 0.29],[0.7186, 0.386],[0.6131, 0.213],[0.6353, 0.187],[0.6512, 0.318],[0.6605, 0.4089],[0.5278, 0.2431],[0.5591, 0.2151],[0.5843, 0.3088],[0.5987, 0.3759]
[0.6569, 0.5521],[0.7859, 0.4933],[0.8903, 0.3675],[0.896, 0.2341],[0.8266, 0.15],[0.7818, 0.2067],[0.7916, 0.1459],[0.7952, 0.2532],[0.7931, 0.3426],[0.6985, 0.2041],[0.7129, 0.1586],[0.7186, 0.2929],[0.7186, 0.3837],[0.6173, 0.2185],[0.6286, 0.1884],[0.6481, 0.3172],[0.6599, 0.4019],[0.5314, 0.2475],[0.5519, 0.2151],[0.5777, 0.3073],[0.5936, 0.371]
[0.6563, 0.55],[0.7885, 0.4928],[0.8919, 0.3678],[0.8981, 0.2341],[0.8312, 0.1482],[0.7849, 0.2043],[0.7921, 0.1468],[0.7921, 0.2567],[0.7901, 0.3478],[0.7001, 0.2009],[0.7109, 0.1589],[0.717, 0.2923],[0.7196, 0.3828],[0.6178, 0.2156],[0.6255, 0.1882],[0.6461, 0.316],[0.6615, 0.4014],[0.5324, 0.2448],[0.5494, 0.2162],[0.5751, 0.3082],[0.5931, 0.3718]
[0.6574, 0.5498],[0.7885, 0.4907],[0.8919, 0.3666],[0.8981, 0.2339],[0.8302, 0.1485],[0.7849, 0.2049],[0.7926, 0.1459],[0.7921, 0.2567],[0.7901, 0.3464],[0.7001, 0.2017],[0.7139, 0.1595],[0.7181, 0.2955],[0.7191, 0.3843],[0.6183, 0.2168],[0.6291, 0.1867],[0.6476, 0.3163],[0.661, 0.4008],[0.5334, 0.2472],[0.553, 0.2179],[0.5782, 0.3123],[0.5951, 0.3759]
[0.6579, 0.5529],[0.7901, 0.4928],[0.8914, 0.3672],[0.897, 0.2344],[0.8291, 0.1503],[0.7849, 0.2061],[0.7937, 0.1453],[0.7926, 0.2564],[0.7901, 0.3464],[0.7011, 0.2035],[0.7155, 0.1575],[0.7186, 0.2937],[0.7191, 0.3843],[0.6193, 0.2182],[0.6306, 0.1876],[0.6497, 0.3189],[0.6635, 0.4048],[0.535, 0.2483],[0.555, 0.2177],[0.5807, 0.312],[0.5982, 0.3771]
[0.6558, 0.5518],[0.7875, 0.498],[0.8934, 0.371],[0.8991, 0.2339],[0.8291, 0.1488],[0.7854, 0.2052],[0.7998, 0.1422],[0.8029, 0.2567],[0.7998, 0.3441],[0.7011, 0.2023],[0.7206, 0.1555],[0.7283, 0.2958],[0.7253, 0.3802],[0.6193, 0.2171],[0.6347, 0.1855],[0.6569, 0.3204],[0.6666, 0.4016],[0.5334, 0.2469],[0.5576, 0.2174],[0.5854, 0.314],[0.5998, 0.3756]
[0.6548, 0.5541],[0.787, 0.4983],[0.8919, 0.371],[0.9001, 0.2356],[0.8322, 0.1503],[0.7865, 0.2064],[0.7983, 0.1453],[0.7988, 0.2584],[0.7947, 0.3504],[0.7021, 0.2023],[0.7196, 0.1592],[0.7227, 0.2963],[0.7206, 0.3852],[0.6198, 0.2171],[0.6347, 0.1858],[0.6527, 0.3166],[0.663, 0.4002],[0.5339, 0.2475],[0.5586, 0.2185],[0.5843, 0.3117],[0.5998, 0.3739]
[0.6538, 0.555],[0.7854, 0.4988],[0.8924, 0.3721],[0.9017, 0.2376],[0.8333, 0.1529],[0.7865, 0.207],[0.7978, 0.145],[0.7988, 0.259],[0.7952, 0.3513],[0.7021, 0.2041],[0.7175, 0.1592],[0.7201, 0.2966],[0.7181, 0.3854],[0.6203, 0.2188],[0.6322, 0.1858],[0.6491, 0.3163],[0.6599, 0.3996],[0.535, 0.2492],[0.5566, 0.2165],[0.5802, 0.3096],[0.5946, 0.3727]
[0.6507, 0.5561],[0.7844, 0.4977],[0.8919, 0.3721],[0.9017, 0.2385],[0.8343, 0.154],[0.7859, 0.2101],[0.7973, 0.1468],[0.7957, 0.257],[0.7921, 0.351],[0.7026, 0.207],[0.7181, 0.161],[0.7175, 0.2961],[0.716, 0.3898],[0.6203, 0.2214],[0.6332, 0.1864],[0.6461, 0.3151],[0.6569, 0.4034],[0.5339, 0.2503],[0.5545, 0.2185],[0.5761, 0.3114],[0.5915, 0.3771]
[0.6563, 0.5584],[0.7865, 0.5017],[0.8975, 0.3753],[0.9022, 0.2396],[0.8312, 0.1578],[0.7926, 0.2142],[0.7978, 0.1505],[0.7962, 0.2657],[0.7926, 0.3533],[0.7073, 0.2125],[0.7139, 0.1612],[0.717, 0.2987],[0.7165, 0.3811],[0.625, 0.2272],[0.6265, 0.1916],[0.6435, 0.3212],[0.6543, 0.3959],[0.5391, 0.2558],[0.5499, 0.2208],[0.573, 0.314],[0.5864, 0.3724]
[0.6574, 0.5558],[0.788, 0.5003],[0.8986, 0.3753],[0.9037, 0.2394],[0.8322, 0.1566],[0.7973, 0.2171],[0.8003, 0.154],[0.7942, 0.2677],[0.7911, 0.3588],[0.7109, 0.2148],[0.7134, 0.161],[0.7155, 0.2975],[0.7196, 0.3866],[0.6275, 0.2289],[0.6245, 0.1931],[0.6425, 0.3212],[0.6584, 0.4016],[0.5417, 0.2576],[0.5483, 0.2208],[0.5705, 0.3134],[0.5879, 0.3765]
[0.6569, 0.5532],[0.787, 0.5026],[0.8991, 0.3768],[0.9073, 0.2402],[0.8327, 0.1589],[0.7978, 0.2171],[0.7978, 0.1526],[0.7931, 0.2665],[0.7901, 0.3559],[0.7114, 0.2151],[0.7103, 0.1615],[0.7145, 0.3013],[0.7175, 0.3866],[0.6291, 0.2298],[0.6219, 0.1913],[0.6404, 0.3212],[0.6548, 0.3993],[0.5432, 0.2587],[0.5468, 0.2205],[0.5699, 0.314],[0.5874, 0.3759]
[0.661, 0.5636],[0.789, 0.5095],[0.9011, 0.3828],[0.9099, 0.2472],[0.8384, 0.165],[0.7988, 0.2203],[0.8024, 0.1578],[0.7998, 0.2677],[0.7962, 0.3554],[0.7139, 0.2177],[0.7165, 0.1705],[0.7186, 0.3056],[0.7191, 0.3886],[0.6311, 0.2324],[0.6291, 0.196],[0.6461, 0.3235],[0.6584, 0.4022],[0.5442, 0.2619],[0.553, 0.2232],[0.5777, 0.3149],[0.5941, 0.3773]
[0.6646, 0.5642],[0.7921, 0.5124],[0.9053, 0.386],[0.9135, 0.2477],[0.841, 0.1647],[0.7993, 0.2188],[0.807, 0.1572],[0.8065, 0.2746],[0.8029, 0.36],[0.7139, 0.2156],[0.7258, 0.1682],[0.7289, 0.3105],[0.7268, 0.3875],[0.6322, 0.2298],[0.6404, 0.1951],[0.6563, 0.329],[0.6641, 0.4025],[0.5447, 0.2582],[0.5648, 0.2234],[0.5864, 0.3186],[0.5972, 0.3756]
[0.6646, 0.5668],[0.7937, 0.5139],[0.9037, 0.3849],[0.9145, 0.2451],[0.8405, 0.1638],[0.8009, 0.2185],[0.8039, 0.1595],[0.8034, 0.2778],[0.8024, 0.3603],[0.7139, 0.2145],[0.7206, 0.1691],[0.7268, 0.3096],[0.7278, 0.3846],[0.6317, 0.2281],[0.6368, 0.1963],[0.6563, 0.329],[0.6671, 0.4019],[0.5463, 0.2567],[0.5617, 0.2272],[0.5869, 0.3221],[0.6008, 0.3794]