[0.0, 0.0808],[0.0, 0.0],[0.0209, 0.0],[0.0788, 0.0],[0.0978, 0.0],[0.0, 0.0],[0.0, 0.0],[0.0, 0.0],[0.0, 0.0],[0.0, 0.0],[0.0, 0.0],[0.0, 0.0],[0.0, 0.0],[0.0, 0.0],[0.0, 0.0],[0.0, 0.0],[0.0, 0.0],[0.0, 0.0],[0.0, 0.0],[0.0, 0.0],[0.0, 0.0]
[0.0, 0.093],[0.0, 0.0],[0.0242, 0.0],[0.0853, 0.0],[0.1051, 0.0],[0.0, 0.0],[0.0, 0.0],[0.0, 0.0],[0.0, 0.0],[0.0, 0.0],[0.0, 0.0],[0.0, 0.0],[0.0, 0.0],[0.0, 0.0],[0.0, 0.0],[0.0, 0.0],[0.0, 0.0],[0.0, 0.0],[0.0, 0.0],[0.0, 0.0],[0.0, 0.0]
[0.0, 0.0875],[0.0, 0.0],[0.0295, 0.0],[0.0913, 0.0],[0.1097, 0.0],[0.0, 0.0],[0.0, 0.0],[0.0, 0.0],[0.0, 0.0],[0.0, 0.0],[0.0, 0.0],[0.0, 0.0],[0.0, 0.0],[0.0, 0.0],[0.0, 0.0],[0.0, 0.0],[0.0, 0.0],[0.0, 0.0],[0.0, 0.0],[0.0, 0.0],[0.0, 0.0]
[0.0, 0.0986],[0.0, 0.0006],[0.0308, 0.0],[0.0926, 0.0],[0.1116, 0.0],[0.0, 0.0],[0.0, 0.0],[0.0, 0.0],[0.0, 0.0],[0.0, 0.0],[0.0, 0.0],[0.0, 0.0],[0.0, 0.0],[0.0, 0.0],[0.0, 0.0],[0.0, 0.0],[0.0, 0.0],[0.0, 0.0],[0.0, 0.0],[0.0, 0.0],[0.0, 0.0]
[0.0, 0.0949],[0.0, 0.0073],[0.0315, 0.0],[0.0899, 0.0],[0.1103, 0.0],[0.0, 0.0],[0.0, 0.0],[0.0, 0.0],[0.0, 0.0],[0.0, 0.0],[0.0, 0.0],[0.0, 0.0],[0.0, 0.0],[0.0, 0.0],[0.0, 0.0],[0.0, 0.0],[0.0, 0.0],[0.0, 0.0],[0.0, 0.0],[0.0, 0.0],[0.0, 0.0]
[0.0, 0.1307],[0.0, 0.0331],[0.0269, 0.0],[0.084, 0.0],[0.107, 0.0],[0.0, 0.0],[0.0, 0.0],[0.0, 0.0],[0.0, 0.0],[0.0, 0.0],[0.0, 0.0],[0.0, 0.0],[0.0, 0.0],[0.0, 0.0],[0.0, 0.0],[0.0, 0.0],[0.0, 0.0],[0.0, 0.0],[0.0, 0.0],[0.0, 0.0],[0.0, 0.0]
[0.0, 0.1422],[0.0, 0.0431],[0.0078, 0.0],[0.0551, 0.0],[0.0722, 0.0],[0.0, 0.0],[0.0, 0.0],[0.0, 0.0],[0.0, 0.0],[0.0, 0.0],[0.0, 0.0],[0.0, 0.0],[0.0, 0.0],[0.0, 0.0],[0.0, 0.0],[0.0, 0.0],[0.0, 0.0],[0.0, 0.0],[0.0, 0.0],[0.0, 0.0],[0.0, 0.0]
[0.0, 0.2095],[0.0, 0.083],[0.0, 0.0],[0.0183, 0.0],[0.0288, 0.0],[0.0, 0.0],[0.0, 0.0],[0.0, 0.0],[0.0, 0.0],[0.0, 0.0],[0.0, 0.0],[0.0, 0.0],[0.0, 0.0],[0.0, 0.0],[0.0, 0.0],[0.0, 0.0],[0.0, 0.0],[0.0, 0.0],[0.0, 0.0],[0.0, 0.0],[0.0, 0.0]
[0.0, 0.2538],[0.0, 0.1074],[0.0, 0.0],[0.0, 0.0],[0.0, 0.0],[0.0, 0.0],[0.0, 0.0],[0.0, 0.0],[0.0, 0.0],[0.0, 0.0],[0.0, 0.0],[0.0, 0.0],[0.0, 0.0],[0.0, 0.0],[0.0, 0.0],[0.0, 0.0],[0.0, 0.0],[0.0, 0.0],[0.0, 0.0],[0.0, 0.0],[0.0, 0.0]
[0.0, 0.2871],[0.0, 0.1215],[0.0, 0.0],[0.0, 0.0],[0.0, 0.0],[0.0, 0.0],[0.0, 0.0],[0.0, 0.0],[0.0, 0.0],[0.0, 0.0],[0.0, 0.0],[0.0, 0.0],[0.0, 0.0],[0.0, 0.0],[0.0, 0.0],[0.0, 0.0],[0.0, 0.0],[0.0, 0.0257],[0.0, 0.0],[0.0, 0.0],[0.0, 0.0]
[0.0, 0.3314],[0.0, 0.1444],[0.0, 0.0],[0.0, 0.0],[0.0, 0.0],[0.0, 0.0],[0.0, 0.0],[0.0, 0.0],[0.0, 0.0],[0.0, 0.0],[0.0, 0.0],[0.0, 0.0],[0.0, 0.0],[0.0, 0.0],[0.0, 0.0],[0.0, 0.0],[0.0, 0.0442],[0.0, 0.0697],[0.0, 0.0184],[0.0, 0.0],[0.0, 0.0]
[0.0, 0.3669],[0.0, 0.1699],[0.0, 0.0],[0.0, 0.0],[0.0, 0.0],[0.0, 0.0],[0.0, 0.0],[0.0, 0.0],[0.0, 0.0],[0.0, 0.0],[0.0, 0.0],[0.0, 0.0],[0.0, 0.0509],[0.0, 0.0309],[0.0, 0.0],[0.0, 0.045],[0.0, 0.1004],[0.0, 0.1407],[0.0, 0.1015],[0.0, 0.0786],[0.0, 0.0586]
[0.0, 0.3954],[0.0, 0.1917],[0.0, 0.0],[0.0, 0.0],[0.0, 0.0],[0.0, 0.0],[0.0, 0.0],[0.0, 0.0],[0.0, 0.0527],[0.0, 0.0],[0.0, 0.0],[0.0, 0.0616],[0.0, 0.1222],[0.0, 0.1037],[0.0, 0.0816],[0.0, 0.1226],[0.0, 0.1636],[0.0, 0.2191],[0.0, 0.1821],[0.0, 0.178],[0.0, 0.1795]
[0.0, 0.432],[0.0, 0.2394],[0.0, 0.0335],[0.0, 0.0],[0.019, 0.0],[0.0, 0.0],[0.0, 0.0],[0.0012, 0.032],[0.0742, 0.1019],[0.0, 0.0779],[0.0, 0.069],[0.0, 0.1281],[0.0407, 0.1854],[0.0, 0.201],[0.0, 0.1825],[0.0, 0.215],[0.0, 0.2505],[0.0, 0.3244],[0.0, 0.3004],[0.0, 0.3141],[0.0, 0.3351]
[0.0, 0.4416],[0.0, 0.2531],[0.0183, 0.0627],[0.0472, 0.0],[0.0991, 0.0],[0.0, 0.0069],[0.0, 0.0405],[0.0945, 0.11],[0.1773, 0.1751],[0.0, 0.1185],[0.0, 0.1363],[0.0637, 0.1939],[0.1537, 0.2538],[0.0, 0.2461],[0.0, 0.2475],[0.0012, 0.2753],[0.0978, 0.3085],[0.0, 0.3732],[0.0, 0.3599],[0.0, 0.3669],[0.0, 0.3876]
[0.0, 0.5473],[0.0439, 0.334],[0.0788, 0.1204],[0.1274, 0.0],[0.1813, 0.0],[0.0, 0.0575],[0.0978, 0.0923],[0.2141, 0.1544],[0.2838, 0.2135],[0.0, 0.1599],[0.0867, 0.1544],[0.2102, 0.2087],[0.2831, 0.2723],[0.0, 0.2767],[0.0485, 0.2568],[0.1787, 0.2919],[0.2601, 0.3381],[0.0, 0.402],[0.0, 0.3573],[0.1097, 0.3514],[0.199, 0.3621]
[0.0, 0.5776],[0.0873, 0.3536],[0.1543, 0.1403],[0.2207, 0.0],[0.291, 0.0],[0.0, 0.1134],[0.222, 0.1429],[0.341, 0.1999],[0.4067, 0.2527],[0.0, 0.2376],[0.2076, 0.2313],[0.3324, 0.273],[0.4054, 0.3259],[0.0, 0.3773],[0.1497, 0.371],[0.2759, 0.3935],[0.3554, 0.4205],[0.0, 0.5122],[0.0597, 0.5432],[0.1399, 0.5584],[0.2017, 0.5754]
[0.0045, 0.6379],[0.1524, 0.4113],[0.2516, 0.2032],[0.3298, 0.052],[0.4139, 0.0],[0.1346, 0.1551],[0.3541, 0.1618],[0.4731, 0.2117],[0.5289, 0.2501],[0.0939, 0.2682],[0.3784, 0.2649],[0.4796, 0.3215],[0.5099, 0.3773],[0.0755, 0.4057],[0.3213, 0.4043],[0.4257, 0.4324],[0.4711, 0.4616],[0.0742, 0.5481],[0.2312, 0.5577],[0.3291, 0.5639],[0.3955, 0.5758]
[0.065, 0.6035],[0.2168, 0.3788],[0.3462, 0.1984],[0.4461, 0.0598],[0.5499, 0.0],[0.2904, 0.1814],[0.5171, 0.2135],[0.6091, 0.276],[0.6439, 0.3133],[0.2536, 0.3004],[0.5802, 0.3525],[0.6124, 0.4102],[0.5729, 0.4457],[0.2253, 0.4361],[0.5125, 0.4852],[0.5578, 0.5081],[0.5591, 0.5244],[0.199, 0.5684],[0.3857, 0.6427],[0.475, 0.6774],[0.5355, 0.7125]
[0.1583, 0.5754],[0.2891, 0.3784],[0.4409, 0.1965],[0.5762, 0.0505],[0.6932, 0.0],[0.4211, 0.2113],[0.6893, 0.2727],[0.7405, 0.3533],[0.7195, 0.4013],[0.4027, 0.3381],[0.7195, 0.4024],[0.728, 0.449],[0.6656, 0.4704],[0.3883, 0.4715],[0.6564, 0.5244],[0.6787, 0.5514],[0.6531, 0.5754],[0.3712, 0.592],[0.5513, 0.6704],[0.6347, 0.7192],[0.6853, 0.7621]
[0.2615, 0.5377],[0.3738, 0.3322],[0.5414, 0.1681],[0.6965, 0.0464],[0.8266, 0.0],[0.5401, 0.2413],[0.8082, 0.3022],[0.8384, 0.3499],[0.8102, 0.3788],[0.5309, 0.3902],[0.8253, 0.4438],[0.8089, 0.4505],[0.7418, 0.4545],[0.521, 0.5285],[0.7753, 0.5702],[0.7806, 0.5651],[0.7431, 0.5673],[0.5046, 0.6442],[0.6774, 0.7314],[0.7504, 0.778],[0.7977, 0.8212]
[0.3377, 0.5192],[0.4409, 0.3196],[0.6163, 0.171],[0.7832, 0.0701],[0.9107, 0.0],[0.6669, 0.2712],[0.9442, 0.3632],[0.9429, 0.3728],[0.8871, 0.3666],[0.6472, 0.4124],[0.9311, 0.497],[0.9081, 0.4763],[0.8443, 0.4571],[0.6203, 0.541],[0.8575, 0.6157],[0.8627, 0.5895],[0.8305, 0.5647],[0.5907, 0.6504],[0.7694, 0.7532],[0.8634, 0.8057],[0.935, 0.8493]
[0.3817, 0.5133],[0.5, 0.3152],[0.6853, 0.1795],[0.8581, 0.0912],[0.9896, 0.0328],[0.7721, 0.2841],[1.0, 0.3839],[1.0, 0.4124],[0.9626, 0.4043],[0.7537, 0.4287],[1.0, 0.5259],[0.9909, 0.5155],[0.9225, 0.4856],[0.7182, 0.5588],[0.9554, 0.6442],[0.9429, 0.6216],[0.8943, 0.5839],[0.6695, 0.6678],[0.8411, 0.7795],[0.937, 0.8445],[1.0, 0.894]
[0.4192, 0.5399],[0.5447, 0.3377],[0.7333, 0.205],[0.9074, 0.1222],[1.0, 0.0697],[0.8273, 0.3082],[1.0, 0.4168],[1.0, 0.4324],[0.9876, 0.4102],[0.8082, 0.4505],[1.0, 0.5473],[1.0, 0.5366],[0.985, 0.5048],[0.7727, 0.5791],[1.0, 0.6638],[1.0, 0.6497],[0.9856, 0.615],[0.7267, 0.6856],[0.8917, 0.7994],[0.9876, 0.8744],[1.0, 0.9325]
[0.4849, 0.5728],[0.6189, 0.3817],[0.8082, 0.2501],[0.9791, 0.1636],[1.0, 0.11],[0.9055, 0.361],[1.0, 0.4715],[1.0, 0.469],[1.0, 0.4368],[0.8759, 0.503],[1.0, 0.602],[1.0, 0.5747],[1.0, 0.5347],[0.8312, 0.6268],[1.0, 0.7166],[1.0, 0.6944],[1.0, 0.6578],[0.7767, 0.7262],[0.9416, 0.8478],[1.0, 0.9236],[1.0, 0.9846]
[0.5315, 0.6005],[0.663, 0.4202],[0.8463, 0.2875],[1.0, 0.2028],[1.0, 0.1529],[0.9423, 0.4083],[1.0, 0.5222],[1.0, 0.5322],[1.0, 0.5018],[0.9087, 0.5451],[1.0, 0.6582],[1.0, 0.6394],[1.0, 0.5954],[0.8654, 0.6682],[1.0, 0.7706],[1.0, 0.7539],[1.0, 0.714],[0.8148, 0.7695],[0.9837, 0.8988],[1.0, 0.9824],[1.0, 1.0]
[0.5644, 0.629],[0.6945, 0.4497],[0.8772, 0.3292],[1.0, 0.252],[1.0, 0.1999],[0.9771, 0.4479],[1.0, 0.5654],[1.0, 0.5669],[1.0, 0.5274],[0.9501, 0.5876],[1.0, 0.6915],[1.0, 0.6656],[1.0, 0.6238],[0.9107, 0.7122],[1.0, 0.8079],[1.0, 0.7746],[1.0, 0.7277],[0.8614, 0.8135],[1.0, 0.9447],[1.0, 1.0],[1.0, 1.0]
[0.5664, 0.6504],[0.7031, 0.4741],[0.8963, 0.3592],[1.0, 0.2904],[1.0, 0.2442],[1.0, 0.49],[1.0, 0.6042],[1.0, 0.6002],[1.0, 0.5573],[0.9718, 0.6316],[1.0, 0.7299],[1.0, 0.7029],[1.0, 0.6645],[0.9252, 0.7558],[1.0, 0.8493],[1.0, 0.8142],[1.0, 0.7669],[0.866, 0.8556],[1.0, 0.9805],[1.0, 1.0],[1.0, 1.0]
[0.5736, 0.6933],[0.7136, 0.5152],[0.9009, 0.3917],[1.0, 0.3263],[1.0, 0.2863],[1.0, 0.5399],[1.0, 0.6545],[1.0, 0.6538],[1.0, 0.6116],[0.9955, 0.6819],[1.0, 0.7772],[1.0, 0.7573],[1.0, 0.7218],[0.9475, 0.805],[1.0, 0.8959],[1.0, 0.8648],[1.0, 0.8194],[0.8871, 0.9048],[1.0, 1.0],[1.0, 1.0],[1.0, 1.0]
[0.5756, 0.7355],[0.7175, 0.5547],[0.9127, 0.4335],[1.0, 0.3706],[1.0, 0.3314],[1.0, 0.5887],[1.0, 0.7],[1.0, 0.6941],[1.0, 0.6534],[0.9929, 0.7277],[1.0, 0.8297],[1.0, 0.8042],[1.0, 0.7661],[0.9429, 0.8482],[1.0, 0.9432],[1.0, 0.9085],[1.0, 0.8615],[0.8798, 0.9425],[1.0, 1.0],[1.0, 1.0],[1.0, 1.0]
[0.5545, 0.7706],[0.7083, 0.5887],[0.9179, 0.4771],[1.0, 0.419],[1.0, 0.371],[1.0, 0.636],[1.0, 0.7451],[1.0, 0.7381],[1.0, 0.7003],[0.9869, 0.7728],[1.0, 0.8711],[1.0, 0.8464],[1.0, 0.8116],[0.937, 0.8911],[1.0, 0.9824],[1.0, 0.955],[1.0, 0.9158],[0.8746, 0.9831],[1.0, 1.0],[1.0, 1.0],[1.0, 1.0]
[0.5756, 0.8053],[0.7234, 0.6224],[0.9219, 0.5078],[1.0, 0.4457],[1.0, 0.4035],[1.0, 0.6726],[1.0, 0.7817],[1.0, 0.7721],[1.0, 0.7336],[0.9955, 0.8164],[1.0, 0.9118],[1.0, 0.8804],[1.0, 0.8467],[0.9475, 0.9358],[1.0, 1.0],[1.0, 0.992],[1.0, 0.9517],[0.8871, 1.0],[1.0, 1.0],[1.0, 1.0],[1.0, 1.0]
[0.567, 0.8367],[0.7162, 0.653],[0.9206, 0.5377],[1.0, 0.4749],[1.0, 0.4279],[1.0, 0.7037],[1.0, 0.8153],[1.0, 0.7998],[1.0, 0.7613],[0.9843, 0.8475],[1.0, 0.9458],[1.0, 0.9122],[1.0, 0.8804],[0.935, 0.9676],[1.0, 1.0],[1.0, 1.0],[1.0, 0.9916],[0.8772, 1.0],[1.0, 1.0],[1.0, 1.0],[1.0, 1.0]
[0.5499, 0.86],[0.7096, 0.6771],[0.9193, 0.5573],[1.0, 0.4904],[1.0, 0.4519],[1.0, 0.7358],[1.0, 0.8456],[1.0, 0.8397],[1.0, 0.8024],[0.9889, 0.877],[1.0, 0.9805],[1.0, 0.9524],[1.0, 0.9162],[0.9357, 0.9961],[1.0, 1.0],[1.0, 1.0],[1.0, 1.0],[0.8687, 1.0],[1.0, 1.0],[1.0, 1.0],[1.0, 1.0]
[0.5526, 0.8678],[0.7142, 0.6878],[0.916, 0.5695],[1.0, 0.5033],[1.0, 0.4715],[1.0, 0.7454],[1.0, 0.86],[1.0, 0.8486],[1.0, 0.8112],[0.9896, 0.8922],[1.0, 0.992],[1.0, 0.9617],[1.0, 0.9306],[0.9409, 1.0],[1.0, 1.0],[1.0, 1.0],[1.0, 1.0],[0.8785, 1.0],[1.0, 1.0],[1.0, 1.0],[1.0, 1.0]
[0.5611, 0.8685],[0.7234, 0.693],[0.9199, 0.575],[1.0, 0.5067],[1.0, 0.4701],[1.0, 0.7488],[1.0, 0.8682],[1.0, 0.8567],[1.0, 0.8157],[0.9968, 0.8963],[1.0, 0.9957],[1.0, 0.9683],[1.0, 0.9377],[0.9455, 1.0],[1.0, 1.0],[1.0, 1.0],[1.0, 1.0],[0.8825, 1.0],[1.0, 1.0],[1.0, 1.0],[1.0, 1.0]
[0.5559, 0.8708],[0.7201, 0.6989],[0.9225, 0.5821],[1.0, 0.5115],[1.0, 0.469],[1.0, 0.7477],[1.0, 0.8778],[1.0, 0.8648],[1.0, 0.8212],[0.9968, 0.8907],[1.0, 1.0],[1.0, 0.9731],[1.0, 0.9399],[0.9423, 1.0],[1.0, 1.0],[1.0, 1.0],[1.0, 1.0],[0.8792, 1.0],[1.0, 1.0],[1.0, 1.0],[1.0, 1.0]
[0.5598, 0.8678],[0.7234, 0.6959],[0.9291, 0.5802],[1.0, 0.5104],[1.0, 0.4701],[1.0, 0.7443],[1.0, 0.8789],[1.0, 0.8674],[1.0, 0.8216],[0.9942, 0.8885],[1.0, 1.0],[1.0, 0.9768],[1.0, 0.9402],[0.9403, 1.0],[1.0, 1.0],[1.0, 1.0],[1.0, 1.0],[0.8772, 1.0],[1.0, 1.0],[1.0, 1.0],[1.0, 1.0]
[0.5631, 0.863],[0.7267, 0.6926],[0.9298, 0.5761],[1.0, 0.5085],[1.0, 0.4697],[1.0, 0.7399],[1.0, 0.8733],[1.0, 0.8619],[1.0, 0.8164],[0.9889, 0.8844],[1.0, 1.0],[1.0, 0.9724],[1.0, 0.9373],[0.935, 1.0],[1.0, 1.0],[1.0, 1.0],[1.0, 1.0],[0.8726, 1.0],[1.0, 1.0],[1.0, 1.0],[1.0, 1.0]
[0.5559, 0.8611],[0.7201, 0.6907],[0.9258, 0.575],[1.0, 0.5078],[1.0, 0.4682],[1.0, 0.7392],[1.0, 0.8719],[1.0, 0.8593],[1.0, 0.8142],[0.9896, 0.8811],[1.0, 0.9986],[1.0, 0.9702],[1.0, 0.9362],[0.9357, 1.0],[1.0, 1.0],[1.0, 1.0],[1.0, 1.0],[0.8733, 1.0],[1.0, 1.0],[1.0, 1.0],[1.0, 1.0]
[0.5657, 0.8582],[0.7293, 0.6859],[0.9304, 0.5688],[1.0, 0.5018],[1.0, 0.4608],[1.0, 0.7377],[1.0, 0.8748],[1.0, 0.8619],[1.0, 0.8116],[0.9942, 0.8789],[1.0, 0.9983],[1.0, 0.9709],[1.0, 0.9347],[0.939, 1.0],[1.0, 1.0],[1.0, 1.0],[1.0, 1.0],[0.8746, 1.0],[1.0, 1.0],[1.0, 1.0],[1.0, 1.0]
[0.5657, 0.8482],[0.7274, 0.6819],[0.9278, 0.5658],[1.0, 0.4996],[1.0, 0.459],[1.0, 0.7329],[1.0, 0.8715],[1.0, 0.8637],[1.0, 0.8149],[0.9961, 0.8708],[1.0, 0.9957],[1.0, 0.9724],[1.0, 0.9347],[0.9363, 0.9898],[1.0, 1.0],[1.0, 1.0],[1.0, 1.0],[0.866, 1.0],[1.0, 1.0],[1.0, 1.0],[1.0, 1.0]
[0.5637, 0.8445],[0.7274, 0.6737],[0.9258, 0.5599],[1.0, 0.4948],[1.0, 0.4534],[1.0, 0.7358],[1.0, 0.8645],[1.0, 0.8534],[1.0, 0.8068],[0.9915, 0.8781],[1.0, 0.9913],[1.0, 0.9632],[1.0, 0.928],[0.9344, 0.9968],[1.0, 1.0],[1.0, 1.0],[1.0, 1.0],[0.868, 1.0],[1.0, 1.0],[1.0, 1.0],[1.0, 1.0]
[0.5486, 0.8434],[0.7155, 0.6734],[0.914, 0.5558],[1.0, 0.4893],[1.0, 0.4542],[1.0, 0.7284],[1.0, 0.8512],[1.0, 0.8456],[1.0, 0.8038],[0.9902, 0.8685],[1.0, 0.9783],[1.0, 0.9558],[1.0, 0.9199],[0.9344, 0.9883],[1.0, 1.0],[1.0, 1.0],[1.0, 1.0],[0.868, 1.0],[1.0, 1.0],[1.0, 1.0],[1.0, 1.0]
[0.5506, 0.8382],[0.7182, 0.6674],[0.9232, 0.5525],[1.0, 0.4863],[1.0, 0.446],[1.0, 0.7229],[1.0, 0.8545],[1.0, 0.8456],[1.0, 0.7979],[0.9889, 0.8648],[1.0, 0.9794],[1.0, 0.9539],[1.0, 0.9162],[0.9304, 0.985],[1.0, 1.0],[1.0, 1.0],[1.0, 1.0],[0.8621, 1.0],[1.0, 1.0],[1.0, 1.0],[1.0, 1.0]
[0.5526, 0.836],[0.7182, 0.6674],[0.9252, 0.5514],[1.0, 0.4837],[1.0, 0.4427],[1.0, 0.714],[1.0, 0.8489],[1.0, 0.8423],[1.0, 0.7961],[0.9876, 0.8563],[1.0, 0.9746],[1.0, 0.9513],[1.0, 0.9122],[0.9311, 0.9779],[1.0, 1.0],[1.0, 1.0],[1.0, 1.0],[0.8654, 1.0],[1.0, 1.0],[1.0, 1.0],[1.0, 1.0]
[0.5572, 0.8323],[0.7221, 0.6638],[0.9252, 0.5451],[1.0, 0.4741],[1.0, 0.4342],[1.0, 0.7059],[1.0, 0.8419],[1.0, 0.8353],[1.0, 0.7909],[0.9843, 0.8501],[1.0, 0.9694],[1.0, 0.9454],[1.0, 0.9077],[0.9304, 0.9728],[1.0, 1.0],[1.0, 1.0],[1.0, 1.0],[0.8693, 1.0],[1.0, 1.0],[1.0, 1.0],[1.0, 1.0]
[0.5486, 0.8294],[0.7129, 0.6582],[0.9212, 0.5396],[1.0, 0.4693],[1.0, 0.4294],[1.0, 0.7059],[1.0, 0.8353],[1.0, 0.8245],[1.0, 0.7813],[0.9856, 0.8482],[1.0, 0.9639],[1.0, 0.9362],[1.0, 0.8996],[0.9304, 0.9676],[1.0, 1.0],[1.0, 1.0],[1.0, 1.0],[0.866, 1.0],[1.0, 1.0],[1.0, 1.0],[1.0, 1.0]
[0.5578, 0.8286],[0.7162, 0.6545],[0.9199, 0.5333],[1.0, 0.4638],[1.0, 0.4294],[1.0, 0.7048],[1.0, 0.8342],[1.0, 0.8209],[1.0, 0.7754],[0.9869, 0.8478],[1.0, 0.9576],[1.0, 0.928],[1.0, 0.8951],[0.9337, 0.968],[1.0, 1.0],[1.0, 1.0],[1.0, 1.0],[0.8719, 1.0],[1.0, 1.0],[1.0, 1.0],[1.0, 1.0]
[0.5545, 0.8264],[0.7155, 0.653],[0.9199, 0.5347],[1.0, 0.4656],[1.0, 0.4239],[1.0, 0.6989],[1.0, 0.8319],[1.0, 0.8223],[1.0, 0.7769],[0.9876, 0.8408],[1.0, 0.9558],[1.0, 0.9295],[1.0, 0.8955],[0.9331, 0.9621],[1.0, 1.0],[1.0, 1.0],[1.0, 1.0],[0.8706, 1.0],[1.0, 1.0],[1.0, 1.0],[1.0, 1.0]
[0.5499, 0.8238],[0.7123, 0.6512],[0.9193, 0.5303],[1.0, 0.4597],[1.0, 0.4209],[1.0, 0.6933],[1.0, 0.8305],[1.0, 0.8212],[1.0, 0.7746],[0.9869, 0.8342],[1.0, 0.9569],[1.0, 0.9295],[1.0, 0.8903],[0.9311, 0.9547],[1.0, 1.0],[1.0, 1.0],[1.0, 0.9957],[0.8654, 1.0],[1.0, 1.0],[1.0, 1.0],[1.0, 1.0]
[0.5506, 0.822],[0.7129, 0.6475],[0.9193, 0.5274],[1.0, 0.456],[1.0, 0.4187],[1.0, 0.6911],[1.0, 0.8286],[1.0, 0.8186],[1.0, 0.7717],[0.9915, 0.8338],[1.0, 0.9554],[1.0, 0.9247],[1.0, 0.8848],[0.937, 0.9558],[1.0, 1.0],[1.0, 1.0],[1.0, 0.9894],[0.8713, 1.0],[1.0, 1.0],[1.0, 1.0],[1.0, 1.0]
[0.5414, 0.8175],[0.707, 0.6416],[0.9193, 0.524],[1.0, 0.4549],[1.0, 0.4172],[1.0, 0.6874],[1.0, 0.8238],[1.0, 0.8135],[1.0, 0.768],[0.9876, 0.8319],[1.0, 0.9491],[1.0, 0.9203],[1.0, 0.883],[0.9344, 0.9536],[1.0, 1.0],[1.0, 1.0],[1.0, 0.9839],[0.8706, 1.0],[1.0, 1.0],[1.0, 1.0],[1.0, 1.0]
[0.5453, 0.8149],[0.7096, 0.6423],[0.9206, 0.5248],[1.0, 0.4542],[1.0, 0.4135],[1.0, 0.6852],[1.0, 0.8257],[1.0, 0.8138],[1.0, 0.7673],[0.9869, 0.8297],[1.0, 0.9499],[1.0, 0.9203],[1.0, 0.8815],[0.9324, 0.9517],[1.0, 1.0],[1.0, 1.0],[1.0, 0.9857],[0.868, 1.0],[1.0, 1.0],[1.0, 1.0],[1.0, 1.0]
[0.546, 0.8157],[0.7077, 0.6416],[0.916, 0.5207],[1.0, 0.4505],[1.0, 0.4161],[1.0, 0.6837],[1.0, 0.8227],[1.0, 0.8149],[1.0, 0.768],[0.9902, 0.8253],[1.0, 0.9465],[1.0, 0.9192],[1.0, 0.8789],[0.9344, 0.9476],[1.0, 1.0],[1.0, 1.0],[1.0, 0.9846],[0.8687, 1.0],[1.0, 1.0],[1.0, 1.0],[1.0, 1.0]
[0.5499, 0.8127],[0.7109, 0.6371],[0.9166, 0.5166],[1.0, 0.4453],[1.0, 0.4128],[1.0, 0.6867],[1.0, 0.822],[1.0, 0.8101],[1.0, 0.7617],[0.9929, 0.8268],[1.0, 0.9465],[1.0, 0.9151],[1.0, 0.8752],[0.935, 0.9476],[1.0, 1.0],[1.0, 1.0],[1.0, 0.9791],[0.8667, 1.0],[1.0, 1.0],[1.0, 1.0],[1.0, 1.0]
[0.546, 0.8135],[0.7063, 0.6394],[0.9153, 0.517],[1.0, 0.4483],[1.0, 0.4105],[1.0, 0.6808],[1.0, 0.8153],[1.0, 0.8105],[1.0, 0.7647],[0.9883, 0.8194],[1.0, 0.9414],[1.0, 0.9177],[1.0, 0.8793],[0.9331, 0.9417],[1.0, 1.0],[1.0, 1.0],[1.0, 0.9809],[0.8667, 1.0],[1.0, 1.0],[1.0, 1.0],[1.0, 1.0]
[0.5493, 0.8101],[0.7103, 0.6368],[0.9147, 0.5166],[1.0, 0.4434],[1.0, 0.405],[1.0, 0.6774],[1.0, 0.8153],[1.0, 0.809],[1.0, 0.7621],[0.9817, 0.8197],[1.0, 0.941],[1.0, 0.9122],[1.0, 0.8719],[0.9278, 0.9421],[1.0, 1.0],[1.0, 1.0],[1.0, 0.972],[0.8654, 1.0],[1.0, 1.0],[1.0, 1.0],[1.0, 1.0]
[0.544, 0.8053],[0.7057, 0.6279],[0.9087, 0.5048],[1.0, 0.4368],[1.0, 0.3983],[1.0, 0.6711],[1.0, 0.8035],[1.0, 0.8005],[1.0, 0.7573],[0.9837, 0.812],[1.0, 0.931],[1.0, 0.9092],[1.0, 0.8719],[0.9317, 0.9332],[1.0, 1.0],[1.0, 1.0],[1.0, 0.9743],[0.87, 1.0],[1.0, 1.0],[1.0, 1.0],[1.0, 1.0]
[0.5499, 0.8013],[0.707, 0.6212],[0.9087, 0.5011],[1.0, 0.4327],[1.0, 0.3924],[1.0, 0.6711],[1.0, 0.8046],[1.0, 0.799],[1.0, 0.7543],[0.9896, 0.8146],[1.0, 0.9317],[1.0, 0.9036],[1.0, 0.8634],[0.939, 0.9354],[1.0, 1.0],[1.0, 1.0],[1.0, 0.9654],[0.8765, 1.0],[1.0, 1.0],[1.0, 1.0],[1.0, 1.0]
[0.5421, 0.8068],[0.6978, 0.6272],[0.9028, 0.5063],[1.0, 0.4375],[1.0, 0.3961],[1.0, 0.6723],[1.0, 0.7957],[1.0, 0.7931],[1.0, 0.7525],[0.9942, 0.8127],[1.0, 0.9255],[1.0, 0.9025],[1.0, 0.8652],[0.9409, 0.9325],[1.0, 1.0],[1.0, 1.0],[1.0, 0.9669],[0.8785, 1.0],[1.0, 1.0],[1.0, 1.0],[1.0, 1.0]
[0.5467, 0.8016],[0.7044, 0.6264],[0.9087, 0.5059],[1.0, 0.4342],[1.0, 0.3958],[1.0, 0.6671],[1.0, 0.7953],[1.0, 0.792],[1.0, 0.7495],[0.9935, 0.8079],[1.0, 0.9247],[1.0, 0.9022],[1.0, 0.8641],[0.9409, 0.9292],[1.0, 1.0],[1.0, 1.0],[1.0, 0.9676],[0.8772, 1.0],[1.0, 1.0],[1.0, 1.0],[1.0, 1.0]
[0.5493, 0.8005],[0.7031, 0.6253],[0.9074, 0.5055],[1.0, 0.4331],[1.0, 0.3947],[1.0, 0.6671],[1.0, 0.7935],[1.0, 0.7913],[1.0, 0.7499],[0.9935, 0.8098],[1.0, 0.9255],[1.0, 0.9018],[1.0, 0.8623],[0.9416, 0.9314],[1.0, 1.0],[1.0, 1.0],[1.0, 0.9654],[0.8779, 1.0],[1.0, 1.0],[1.0, 1.0],[1.0, 1.0]
[0.5375, 0.8031],[0.6978, 0.6272],[0.9087, 0.5089],[1.0, 0.4364],[1.0, 0.3932],[1.0, 0.67],[1.0, 0.7931],[1.0, 0.7913],[1.0, 0.7502],[1.0, 0.8094],[1.0, 0.9251],[1.0, 0.9044],[1.0, 0.8652],[0.9469, 0.9299],[1.0, 1.0],[1.0, 1.0],[1.0, 0.9687],[0.8779, 1.0],[1.0, 1.0],[1.0, 1.0],[1.0, 1.0]
[0.5401, 0.802],[0.6991, 0.6238],[0.9068, 0.5041],[1.0, 0.4316],[1.0, 0.3947],[1.0, 0.6704],[1.0, 0.7972],[1.0, 0.7961],[1.0, 0.7551],[0.9975, 0.8109],[1.0, 0.9262],[1.0, 0.9036],[1.0, 0.8652],[0.9409, 0.9314],[1.0, 1.0],[1.0, 1.0],[1.0, 0.9669],[0.8706, 1.0],[1.0, 1.0],[1.0, 1.0],[1.0, 1.0]
[0.5401, 0.8013],[0.6991, 0.6224],[0.9081, 0.5041],[1.0, 0.4327],[1.0, 0.3924],[1.0, 0.6715],[1.0, 0.7976],[1.0, 0.795],[1.0, 0.7536],[0.9922, 0.8123],[1.0, 0.9262],[1.0, 0.9029],[1.0, 0.8663],[0.9363, 0.9321],[1.0, 1.0],[1.0, 1.0],[1.0, 0.9658],[0.8673, 1.0],[1.0, 1.0],[1.0, 1.0],[1.0, 1.0]
[0.5421, 0.799],[0.7017, 0.6216],[0.9094, 0.5022],[1.0, 0.4312],[1.0, 0.3902],[1.0, 0.6693],[1.0, 0.8024],[1.0, 0.7968],[1.0, 0.7528],[0.9942, 0.8105],[1.0, 0.9269],[1.0, 0.9014],[1.0, 0.8637],[0.9383, 0.9314],[1.0, 1.0],[1.0, 1.0],[1.0, 0.9635],[0.8693, 1.0],[1.0, 1.0],[1.0, 1.0],[1.0, 1.0]
[0.5414, 0.7972],[0.7037, 0.6198],[0.9101, 0.5007],[1.0, 0.4305],[1.0, 0.391],[1.0, 0.6674],[1.0, 0.8009],[1.0, 0.7942],[1.0, 0.7488],[0.9935, 0.8105],[1.0, 0.9266],[1.0, 0.9],[1.0, 0.8619],[0.9383, 0.9321],[1.0, 1.0],[1.0, 1.0],[1.0, 0.9632],[0.8693, 1.0],[1.0, 1.0],[1.0, 1.0],[1.0, 1.0]
[0.5381, 0.7942],[0.7037, 0.6175],[0.9107, 0.4989],[1.0, 0.4268],[1.0, 0.3869],[1.0, 0.6656],[1.0, 0.7998],[1.0, 0.7931],[1.0, 0.7477],[0.9961, 0.8075],[1.0, 0.924],[1.0, 0.9003],[1.0, 0.8623],[0.9396, 0.9295],[1.0, 1.0],[1.0, 1.0],[1.0, 0.9654],[0.87, 1.0],[1.0, 1.0],[1.0, 1.0],[1.0, 1.0]
[0.5388, 0.7872],[0.7017, 0.6105],[0.9114, 0.4922],[1.0, 0.4246],[1.0, 0.388],[1.0, 0.6649],[1.0, 0.7953],[1.0, 0.7861],[1.0, 0.7414],[0.9981, 0.8068],[1.0, 0.921],[1.0, 0.8948],[1.0, 0.8552],[0.9409, 0.9262],[1.0, 1.0],[1.0, 1.0],[1.0, 0.9598],[0.8719, 1.0],[1.0, 1.0],[1.0, 1.0],[1.0, 1.0]
[0.5342, 0.788],[0.6958, 0.6105],[0.9114, 0.4933],[1.0, 0.4261],[1.0, 0.3828],[1.0, 0.6564],[1.0, 0.7928],[1.0, 0.7861],[1.0, 0.7392],[1.0, 0.7961],[1.0, 0.9195],[1.0, 0.8966],[1.0, 0.8541],[0.9429, 0.9173],[1.0, 1.0],[1.0, 1.0],[1.0, 0.9572],[0.8733, 1.0],[1.0, 1.0],[1.0, 1.0],[1.0, 1.0]
[0.5421, 0.7846],[0.705, 0.6102],[0.914, 0.49],[1.0, 0.4198],[1.0, 0.381],[1.0, 0.6593],[1.0, 0.7946],[1.0, 0.7839],[1.0, 0.7362],[1.0, 0.8013],[1.0, 0.9188],[1.0, 0.8929],[1.0, 0.8526],[0.9515, 0.9225],[1.0, 1.0],[1.0, 0.9983],[1.0, 0.9547],[0.8831, 1.0],[1.0, 1.0],[1.0, 1.0],[1.0, 1.0]
[0.5447, 0.7843],[0.7057, 0.6076],[0.916, 0.4878],[1.0, 0.4213],[1.0, 0.3832],[1.0, 0.6512],[1.0, 0.7935],[1.0, 0.7854],[1.0, 0.7373],[1.0, 0.7909],[1.0, 0.9192],[1.0, 0.8981],[1.0, 0.8574],[0.9455, 0.9122],[1.0, 1.0],[1.0, 1.0],[1.0, 0.9576],[0.8746, 1.0],[1.0, 1.0],[1.0, 1.0],[1.0, 1.0]
[0.5467, 0.7791],[0.709, 0.6039],[0.916, 0.4863],[1.0, 0.4202],[1.0, 0.3825],[1.0, 0.6482],[1.0, 0.7965],[1.0, 0.7861],[1.0, 0.7358],[0.9988, 0.7883],[1.0, 0.9184],[1.0, 0.8926],[1.0, 0.8504],[0.9416, 0.9088],[1.0, 1.0],[1.0, 0.9968],[1.0, 0.9491],[0.8719, 1.0],[1.0, 1.0],[1.0, 1.0],[1.0, 1.0]
[0.544, 0.7783],[0.7057, 0.6024],[0.914, 0.4841],[1.0, 0.4172],[1.0, 0.3817],[1.0, 0.6445],[1.0, 0.7935],[1.0, 0.7831],[1.0, 0.7336],[0.9929, 0.7843],[1.0, 0.9173],[1.0, 0.8911],[1.0, 0.8493],[0.937, 0.9051],[1.0, 1.0],[1.0, 0.9964],[1.0, 0.9506],[0.8706, 0.9986],[1.0, 1.0],[1.0, 1.0],[1.0, 1.0]
[0.5513, 0.7783],[0.7116, 0.5998],[0.9166, 0.4826],[1.0, 0.4154],[1.0, 0.3806],[1.0, 0.646],[1.0, 0.7965],[1.0, 0.7854],[1.0, 0.7351],[0.9994, 0.7883],[1.0, 0.9184],[1.0, 0.8892],[1.0, 0.8467],[0.9442, 0.9092],[1.0, 1.0],[1.0, 0.9916],[1.0, 0.9451],[0.8759, 1.0],[1.0, 1.0],[1.0, 1.0],[1.0, 1.0]
[0.5519, 0.7783],[0.7116, 0.6009],[0.9166, 0.4834],[1.0, 0.4161],[1.0, 0.3776],[1.0, 0.6434],[1.0, 0.7961],[1.0, 0.7861],[1.0, 0.7332],[0.9961, 0.7846],[1.0, 0.9166],[1.0, 0.8903],[1.0, 0.8471],[0.9416, 0.9062],[1.0, 1.0],[1.0, 0.9946],[1.0, 0.9487],[0.8752, 0.9994],[1.0, 1.0],[1.0, 1.0],[1.0, 1.0]
[0.5513, 0.7761],[0.7103, 0.5965],[0.9179, 0.4808],[1.0, 0.4165],[1.0, 0.3817],[1.0, 0.6434],[1.0, 0.795],[1.0, 0.7817],[1.0, 0.7307],[0.9935, 0.7872],[1.0, 0.9166],[1.0, 0.8852],[1.0, 0.8419],[0.939, 0.9085],[1.0, 1.0],[1.0, 0.9883],[1.0, 0.9421],[0.8726, 1.0],[1.0, 1.0],[1.0, 1.0],[1.0, 1.0]
[0.5506, 0.7769],[0.7096, 0.5983],[0.916, 0.4808],[1.0, 0.4154],[1.0, 0.3795],[1.0, 0.6431],[1.0, 0.7924],[1.0, 0.782],[1.0, 0.7325],[0.9909, 0.7843],[1.0, 0.914],[1.0, 0.8863],[1.0, 0.8438],[0.935, 0.9055],[1.0, 1.0],[1.0, 0.9894],[1.0, 0.9454],[0.8687, 0.9975],[1.0, 1.0],[1.0, 1.0],[1.0, 1.0]
[0.5486, 0.7765],[0.709, 0.5954],[0.9166, 0.4771],[1.0, 0.4139],[1.0, 0.3799],[1.0, 0.646],[1.0, 0.7913],[1.0, 0.7806],[1.0, 0.7303],[0.9981, 0.7876],[1.0, 0.9129],[1.0, 0.8848],[1.0, 0.8427],[0.9436, 0.9081],[1.0, 1.0],[1.0, 0.9887],[1.0, 0.9436],[0.8759, 0.9994],[1.0, 1.0],[1.0, 1.0],[1.0, 1.0]
[0.5513, 0.7758],[0.7109, 0.5957],[0.9166, 0.4786],[1.0, 0.4157],[1.0, 0.3762],[1.0, 0.6471],[1.0, 0.7905],[1.0, 0.7817],[1.0, 0.7321],[0.9975, 0.7868],[1.0, 0.9114],[1.0, 0.8852],[1.0, 0.843],[0.9429, 0.9066],[1.0, 1.0],[1.0, 0.989],[1.0, 0.9458],[0.8752, 0.9979],[1.0, 1.0],[1.0, 1.0],[1.0, 1.0]
[0.5545, 0.7743],[0.7136, 0.5913],[0.916, 0.4756],[1.0, 0.4142],[1.0, 0.3762],[1.0, 0.646],[1.0, 0.7887],[1.0, 0.7772],[1.0, 0.7277],[0.9942, 0.7894],[1.0, 0.9107],[1.0, 0.8793],[1.0, 0.8382],[0.9409, 0.9096],[1.0, 1.0],[1.0, 0.9846],[1.0, 0.9402],[0.8752, 1.0],[1.0, 1.0],[1.0, 1.0],[1.0, 1.0]
[0.5519, 0.7761],[0.7129, 0.5943],[0.9153, 0.476],[1.0, 0.4128],[1.0, 0.3747],[1.0, 0.6423],[1.0, 0.7802],[1.0, 0.7687],[1.0, 0.7214],[0.9988, 0.7843],[1.0, 0.904],[1.0, 0.8778],[1.0, 0.839],[0.9436, 0.9051],[1.0, 1.0],[1.0, 0.9846],[1.0, 0.9443],[0.8772, 0.9986],[1.0, 1.0],[1.0, 1.0],[1.0, 1.0]
[0.5519, 0.7687],[0.7136, 0.5895],[0.9239, 0.4741],[1.0, 0.4102],[1.0, 0.3688],[1.0, 0.6386],[1.0, 0.7861],[1.0, 0.7735],[1.0, 0.7229],[0.9968, 0.7795],[1.0, 0.9088],[1.0, 0.8793],[1.0, 0.8364],[0.939, 0.8996],[1.0, 1.0],[1.0, 0.9846],[1.0, 0.9414],[0.8693, 0.9905],[1.0, 1.0],[1.0, 1.0],[1.0, 1.0]
[0.5545, 0.7687],[0.7142, 0.5865],[0.9206, 0.4726],[1.0, 0.4083],[1.0, 0.3691],[1.0, 0.6423],[1.0, 0.7843],[1.0, 0.775],[1.0, 0.7266],[1.0, 0.7817],[1.0, 0.907],[1.0, 0.8804],[1.0, 0.8386],[0.9442, 0.9007],[1.0, 1.0],[1.0, 0.9816],[1.0, 0.9365],[0.8746, 0.9924],[1.0, 1.0],[1.0, 1.0],[1.0, 1.0]
[0.5545, 0.7654],[0.7155, 0.5887],[0.9193, 0.4734],[1.0, 0.4032],[1.0, 0.3662],[1.0, 0.6364],[1.0, 0.7813],[1.0, 0.7728],[1.0, 0.7259],[1.0, 0.7761],[1.0, 0.9055],[1.0, 0.8789],[1.0, 0.8367],[0.9462, 0.8959],[1.0, 1.0],[1.0, 0.9809],[1.0, 0.9362],[0.8759, 0.9883],[1.0, 1.0],[1.0, 1.0],[1.0, 1.0]
[0.5506, 0.7636],[0.7096, 0.5828],[0.9179, 0.4667],[1.0, 0.402],[1.0, 0.3647],[1.0, 0.6301],[1.0, 0.7754],[1.0, 0.7621],[1.0, 0.7162],[1.0, 0.7739],[1.0, 0.9029],[1.0, 0.8726],[1.0, 0.8334],[0.9449, 0.8955],[1.0, 1.0],[1.0, 0.9783],[1.0, 0.9362],[0.8772, 0.9887],[1.0, 1.0],[1.0, 1.0],[1.0, 1.0]
[0.5519, 0.7576],[0.7136, 0.5802],[0.9232, 0.4638],[1.0, 0.4002],[1.0, 0.3595],[1.0, 0.6227],[1.0, 0.7732],[1.0, 0.7617],[1.0, 0.7137],[0.9988, 0.7647],[1.0, 0.8974],[1.0, 0.8696],[1.0, 0.8297],[0.9416, 0.887],[1.0, 1.0],[1.0, 0.9776],[1.0, 0.9332],[0.8746, 0.982],[1.0, 1.0],[1.0, 1.0],[1.0, 1.0]
[0.5493, 0.7554],[0.709, 0.578],[0.9186, 0.4604],[1.0, 0.3961],[1.0, 0.3569],[1.0, 0.6179],[1.0, 0.7702],[1.0, 0.7599],[1.0, 0.7096],[0.9929, 0.7599],[1.0, 0.8944],[1.0, 0.8674],[1.0, 0.826],[0.9377, 0.883],[1.0, 1.0],[1.0, 0.9698],[1.0, 0.9225],[0.8713, 0.9776],[1.0, 1.0],[1.0, 1.0],[1.0, 1.0]
[0.5526, 0.7514],[0.7129, 0.5721],[0.9225, 0.4527],[1.0, 0.3895],[1.0, 0.3496],[1.0, 0.6153],[1.0, 0.7676],[1.0, 0.7565],[1.0, 0.7059],[0.9942, 0.7565],[1.0, 0.8915],[1.0, 0.8641],[1.0, 0.8209],[0.9383, 0.8785],[1.0, 1.0],[1.0, 0.9676],[1.0, 0.9184],[0.8713, 0.972],[1.0, 1.0],[1.0, 1.0],[1.0, 1.0]
[0.5506, 0.7528],[0.7129, 0.5706],[0.9199, 0.4549],[1.0, 0.3895],[1.0, 0.3503],[1.0, 0.6187],[1.0, 0.7669],[1.0, 0.7588],[1.0, 0.7092],[0.9981, 0.7595],[1.0, 0.89],[1.0, 0.8615],[1.0, 0.8183],[0.9436, 0.8807],[1.0, 0.9972],[1.0, 0.9635],[1.0, 0.9147],[0.8759, 0.9728],[1.0, 1.0],[1.0, 1.0],[1.0, 1.0]
[0.5519, 0.7562],[0.7109, 0.5754],[0.9199, 0.4597],[1.0, 0.3958],[1.0, 0.3533],[1.0, 0.6187],[1.0, 0.7721],[1.0, 0.7658],[1.0, 0.7173],[0.9988, 0.7591],[1.0, 0.8918],[1.0, 0.8671],[1.0, 0.8257],[0.9436, 0.8811],[1.0, 0.9983],[1.0, 0.9672],[1.0, 0.9207],[0.8759, 0.9754],[1.0, 1.0],[1.0, 1.0],[1.0, 1.0]
[0.5526, 0.7602],[0.7116, 0.5806],[0.9199, 0.4645],[1.0, 0.3972],[1.0, 0.3562],[1.0, 0.6246],[1.0, 0.7732],[1.0, 0.7665],[1.0, 0.7188],[0.9988, 0.7658],[1.0, 0.8937],[1.0, 0.8678],[1.0, 0.8268],[0.9436, 0.887],[1.0, 0.9998],[1.0, 0.9702],[1.0, 0.924],[0.8765, 0.9794],[1.0, 1.0],[1.0, 1.0],[1.0, 1.0]
[0.5539, 0.7569],[0.7129, 0.5802],[0.9199, 0.4645],[1.0, 0.398],[1.0, 0.3555],[1.0, 0.6264],[1.0, 0.7761],[1.0, 0.7624],[1.0, 0.7122],[0.9988, 0.7713],[1.0, 0.8977],[1.0, 0.8656],[1.0, 0.8253],[0.9449, 0.8933],[1.0, 1.0],[1.0, 0.9698],[1.0, 0.9218],[0.8792, 0.985],[1.0, 1.0],[1.0, 1.0],[1.0, 1.0]
[0.5493, 0.761],[0.7116, 0.5832],[0.9212, 0.4682],[1.0, 0.4017],[1.0, 0.3562],[1.0, 0.6257],[1.0, 0.7765],[1.0, 0.7624],[1.0, 0.7125],[0.9988, 0.7698],[1.0, 0.9007],[1.0, 0.87],[1.0, 0.8271],[0.9436, 0.8918],[1.0, 1.0],[1.0, 0.975],[1.0, 0.9288],[0.8785, 0.985],[1.0, 1.0],[1.0, 1.0],[1.0, 1.0]
[0.5618, 0.765],[0.7195, 0.5891],[0.9239, 0.4715],[1.0, 0.4017],[1.0, 0.361],[1.0, 0.6305],[1.0, 0.7787],[1.0, 0.7695],[1.0, 0.7214],[1.0, 0.7743],[1.0, 0.9025],[1.0, 0.8737],[1.0, 0.8316],[0.9475, 0.8966],[1.0, 1.0],[1.0, 0.9768],[1.0, 0.9303],[0.8811, 0.989],[1.0, 1.0],[1.0, 1.0],[1.0, 1.0]
[0.5611, 0.7676],[0.7215, 0.5917],[0.9239, 0.4738],[1.0, 0.4028],[1.0, 0.361],[1.0, 0.6419],[1.0, 0.7806],[1.0, 0.7706],[1.0, 0.7233],[1.0, 0.7824],[1.0, 0.9036],[1.0, 0.8774],[1.0, 0.8371],[0.9593, 0.9022],[1.0, 1.0],[1.0, 0.9772],[1.0, 0.931],[0.8917, 0.9931],[1.0, 1.0],[1.0, 1.0],[1.0, 1.0]
[0.5552, 0.7673],[0.7162, 0.592],[0.9212, 0.4749],[1.0, 0.405],[1.0, 0.3625],[1.0, 0.6357],[1.0, 0.7817],[1.0, 0.775],[1.0, 0.7266],[1.0, 0.7761],[1.0, 0.9059],[1.0, 0.8804],[1.0, 0.8371],[0.9547, 0.8974],[1.0, 1.0],[1.0, 0.982],[1.0, 0.9347],[0.8877, 0.9913],[1.0, 1.0],[1.0, 1.0],[1.0, 1.0]
[0.5539, 0.7728],[0.7129, 0.5939],[0.9199, 0.4767],[1.0, 0.4087],[1.0, 0.3643],[1.0, 0.636],[1.0, 0.7802],[1.0, 0.7721],[1.0, 0.7259],[1.0, 0.7776],[1.0, 0.9055],[1.0, 0.8785],[1.0, 0.8379],[0.9501, 0.8988],[1.0, 1.0],[1.0, 0.9824],[1.0, 0.9369],[0.8838, 0.992],[1.0, 1.0],[1.0, 1.0],[1.0, 1.0]
[0.5545, 0.7717],[0.7142, 0.5902],[0.9193, 0.473],[1.0, 0.4072],[1.0, 0.3658],[1.0, 0.6331],[1.0, 0.7795],[1.0, 0.7687],[1.0, 0.7207],[0.9994, 0.7772],[1.0, 0.9048],[1.0, 0.8763],[1.0, 0.836],[0.9469, 0.9003],[1.0, 1.0],[1.0, 0.9805],[1.0, 0.9347],[0.8805, 0.9935],[1.0, 1.0],[1.0, 1.0],[1.0, 1.0]
[0.5591, 0.7676],[0.7182, 0.5869],[0.9212, 0.4712],[1.0, 0.4065],[1.0, 0.3643],[1.0, 0.6316],[1.0, 0.7813],[1.0, 0.7702],[1.0, 0.7225],[0.9975, 0.7769],[1.0, 0.9062],[1.0, 0.8763],[1.0, 0.8353],[0.9442, 0.9],[1.0, 1.0],[1.0, 0.9813],[1.0, 0.9354],[0.8792, 0.9924],[1.0, 1.0],[1.0, 1.0],[1.0, 1.0]
[0.5545, 0.7728],[0.7129, 0.5917],[0.9186, 0.4745],[1.0, 0.4091],[1.0, 0.3677],[1.0, 0.6357],[1.0, 0.782],[1.0, 0.7728],[1.0, 0.7255],[0.9981, 0.778],[1.0, 0.9055],[1.0, 0.8781],[1.0, 0.8375],[0.9436, 0.8992],[1.0, 1.0],[1.0, 0.9813],[1.0, 0.9362],[0.8779, 0.992],[1.0, 1.0],[1.0, 1.0],[1.0, 1.0]
[0.5578, 0.7721],[0.7169, 0.5946],[0.9199, 0.4767],[1.0, 0.4087],[1.0, 0.3684],[1.0, 0.6349],[1.0, 0.7828],[1.0, 0.7754],[1.0, 0.7277],[0.9988, 0.7776],[1.0, 0.907],[1.0, 0.8796],[1.0, 0.8375],[0.9449, 0.8996],[1.0, 1.0],[1.0, 0.9824],[1.0, 0.9365],[0.8772, 0.9924],[1.0, 1.0],[1.0, 1.0],[1.0, 1.0]
[0.5532, 0.7765],[0.7103, 0.5965],[0.9179, 0.4789],[1.0, 0.4109],[1.0, 0.3688],[1.0, 0.6357],[1.0, 0.7835],[1.0, 0.7787],[1.0, 0.7318],[0.9961, 0.7772],[1.0, 0.9081],[1.0, 0.883],[1.0, 0.8412],[0.9416, 0.8988],[1.0, 1.0],[1.0, 0.9835],[1.0, 0.9377],[0.8746, 0.9916],[1.0, 1.0],[1.0, 1.0],[1.0, 1.0]
[0.5513, 0.7787],[0.7083, 0.5968],[0.9173, 0.4789],[1.0, 0.4128],[1.0, 0.368],[1.0, 0.6338],[1.0, 0.7835],[1.0, 0.778],[1.0, 0.7318],[0.9961, 0.775],[1.0, 0.9077],[1.0, 0.8822],[1.0, 0.8404],[0.9436, 0.897],[1.0, 1.0],[1.0, 0.9831],[1.0, 0.9358],[0.8772, 0.9905],[1.0, 1.0],[1.0, 1.0],[1.0, 1.0]
[0.5519, 0.7787],[0.7109, 0.5972],[0.9173, 0.4778],[1.0, 0.4105],[1.0, 0.368],[1.0, 0.6334],[1.0, 0.7843],[1.0, 0.7783],[1.0, 0.7288],[1.0, 0.7739],[1.0, 0.9051],[1.0, 0.8807],[1.0, 0.8379],[0.9475, 0.8963],[1.0, 1.0],[1.0, 0.9835],[1.0, 0.9377],[0.8759, 0.9913],[1.0, 1.0],[1.0, 1.0],[1.0, 1.0]
[0.5565, 0.7791],[0.7129, 0.5972],[0.9206, 0.48],[1.0, 0.412],[1.0, 0.3684],[1.0, 0.6364],[1.0, 0.7839],[1.0, 0.775],[1.0, 0.7277],[0.9975, 0.7787],[1.0, 0.9059],[1.0, 0.8781],[1.0, 0.8371],[0.9429, 0.8996],[1.0, 1.0],[1.0, 0.9809],[1.0, 0.9365],[0.8752, 0.992],[1.0, 1.0],[1.0, 1.0],[1.0, 1.0]
[0.5552, 0.7754],[0.7136, 0.595],[0.9193, 0.4804],[1.0, 0.4131],[1.0, 0.3691],[1.0, 0.6353],[1.0, 0.7831],[1.0, 0.7743],[1.0, 0.7255],[1.0, 0.7765],[1.0, 0.9044],[1.0, 0.8774],[1.0, 0.8364],[0.9449, 0.8974],[1.0, 1.0],[1.0, 0.9802],[1.0, 0.9354],[0.8772, 0.9901],[1.0, 1.0],[1.0, 1.0],[1.0, 1.0]
[0.5657, 0.7746],[0.7162, 0.5935],[0.9186, 0.4726],[1.0, 0.4083],[1.0, 0.3714],[1.0, 0.6338],[1.0, 0.7817],[1.0, 0.7735],[1.0, 0.7251],[1.0, 0.7735],[1.0, 0.904],[1.0, 0.8789],[1.0, 0.8371],[0.9515, 0.8937],[1.0, 1.0],[1.0, 0.9794],[1.0, 0.9332],[0.8857, 0.9868],[1.0, 1.0],[1.0, 1.0],[1.0, 1.0]
[0.5611, 0.7632],[0.7195, 0.5865],[0.9225, 0.4656],[1.0, 0.4009],[1.0, 0.3666],[1.0, 0.6268],[1.0, 0.7746],[1.0, 0.7628],[1.0, 0.714],[1.0, 0.7647],[1.0, 0.894],[1.0, 0.8696],[1.0, 0.833],[0.9462, 0.8844],[1.0, 1.0],[1.0, 0.9746],[1.0, 0.9329],[0.8792, 0.9787],[1.0, 1.0],[1.0, 1.0],[1.0, 1.0]
[0.5513, 0.7539],[0.7129, 0.581],[0.9153, 0.4645],[1.0, 0.3987],[1.0, 0.3618],[1.0, 0.6164],[1.0, 0.768],[1.0, 0.7584],[1.0, 0.7085],[0.9929, 0.7536],[1.0, 0.8889],[1.0, 0.8645],[1.0, 0.8242],[0.9363, 0.8733],[1.0, 0.9946],[1.0, 0.968],[1.0, 0.9236],[0.868, 0.9672],[1.0, 1.0],[1.0, 1.0],[1.0, 1.0]
[0.5552, 0.748],[0.7136, 0.5747],[0.9186, 0.463],[1.0, 0.3983],[1.0, 0.3592],[1.0, 0.6135],[1.0, 0.7661],[1.0, 0.7584],[1.0, 0.7096],[0.9883, 0.7517],[1.0, 0.8844],[1.0, 0.8608],[1.0, 0.8197],[0.9317, 0.8711],[1.0, 0.9865],[1.0, 0.9624],[1.0, 0.9199],[0.8641, 0.9628],[1.0, 1.0],[1.0, 1.0],[1.0, 1.0]
[0.5598, 0.7425],[0.7188, 0.5673],[0.9219, 0.4545],[1.0, 0.3943],[1.0, 0.3547],[1.0, 0.6068],[1.0, 0.7599],[1.0, 0.7517],[1.0, 0.7044],[0.9883, 0.7477],[1.0, 0.88],[1.0, 0.8552],[1.0, 0.8138],[0.9317, 0.8674],[1.0, 0.9809],[1.0, 0.9584],[1.0, 0.9188],[0.8654, 0.9591],[1.0, 1.0],[1.0, 1.0],[1.0, 1.0]
[0.5572, 0.7366],[0.7123, 0.5617],[0.9173, 0.4486],[1.0, 0.3884],[1.0, 0.3481],[1.0, 0.6013],[1.0, 0.7528],[1.0, 0.7377],[1.0, 0.6893],[0.9902, 0.7414],[1.0, 0.8741],[1.0, 0.843],[1.0, 0.8024],[0.937, 0.8611],[1.0, 0.9779],[1.0, 0.9462],[1.0, 0.9022],[0.8733, 0.9517],[1.0, 1.0],[1.0, 1.0],[1.0, 1.0]
[0.5467, 0.7299],[0.7031, 0.558],[0.9094, 0.4434],[1.0, 0.3806],[1.0, 0.3433],[1.0, 0.5917],[1.0, 0.7447],[1.0, 0.734],[1.0, 0.6863],[0.9909, 0.7303],[1.0, 0.8674],[1.0, 0.8419],[1.0, 0.7998],[0.9363, 0.8501],[1.0, 0.9706],[1.0, 0.9443],[1.0, 0.9],[0.87, 0.9443],[1.0, 1.0],[1.0, 1.0],[1.0, 1.0]
[0.5513, 0.7255],[0.7057, 0.5495],[0.9087, 0.4361],[1.0, 0.3747],[1.0, 0.3414],[1.0, 0.5854],[1.0, 0.7362],[1.0, 0.7255],[1.0, 0.6778],[0.9922, 0.7292],[1.0, 0.8611],[1.0, 0.8323],[1.0, 0.7894],[0.9409, 0.8515],[1.0, 0.9646],[1.0, 0.9351],[1.0, 0.8896],[0.8765, 0.9443],[1.0, 1.0],[1.0, 1.0],[1.0, 1.0]
[0.5414, 0.7218],[0.6965, 0.5466],[0.9061, 0.4309],[1.0, 0.3677],[1.0, 0.3307],[1.0, 0.5802],[1.0, 0.7284],[1.0, 0.7162],[1.0, 0.6693],[0.9909, 0.7233],[1.0, 0.8541],[1.0, 0.8279],[1.0, 0.7861],[0.9383, 0.8452],[1.0, 0.9572],[1.0, 0.9321],[1.0, 0.8889],[0.8739, 0.9388],[1.0, 1.0],[1.0, 1.0],[1.0, 1.0]
[0.5506, 0.7162],[0.705, 0.5396],[0.9061, 0.4231],[1.0, 0.3603],[1.0, 0.3204],[1.0, 0.5784],[1.0, 0.724],[1.0, 0.7148],[1.0, 0.6663],[0.9896, 0.7218],[1.0, 0.8486],[1.0, 0.8209],[1.0, 0.7783],[0.9396, 0.843],[1.0, 0.9539],[1.0, 0.924],[1.0, 0.8778],[0.8779, 0.9347],[1.0, 1.0],[1.0, 1.0],[1.0, 1.0]
[0.5545, 0.7122],[0.7057, 0.537],[0.9074, 0.4216],[1.0, 0.3581],[1.0, 0.3144],[1.0, 0.5721],[1.0, 0.724],[1.0, 0.7148],[1.0, 0.666],[0.9909, 0.714],[1.0, 0.8475],[1.0, 0.8201],[1.0, 0.7758],[0.9377, 0.8349],[1.0, 0.9517],[1.0, 0.9236],[1.0, 0.8778],[0.8733, 0.9288],[1.0, 1.0],[1.0, 1.0],[1.0, 1.0]
[0.5545, 0.7107],[0.7083, 0.5336],[0.9087, 0.4202],[1.0, 0.3577],[1.0, 0.3159],[1.0, 0.5688],[1.0, 0.7222],[1.0, 0.7166],[1.0, 0.6689],[0.9915, 0.7092],[1.0, 0.8449],[1.0, 0.819],[1.0, 0.775],[0.9363, 0.8308],[1.0, 0.9491],[1.0, 0.9214],[1.0, 0.8763],[0.868, 0.9247],[1.0, 1.0],[1.0, 1.0],[1.0, 1.0]
[0.546, 0.71],[0.705, 0.5333],[0.9094, 0.4216],[1.0, 0.3595],[1.0, 0.3174],[1.0, 0.5717],[1.0, 0.7192],[1.0, 0.7137],[1.0, 0.6686],[0.9837, 0.7129],[1.0, 0.843],[1.0, 0.8194],[1.0, 0.778],[0.9317, 0.833],[1.0, 0.9447],[1.0, 0.9221],[1.0, 0.88],[0.866, 0.924],[1.0, 1.0],[1.0, 1.0],[1.0, 1.0]
[0.5467, 0.714],[0.7011, 0.5366],[0.9087, 0.4227],[1.0, 0.3606],[1.0, 0.32],[1.0, 0.5721],[1.0, 0.7251],[1.0, 0.7166],[1.0, 0.6693],[0.9823, 0.7129],[1.0, 0.8486],[1.0, 0.8212],[1.0, 0.7787],[0.9311, 0.8338],[1.0, 0.9502],[1.0, 0.9214],[1.0, 0.8756],[0.868, 0.9258],[1.0, 1.0],[1.0, 1.0],[1.0, 1.0]
[0.546, 0.7129],[0.7037, 0.5351],[0.9114, 0.4235],[1.0, 0.3621],[1.0, 0.3192],[1.0, 0.5761],[1.0, 0.7266],[1.0, 0.7188],[1.0, 0.6708],[0.9896, 0.7173],[1.0, 0.8478],[1.0, 0.8209],[1.0, 0.778],[0.9377, 0.8386],[1.0, 0.9499],[1.0, 0.921],[1.0, 0.8748],[0.8706, 0.9295],[1.0, 1.0],[1.0, 1.0],[1.0, 1.0]
[0.5473, 0.71],[0.705, 0.5359],[0.9107, 0.4224],[1.0, 0.3592],[1.0, 0.3204],[1.0, 0.5743],[1.0, 0.7244],[1.0, 0.7159],[1.0, 0.6689],[0.9863, 0.7166],[1.0, 0.8482],[1.0, 0.8223],[1.0, 0.7787],[0.9337, 0.8379],[1.0, 0.9513],[1.0, 0.9244],[1.0, 0.8789],[0.8693, 0.9292],[1.0, 1.0],[1.0, 1.0],[1.0, 1.0]
[0.5447, 0.7107],[0.7044, 0.5362],[0.9114, 0.4231],[1.0, 0.3599],[1.0, 0.3211],[1.0, 0.5728],[1.0, 0.7229],[1.0, 0.7162],[1.0, 0.6689],[0.9837, 0.7144],[1.0, 0.8471],[1.0, 0.8242],[1.0, 0.782],[0.9331, 0.8367],[1.0, 0.9517],[1.0, 0.9273],[1.0, 0.883],[0.87, 0.9299],[1.0, 1.0],[1.0, 1.0],[1.0, 1.0]
[0.546, 0.7162],[0.7037, 0.5396],[0.9114, 0.4257],[1.0, 0.3606],[1.0, 0.3226],[1.0, 0.578],[1.0, 0.727],[1.0, 0.7192],[1.0, 0.6711],[0.9823, 0.7196],[1.0, 0.8493],[1.0, 0.8238],[1.0, 0.782],[0.9311, 0.8404],[1.0, 0.9536],[1.0, 0.9244],[1.0, 0.8767],[0.8673, 0.9325],[1.0, 1.0],[1.0, 1.0],[1.0, 1.0]
[0.5493, 0.7181],[0.707, 0.5396],[0.9127, 0.4257],[1.0, 0.3618],[1.0, 0.3226],[1.0, 0.5791],[1.0, 0.7299],[1.0, 0.724],[1.0, 0.6752],[0.9843, 0.7192],[1.0, 0.8519],[1.0, 0.8275],[1.0, 0.7835],[0.9311, 0.8397],[1.0, 0.9547],[1.0, 0.9292],[1.0, 0.883],[0.8654, 0.9317],[1.0, 1.0],[1.0, 1.0],[1.0, 1.0]
[0.5532, 0.7181],[0.7129, 0.5388],[0.9186, 0.429],[1.0, 0.3673],[1.0, 0.3248],[1.0, 0.5869],[1.0, 0.734],[1.0, 0.7233],[1.0, 0.6756],[0.9935, 0.7307],[1.0, 0.853],[1.0, 0.8253],[1.0, 0.7865],[0.939, 0.8504],[1.0, 0.9569],[1.0, 0.9269],[1.0, 0.8818],[0.8719, 0.9399],[1.0, 1.0],[1.0, 1.0],[1.0, 1.0]
[0.5467, 0.7177],[0.707, 0.5403],[0.9166, 0.4298],[1.0, 0.3666],[1.0, 0.3222],[1.0, 0.585],[1.0, 0.7336],[1.0, 0.7251],[1.0, 0.6771],[0.9889, 0.7266],[1.0, 0.8582],[1.0, 0.8308],[1.0, 0.7857],[0.9317, 0.846],[1.0, 0.9595],[1.0, 0.9314],[1.0, 0.8848],[0.8627, 0.9358],[1.0, 1.0],[1.0, 1.0],[1.0, 1.0]
[0.5519, 0.7177],[0.7136, 0.5407],[0.9199, 0.4283],[1.0, 0.3647],[1.0, 0.3218],[1.0, 0.5861],[1.0, 0.7358],[1.0, 0.7262],[1.0, 0.6785],[0.9843, 0.7277],[1.0, 0.8574],[1.0, 0.8297],[1.0, 0.7883],[0.9278, 0.8475],[1.0, 0.9595],[1.0, 0.9325],[1.0, 0.8892],[0.8614, 0.938],[1.0, 1.0],[1.0, 1.0],[1.0, 1.0]
[0.5532, 0.7203],[0.7155, 0.5432],[0.9219, 0.4324],[1.0, 0.3647],[1.0, 0.3215],[1.0, 0.5824],[1.0, 0.7332],[1.0, 0.7281],[1.0, 0.6822],[0.9817, 0.7247],[1.0, 0.8549],[1.0, 0.8301],[1.0, 0.7887],[0.9271, 0.8456],[1.0, 0.958],[1.0, 0.9325],[1.0, 0.8881],[0.8634, 0.9388],[1.0, 1.0],[1.0, 1.0],[1.0, 1.0]
[0.5559, 0.7244],[0.7149, 0.5444],[0.9173, 0.4331],[1.0, 0.3673],[1.0, 0.3241],[1.0, 0.5883],[1.0, 0.7377],[1.0, 0.7292],[1.0, 0.6822],[0.9843, 0.7295],[1.0, 0.8571],[1.0, 0.8275],[1.0, 0.7861],[0.9311, 0.8501],[1.0, 0.9598],[1.0, 0.9292],[1.0, 0.8844],[0.866, 0.9414],[1.0, 1.0],[1.0, 1.0],[1.0, 1.0]
[0.5539, 0.7281],[0.7096, 0.5506],[0.914, 0.4357],[1.0, 0.3725],[1.0, 0.3266],[1.0, 0.5935],[1.0, 0.7358],[1.0, 0.7284],[1.0, 0.6837],[0.9909, 0.7362],[1.0, 0.8586],[1.0, 0.8319],[1.0, 0.792],[0.9403, 0.8574],[1.0, 0.9635],[1.0, 0.9354],[1.0, 0.8915],[0.8772, 0.9491],[1.0, 1.0],[1.0, 1.0],[1.0, 1.0]
[0.5506, 0.7307],[0.705, 0.5518],[0.9114, 0.4364],[1.0, 0.3725],[1.0, 0.3307],[1.0, 0.5913],[1.0, 0.7314],[1.0, 0.7247],[1.0, 0.6826],[0.9863, 0.7332],[1.0, 0.8586],[1.0, 0.833],[1.0, 0.7935],[0.9363, 0.8545],[1.0, 0.965],[1.0, 0.9384],[1.0, 0.8955],[0.8746, 0.9469],[1.0, 1.0],[1.0, 1.0],[1.0, 1.0]
[0.5565, 0.7336],[0.709, 0.5536],[0.912, 0.4368],[1.0, 0.3725],[1.0, 0.33],[1.0, 0.5961],[1.0, 0.7355],[1.0, 0.7307],[1.0, 0.6867],[0.9896, 0.7388],[1.0, 0.8623],[1.0, 0.8356],[1.0, 0.795],[0.9383, 0.8589],[1.0, 0.9687],[1.0, 0.9388],[1.0, 0.8929],[0.8739, 0.9499],[1.0, 1.0],[1.0, 1.0],[1.0, 1.0]
[0.5618, 0.7295],[0.7129, 0.5518],[0.914, 0.4375],[1.0, 0.3736],[1.0, 0.3303],[1.0, 0.5935],[1.0, 0.7347],[1.0, 0.731],[1.0, 0.6863],[0.9889, 0.7351],[1.0, 0.8634],[1.0, 0.8375],[1.0, 0.7953],[0.9357, 0.8556],[1.0, 0.9691],[1.0, 0.9395],[1.0, 0.894],[0.8706, 0.9465],[1.0, 1.0],[1.0, 1.0],[1.0, 1.0]
[0.5618, 0.7325],[0.7136, 0.5554],[0.9206, 0.4412],[1.0, 0.3788],[1.0, 0.334],[1.0, 0.5998],[1.0, 0.7362],[1.0, 0.7336],[1.0, 0.6907],[0.9955, 0.7399],[1.0, 0.8648],[1.0, 0.8419],[1.0, 0.8027],[0.9423, 0.8597],[1.0, 0.9717],[1.0, 0.9439],[1.0, 0.9003],[0.8759, 0.9513],[1.0, 1.0],[1.0, 1.0],[1.0, 1.0]
[0.5585, 0.7321],[0.7129, 0.5529],[0.9173, 0.4383],[1.0, 0.3784],[1.0, 0.3377],[1.0, 0.598],[1.0, 0.7303],[1.0, 0.731],[1.0, 0.6907],[0.9961, 0.7399],[1.0, 0.8659],[1.0, 0.8452],[1.0, 0.8042],[0.9429, 0.8608],[1.0, 0.9731],[1.0, 0.9465],[1.0, 0.9011],[0.8752, 0.9524],[1.0, 1.0],[1.0, 1.0],[1.0, 1.0]
[0.5539, 0.7332],[0.7077, 0.5569],[0.916, 0.4416],[1.0, 0.3802],[1.0, 0.3381],[1.0, 0.5943],[1.0, 0.7295],[1.0, 0.7284],[1.0, 0.6878],[0.9942, 0.7381],[1.0, 0.8667],[1.0, 0.843],[1.0, 0.7994],[0.9416, 0.86],[1.0, 0.9746],[1.0, 0.9454],[1.0, 0.8974],[0.8752, 0.9517],[1.0, 1.0],[1.0, 1.0],[1.0, 1.0]
[0.5578, 0.731],[0.7155, 0.554],[0.9212, 0.4423],[1.0, 0.3847],[1.0, 0.3451],[1.0, 0.5965],[1.0, 0.7277],[1.0, 0.7273],[1.0, 0.6867],[0.9975, 0.7417],[1.0, 0.8641],[1.0, 0.8427],[1.0, 0.8002],[0.9488, 0.8637],[1.0, 0.9702],[1.0, 0.9454],[1.0, 0.8992],[0.8844, 0.9524],[1.0, 1.0],[1.0, 1.0],[1.0, 1.0]
[0.5539, 0.7332],[0.7136, 0.5558],[0.9239, 0.446],[1.0, 0.3869],[1.0, 0.3448],[1.0, 0.5928],[1.0, 0.7218],[1.0, 0.724],[1.0, 0.6837],[0.9961, 0.7395],[1.0, 0.8626],[1.0, 0.8441],[1.0, 0.8005],[0.9469, 0.863],[1.0, 0.9687],[1.0, 0.9454],[1.0, 0.8988],[0.8844, 0.9532],[1.0, 1.0],[1.0, 1.0],[1.0, 1.0]
[0.5605, 0.7299],[0.7182, 0.5532],[0.9232, 0.4409],[1.0, 0.3836],[1.0, 0.3473],[1.0, 0.5946],[1.0, 0.7325],[1.0, 0.7292],[1.0, 0.6845],[0.9981, 0.7403],[1.0, 0.8659],[1.0, 0.8408],[1.0, 0.7953],[0.9501, 0.863],[1.0, 0.9702],[1.0, 0.9417],[1.0, 0.8929],[0.8871, 0.9528],[1.0, 1.0],[1.0, 1.0],[1.0, 1.0]
[0.5585, 0.7277],[0.7175, 0.5525],[0.9206, 0.4427],[1.0, 0.3836],[1.0, 0.3455],[1.0, 0.598],[1.0, 0.7392],[1.0, 0.7351],[1.0, 0.69],[0.9994, 0.7417],[1.0, 0.8682],[1.0, 0.8441],[1.0, 0.8002],[0.9475, 0.8626],[1.0, 0.9702],[1.0, 0.9451],[1.0, 0.8996],[0.8811, 0.9517],[1.0, 1.0],[1.0, 1.0],[1.0, 1.0]
[0.5611, 0.7273],[0.7195, 0.5532],[0.9206, 0.4449],[1.0, 0.3847],[1.0, 0.3462],[1.0, 0.5976],[1.0, 0.7395],[1.0, 0.7355],[1.0, 0.6915],[1.0, 0.741],[1.0, 0.8719],[1.0, 0.8441],[1.0, 0.7994],[0.9495, 0.8619],[1.0, 0.9743],[1.0, 0.9436],[1.0, 0.8951],[0.8844, 0.9513],[1.0, 1.0],[1.0, 1.0],[1.0, 1.0]
[0.5585, 0.7314],[0.7109, 0.5554],[0.9153, 0.4457],[1.0, 0.3862],[1.0, 0.3448],[1.0, 0.6035],[1.0, 0.7429],[1.0, 0.7384],[1.0, 0.6952],[1.0, 0.7458],[1.0, 0.873],[1.0, 0.8456],[1.0, 0.8027],[0.9488, 0.8645],[1.0, 0.9739],[1.0, 0.9436],[1.0, 0.897],[0.8831, 0.9524],[1.0, 1.0],[1.0, 1.0],[1.0, 1.0]
[0.5618, 0.7299],[0.7142, 0.5543],[0.9225, 0.4427],[1.0, 0.3821],[1.0, 0.3451],[1.0, 0.5998],[1.0, 0.744],[1.0, 0.7384],[1.0, 0.6944],[0.9981, 0.7429],[1.0, 0.8748],[1.0, 0.8482],[1.0, 0.8042],[0.9462, 0.863],[1.0, 0.9754],[1.0, 0.9462],[1.0, 0.8985],[0.8831, 0.9521],[1.0, 1.0],[1.0, 1.0],[1.0, 1.0]
[0.5611, 0.7292],[0.7142, 0.5543],[0.9219, 0.4423],[1.0, 0.3806],[1.0, 0.3422],[1.0, 0.598],[1.0, 0.7399],[1.0, 0.7347],[1.0, 0.6915],[0.9988, 0.7399],[1.0, 0.8733],[1.0, 0.8471],[1.0, 0.802],[0.9482, 0.8589],[1.0, 0.9739],[1.0, 0.9443],[1.0, 0.8963],[0.8838, 0.9473],[1.0, 1.0],[1.0, 1.0],[1.0, 1.0]
[0.5637, 0.7299],[0.7169, 0.554],[0.9232, 0.442],[1.0, 0.3806],[1.0, 0.3396],[1.0, 0.5976],[1.0, 0.7421],[1.0, 0.7366],[1.0, 0.6918],[0.9981, 0.7417],[1.0, 0.8744],[1.0, 0.8456],[1.0, 0.7998],[0.9475, 0.8615],[1.0, 0.9739],[1.0, 0.9436],[1.0, 0.8948],[0.8844, 0.9495],[1.0, 1.0],[1.0, 1.0],[1.0, 1.0]
[0.5651, 0.7273],[0.7195, 0.5525],[0.9219, 0.4401],[1.0, 0.378],[1.0, 0.3399],[1.0, 0.5946],[1.0, 0.7399],[1.0, 0.7347],[1.0, 0.6889],[0.9981, 0.7377],[1.0, 0.8722],[1.0, 0.8449],[1.0, 0.7979],[0.9475, 0.8578],[1.0, 0.972],[1.0, 0.9432],[1.0, 0.8937],[0.8844, 0.9462],[1.0, 1.0],[1.0, 1.0],[1.0, 1.0]
[0.5637, 0.7255],[0.7208, 0.5514],[0.9245, 0.4364],[1.0, 0.3732],[1.0, 0.3399],[1.0, 0.5909],[1.0, 0.7344],[1.0, 0.7321],[1.0, 0.6859],[1.0, 0.7303],[1.0, 0.8659],[1.0, 0.8434],[1.0, 0.7965],[0.9508, 0.8504],[1.0, 0.9702],[1.0, 0.9443],[1.0, 0.8948],[0.8844, 0.9414],[1.0, 1.0],[1.0, 1.0],[1.0, 1.0]