[1.0, 0.3151],[1.0, 0.1942],[1.0, 0.0534],[0.9997, 0.0],[1.0, 0.0],[1.0, 0.0],[1.0, 0.0],[1.0, 0.0],[1.0, 0.0],[1.0, 0.0],[1.0, 0.0],[1.0, 0.0],[1.0, 0.0184],[1.0, 0.0149],[1.0, 0.0],[1.0, 0.0],[1.0, 0.0142],[1.0, 0.0612],[1.0, 0.0],[1.0, 0.0],[1.0, 0.0]
[1.0, 0.331],[1.0, 0.2097],[1.0, 0.064],[0.9959, 0.0],[1.0, 0.0],[1.0, 0.0],[1.0, 0.0],[1.0, 0.0],[1.0, 0.0],[1.0, 0.0],[1.0, 0.0],[1.0, 0.0],[1.0, 0.0022],[1.0, 0.0163],[1.0, 0.0],[1.0, 0.0],[1.0, 0.0075],[1.0, 0.063],[1.0, 0.0],[1.0, 0.0],[1.0, 0.0]
[1.0, 0.3349],[1.0, 0.2122],[1.0, 0.0672],[0.9941, 0.0],[1.0, 0.0],[1.0, 0.0],[1.0, 0.0],[1.0, 0.0],[1.0, 0.0],[1.0, 0.0],[1.0, 0.0],[1.0, 0.0],[1.0, 0.0039],[1.0, 0.0142],[1.0, 0.0],[1.0, 0.0],[1.0, 0.0054],[1.0, 0.0595],[1.0, 0.0],[1.0, 0.0],[1.0, 0.0]
[1.0, 0.3409],[1.0, 0.2207],[1.0, 0.0732],[0.9947, 0.0],[1.0, 0.0],[1.0, 0.0],[1.0, 0.0],[1.0, 0.0],[1.0, 0.0],[1.0, 0.0],[1.0, 0.0],[1.0, 0.0],[1.0, 0.0046],[1.0, 0.0174],[1.0, 0.0],[1.0, 0.0],[1.0, 0.0022],[1.0, 0.0623],[1.0, 0.0],[1.0, 0.0],[1.0, 0.0]
[1.0, 0.3398],[1.0, 0.2161],[1.0, 0.0686],[0.9947, 0.0],[1.0, 0.0],[1.0, 0.0],[1.0, 0.0],[1.0, 0.0],[1.0, 0.0],[1.0, 0.0],[1.0, 0.0],[1.0, 0.0],[1.0, 0.0075],[1.0, 0.0153],[1.0, 0.0],[1.0, 0.0],[1.0, 0.0057],[1.0, 0.0612],[1.0, 0.0],[1.0, 0.0],[1.0, 0.0]
[1.0, 0.3405],[1.0, 0.2115],[1.0, 0.0679],[0.9947, 0.0],[1.0, 0.0],[1.0, 0.0],[1.0, 0.0],[1.0, 0.0],[1.0, 0.0],[1.0, 0.0],[1.0, 0.0],[1.0, 0.0],[1.0, 0.0057],[1.0, 0.0248],[1.0, 0.0],[1.0, 0.0],[1.0, 0.0089],[1.0, 0.0722],[1.0, 0.0],[1.0, 0.0],[1.0, 0.0]
[1.0, 0.3596],[1.0, 0.2256],[1.0, 0.0676],[1.0, 0.0],[1.0, 0.0],[1.0, 0.0],[1.0, 0.0],[1.0, 0.0],[1.0, 0.0],[1.0, 0.0],[1.0, 0.0],[1.0, 0.0],[1.0, 0.0308],[1.0, 0.0389],[1.0, 0.0],[1.0, 0.0],[1.0, 0.0255],[1.0, 0.0959],[1.0, 0.0018],[1.0, 0.0],[1.0, 0.0]
[1.0, 0.3819],[1.0, 0.2355],[1.0, 0.064],[1.0, 0.0],[1.0, 0.0],[1.0, 0.0],[1.0, 0.0],[1.0, 0.0],[1.0, 0.0],[1.0, 0.0188],[1.0, 0.0],[1.0, 0.0],[1.0, 0.0485],[1.0, 0.0665],[1.0, 0.0],[1.0, 0.0],[1.0, 0.0464],[1.0, 0.1273],[1.0, 0.0372],[1.0, 0.0],[1.0, 0.0]
[1.0, 0.3915],[1.0, 0.2323],[0.9978, 0.0577],[1.0, 0.0],[1.0, 0.0],[1.0, 0.0],[1.0, 0.0],[1.0, 0.0],[1.0, 0.0167],[1.0, 0.0404],[1.0, 0.0],[1.0, 0.0145],[1.0, 0.0853],[1.0, 0.0952],[1.0, 0.0],[1.0, 0.0457],[1.0, 0.1086],[1.0, 0.162],[1.0, 0.0835],[1.0, 0.0343],[1.0, 0.0]
[1.0, 0.4006],[1.0, 0.2398],[0.9865, 0.0541],[0.9997, 0.0],[1.0, 0.0],[1.0, 0.0],[1.0, 0.0],[1.0, 0.0],[1.0, 0.0368],[1.0, 0.0531],[1.0, 0.0],[1.0, 0.045],[1.0, 0.1086],[1.0, 0.1213],[1.0, 0.045],[1.0, 0.0973],[1.0, 0.1454],[1.0, 0.1998],[1.0, 0.1394],[1.0, 0.104],[1.0, 0.0602]
[1.0, 0.4113],[0.9878, 0.238],[0.9589, 0.0556],[0.9664, 0.0],[0.9626, 0.0],[1.0, 0.0],[1.0, 0.0],[1.0, 0.0252],[1.0, 0.0831],[1.0, 0.0393],[1.0, 0.0506],[1.0, 0.1033],[1.0, 0.1528],[1.0, 0.1323],[1.0, 0.133],[1.0, 0.1708],[1.0, 0.2065],[1.0, 0.2362],[1.0, 0.2175],[1.0, 0.2055],[1.0, 0.1892]
[1.0, 0.453],[0.9463, 0.2723],[0.9092, 0.0853],[0.8966, 0.0],[0.8658, 0.0],[1.0, 0.0223],[1.0, 0.0471],[0.9664, 0.121],[0.9387, 0.1726],[1.0, 0.1047],[1.0, 0.1379],[1.0, 0.1839],[0.9827, 0.2256],[1.0, 0.2136],[1.0, 0.2327],[1.0, 0.2656],[1.0, 0.3009],[1.0, 0.3292],[1.0, 0.3306],[1.0, 0.3462],[1.0, 0.3681]
[1.0, 0.482],[0.8991, 0.3225],[0.8401, 0.1415],[0.7929, 0.0057],[0.7363, 0.0],[1.0, 0.0863],[0.8501, 0.1436],[0.7741, 0.2009],[0.7326, 0.2546],[1.0, 0.1807],[0.8935, 0.2475],[0.8225, 0.2928],[0.7803, 0.3395],[1.0, 0.29],[0.962, 0.3476],[0.8815, 0.3685],[0.8231, 0.3953],[1.0, 0.3996],[1.0, 0.4346],[1.0, 0.448],[1.0, 0.4675]
[0.9438, 0.5753],[0.8338, 0.3904],[0.7659, 0.2062],[0.693, 0.0729],[0.6257, 0.0],[0.9262, 0.1514],[0.7395, 0.1924],[0.6446, 0.25],[0.5893, 0.3031],[0.9739, 0.2518],[0.7426, 0.2889],[0.6471, 0.3317],[0.5987, 0.3709],[0.9941, 0.372],[0.7891, 0.3996],[0.703, 0.4212],[0.6553, 0.4473],[0.9909, 0.4954],[0.8633, 0.5166],[0.7973, 0.5322],[0.7558, 0.552]
[0.9255, 0.6124],[0.7967, 0.4275],[0.6854, 0.2412],[0.588, 0.104],[0.4981, 0.0],[0.7929, 0.2129],[0.5943, 0.249],[0.5057, 0.3126],[0.4573, 0.3685],[0.8501, 0.3264],[0.5968, 0.3854],[0.5226, 0.4388],[0.4987, 0.4788],[0.8809, 0.4526],[0.6571, 0.4834],[0.5704, 0.5103],[0.5308, 0.5371],[0.8954, 0.5757],[0.7389, 0.6025],[0.6685, 0.6269],[0.6282, 0.6552]
[0.8803, 0.6397],[0.7602, 0.4427],[0.6194, 0.2833],[0.5013, 0.2101],[0.4158, 0.185],[0.6584, 0.2475],[0.5019, 0.2228],[0.4617, 0.1874],[0.4384, 0.1344],[0.7011, 0.3572],[0.4151, 0.4282],[0.434, 0.4646],[0.4943, 0.4526],[0.7257, 0.4887],[0.4466, 0.5445],[0.4642, 0.5672],[0.517, 0.5513],[0.7495, 0.617],[0.549, 0.6733],[0.5321, 0.6973],[0.5515, 0.7022]
[0.7602, 0.6139],[0.6546, 0.4052],[0.5088, 0.2348],[0.3843, 0.1341],[0.285, 0.0655],[0.5396, 0.3105],[0.2875, 0.3808],[0.3064, 0.4236],[0.3705, 0.4335],[0.5874, 0.4364],[0.2951, 0.5336],[0.3466, 0.5378],[0.4265, 0.5145],[0.6226, 0.5668],[0.3491, 0.6372],[0.3881, 0.634],[0.4566, 0.6149],[0.6609, 0.6807],[0.451, 0.7754],[0.385, 0.815],[0.3523, 0.8465]
[0.7219, 0.6382],[0.6238, 0.4314],[0.4629, 0.2688],[0.3177, 0.1606],[0.1901, 0.1118],[0.4686, 0.3649],[0.2096, 0.424],[0.1907, 0.4569],[0.2259, 0.4763],[0.495, 0.4869],[0.2153, 0.5753],[0.2373, 0.5704],[0.3108, 0.5516],[0.5176, 0.6114],[0.2586, 0.6694],[0.2775, 0.6662],[0.3429, 0.6513],[0.5459, 0.7238],[0.3473, 0.8083],[0.2662, 0.8401],[0.2241, 0.8684]
[0.6735, 0.6432],[0.5698, 0.46],[0.4089, 0.2981],[0.258, 0.1973],[0.1229, 0.163],[0.4045, 0.4024],[0.1197, 0.4767],[0.1122, 0.512],[0.1606, 0.5191],[0.4233, 0.5332],[0.1392, 0.6036],[0.1379, 0.6124],[0.2033, 0.61],[0.4491, 0.657],[0.1838, 0.7097],[0.1794, 0.7189],[0.2347, 0.716],[0.4818, 0.7592],[0.2913, 0.8705],[0.187, 0.9303],[0.1241, 0.9791]
[0.6094, 0.6941],[0.5113, 0.4844],[0.3253, 0.3321],[0.1386, 0.2599],[0.0, 0.221],[0.2743, 0.4915],[0.038, 0.546],[0.0015, 0.575],[0.0273, 0.5955],[0.2825, 0.6347],[0.0631, 0.6948],[0.0223, 0.7008],[0.0468, 0.6998],[0.3114, 0.757],[0.1109, 0.808],[0.0682, 0.8034],[0.0814, 0.7906],[0.3561, 0.8479],[0.2033, 0.9476],[0.1128, 0.9992],[0.0575, 1.0]
[0.5195, 0.7351],[0.3969, 0.5566],[0.2039, 0.425],[0.021, 0.3511],[0.0, 0.3038],[0.1769, 0.5672],[0.0, 0.64],[0.0, 0.6266],[0.0, 0.6121],[0.1889, 0.7097],[0.0, 0.773],[0.0, 0.7415],[0.0437, 0.7118],[0.2127, 0.8278],[0.0, 0.8811],[0.0147, 0.8504],[0.0921, 0.8164],[0.2517, 0.9253],[0.1021, 1.0],[0.0041, 1.0],[0.0, 1.0]
[0.4547, 0.7613],[0.3372, 0.5933],[0.1643, 0.465],[0.0, 0.3897],[0.0, 0.3607],[0.121, 0.6139],[0.0, 0.6824],[0.0, 0.6814],[0.0, 0.6701],[0.1329, 0.7535],[0.0, 0.814],[0.0, 0.7963],[0.0, 0.7758],[0.1543, 0.8695],[0.0, 0.9307],[0.0, 0.9151],[0.038, 0.8918],[0.1876, 0.9632],[0.0455, 1.0],[0.0, 1.0],[0.0, 1.0]
[0.4145, 0.8083],[0.28, 0.6379],[0.0952, 0.5177],[0.0, 0.4424],[0.0, 0.4144],[0.0581, 0.6729],[0.0, 0.7489],[0.0, 0.7401],[0.0, 0.7203],[0.082, 0.8143],[0.0, 0.8804],[0.0, 0.8557],[0.0, 0.8299],[0.1141, 0.9268],[0.0, 0.9961],[0.0, 0.9748],[0.0, 0.9473],[0.153, 1.0],[0.0072, 1.0],[0.0, 1.0],[0.0, 1.0]
[0.3724, 0.8419],[0.2322, 0.6672],[0.0525, 0.5499],[0.0, 0.4876],[0.0, 0.4777],[0.0, 0.71],[0.0, 0.7956],[0.0, 0.7821],[0.0, 0.7606],[0.0204, 0.85],[0.0, 0.9253],[0.0, 0.8964],[0.0, 0.8691],[0.06, 0.9625],[0.0, 1.0],[0.0, 1.0],[0.0, 0.9851],[0.1065, 1.0],[0.0, 1.0],[0.0, 1.0],[0.0, 1.0]
[0.3259, 0.8635],[0.1801, 0.6984],[0.0034, 0.5884],[0.0, 0.5311],[0.0, 0.5226],[0.0, 0.7669],[0.0, 0.8387],[0.0, 0.8094],[0.0, 0.786],[0.0, 0.9045],[0.0, 0.9685],[0.0, 0.9303],[0.0, 0.9038],[0.0053, 1.0],[0.0, 1.0],[0.0, 1.0],[0.0, 1.0],[0.0606, 1.0],[0.0, 1.0],[0.0, 1.0],[0.0, 1.0]
[0.3215, 0.8925],[0.1669, 0.7224],[0.0, 0.6177],[0.0, 0.5633],[0.0, 0.5396],[0.0, 0.7949],[0.0, 0.8748],[0.0, 0.8479],[0.0, 0.82],[0.0, 0.9331],[0.0, 1.0],[0.0, 0.9664],[0.0, 0.9451],[0.0, 1.0],[0.0, 1.0],[0.0, 1.0],[0.0, 1.0],[0.043, 1.0],[0.0, 1.0],[0.0, 1.0],[0.0, 1.0]
[0.3328, 0.8985],[0.1757, 0.7341],[0.0, 0.6273],[0.0, 0.5838],[0.0, 0.5587],[0.0, 0.809],[0.0, 0.8903],[0.0, 0.8698],[0.0, 0.8412],[0.0, 0.9476],[0.0, 1.0],[0.0, 0.9823],[0.0, 0.9596],[0.0, 1.0],[0.0, 1.0],[0.0, 1.0],[0.0, 1.0],[0.0298, 1.0],[0.0, 1.0],[0.0, 1.0],[0.0, 1.0]
[0.3309, 0.914],[0.1794, 0.7429],[0.0, 0.6361],[0.0, 0.5951],[0.0, 0.5803],[0.0, 0.8267],[0.0, 0.908],[0.0, 0.8865],[0.0, 0.8592],[0.0, 0.9667],[0.0, 1.0],[0.0, 1.0],[0.0, 0.9777],[0.0, 1.0],[0.0, 1.0],[0.0, 1.0],[0.0, 1.0],[0.0267, 1.0],[0.0, 1.0],[0.0, 1.0],[0.0, 1.0]
[0.329, 0.9162],[0.1694, 0.7433],[0.0, 0.639],[0.0, 0.5962],[0.0, 0.5834],[0.0, 0.8306],[0.0, 0.9158],[0.0, 0.8857],[0.0, 0.855],[0.0, 0.9727],[0.0, 1.0],[0.0, 1.0],[0.0, 0.9784],[0.0, 1.0],[0.0, 1.0],[0.0, 1.0],[0.0, 1.0],[0.0342, 1.0],[0.0, 1.0],[0.0, 1.0],[0.0, 1.0]
[0.329, 0.9154],[0.1675, 0.7436],[0.0, 0.6425],[0.0, 0.5979],[0.0, 0.5806],[0.0, 0.8327],[0.0, 0.9204],[0.0, 0.89],[0.0, 0.8585],[0.0, 0.9748],[0.0, 1.0],[0.0, 1.0],[0.0, 0.9826],[0.0, 1.0],[0.0, 1.0],[0.0, 1.0],[0.0, 1.0],[0.0336, 1.0],[0.0, 1.0],[0.0, 1.0],[0.0, 1.0]
[0.3246, 0.9176],[0.1643, 0.745],[0.0, 0.6414],[0.0, 0.5965],[0.0, 0.5778],[0.0, 0.832],[0.0, 0.9243],[0.0, 0.8935],[0.0, 0.8613],[0.0, 0.9731],[0.0, 1.0],[0.0, 1.0],[0.0, 0.9844],[0.0, 1.0],[0.0, 1.0],[0.0, 1.0],[0.0, 1.0],[0.0349, 1.0],[0.0, 1.0],[0.0, 1.0],[0.0, 1.0]
[0.3177, 0.9119],[0.153, 0.7411],[0.0, 0.64],[0.0, 0.5979],[0.0, 0.5817],[0.0, 0.8327],[0.0, 0.9307],[0.0, 0.9027],[0.0, 0.8684],[0.0, 0.9695],[0.0, 1.0],[0.0, 1.0],[0.0, 0.9886],[0.0, 1.0],[0.0, 1.0],[0.0, 1.0],[0.0, 1.0],[0.0367, 1.0],[0.0, 1.0],[0.0, 1.0],[0.0, 1.0]
[0.3265, 0.913],[0.1631, 0.7411],[0.0, 0.64],[0.0, 0.5983],[0.0, 0.5824],[0.0, 0.8288],[0.0, 0.931],[0.0, 0.9052],[0.0, 0.8723],[0.0, 0.9678],[0.0, 1.0],[0.0, 1.0],[0.0, 0.9904],[0.0, 1.0],[0.0, 1.0],[0.0, 1.0],[0.0, 1.0],[0.0367, 1.0],[0.0, 1.0],[0.0, 1.0],[0.0, 1.0]
[0.324, 0.9084],[0.1612, 0.7376],[0.0, 0.6368],[0.0, 0.5937],[0.0, 0.5813],[0.0, 0.8271],[0.0, 0.9236],[0.0, 0.8953],[0.0, 0.8631],[0.0, 0.966],[0.0, 1.0],[0.0, 1.0],[0.0, 0.9809],[0.0, 1.0],[0.0, 1.0],[0.0, 1.0],[0.0, 1.0],[0.0342, 1.0],[0.0, 1.0],[0.0, 1.0],[0.0, 1.0]
[0.324, 0.9052],[0.1612, 0.7372],[0.0, 0.6351],[0.0, 0.5948],[0.0, 0.5778],[0.0, 0.8207],[0.0, 0.9208],[0.0, 0.8956],[0.0, 0.8628],[0.0, 0.96],[0.0, 1.0],[0.0, 1.0],[0.0, 0.9798],[0.0, 1.0],[0.0, 1.0],[0.0, 1.0],[0.0, 1.0],[0.0411, 1.0],[0.0, 1.0],[0.0, 1.0],[0.0, 1.0]
[0.3259, 0.9045],[0.1643, 0.7365],[0.0, 0.6329],[0.0, 0.5933],[0.0, 0.5785],[0.0, 0.8196],[0.0, 0.9165],[0.0, 0.8914],[0.0, 0.8589],[0.0, 0.9593],[0.0, 1.0],[0.0, 1.0],[0.0, 0.9773],[0.0, 1.0],[0.0, 1.0],[0.0, 1.0],[0.0, 1.0],[0.0424, 1.0],[0.0, 1.0],[0.0, 1.0],[0.0, 1.0]
[0.3246, 0.9006],[0.1574, 0.7348],[0.0, 0.6315],[0.0, 0.5923],[0.0, 0.5785],[0.0, 0.82],[0.0, 0.9172],[0.0, 0.8942],[0.0, 0.8617],[0.0, 0.9596],[0.0, 1.0],[0.0, 1.0],[0.0, 0.9809],[0.0, 1.0],[0.0, 1.0],[0.0, 1.0],[0.0, 1.0],[0.0418, 1.0],[0.0, 1.0],[0.0, 1.0],[0.0, 1.0]
[0.3297, 0.9006],[0.1599, 0.7358],[0.0, 0.6326],[0.0, 0.5944],[0.0, 0.5781],[0.0, 0.8225],[0.0, 0.9172],[0.0, 0.8956],[0.0, 0.8638],[0.0, 0.9607],[0.0, 1.0],[0.0, 1.0],[0.0, 0.9847],[0.0, 1.0],[0.0, 1.0],[0.0, 1.0],[0.0, 1.0],[0.0424, 1.0],[0.0, 1.0],[0.0, 1.0],[0.0, 1.0]
[0.3347, 0.9017],[0.165, 0.7372],[0.0, 0.6351],[0.0, 0.5944],[0.0, 0.5792],[0.0, 0.8182],[0.0, 0.9169],[0.0, 0.8942],[0.0, 0.8606],[0.0, 0.9575],[0.0, 1.0],[0.0, 1.0],[0.0, 0.9805],[0.0, 1.0],[0.0, 1.0],[0.0, 1.0],[0.0, 1.0],[0.0499, 1.0],[0.0, 1.0],[0.0, 1.0],[0.0, 1.0]
[0.3378, 0.8995],[0.1706, 0.7334],[0.0, 0.6315],[0.0, 0.5905],[0.0, 0.5739],[0.0, 0.8182],[0.0, 0.9123],[0.0, 0.885],[0.0, 0.8522],[0.0, 0.9572],[0.0, 1.0],[0.0, 1.0],[0.0, 0.9724],[0.0, 1.0],[0.0, 1.0],[0.0, 1.0],[0.0, 1.0],[0.0493, 1.0],[0.0, 1.0],[0.0, 1.0],[0.0, 1.0]
[0.3322, 0.8978],[0.165, 0.7298],[0.0, 0.6273],[0.0, 0.5884],[0.0, 0.5774],[0.0, 0.8133],[0.0, 0.9123],[0.0, 0.884],[0.0, 0.8511],[0.0, 0.9533],[0.0, 1.0],[0.0, 1.0],[0.0, 0.9702],[0.0, 1.0],[0.0, 1.0],[0.0, 1.0],[0.0, 1.0],[0.0487, 1.0],[0.0, 1.0],[0.0, 1.0],[0.0, 1.0]
[0.3422, 0.8988],[0.1706, 0.7298],[0.0, 0.6269],[0.0, 0.588],[0.0, 0.5739],[0.0, 0.8111],[0.0, 0.9108],[0.0, 0.884],[0.0, 0.8522],[0.0, 0.954],[0.0, 1.0],[0.0, 1.0],[0.0, 0.9717],[0.0, 1.0],[0.0, 1.0],[0.0, 1.0],[0.0, 1.0],[0.0531, 1.0],[0.0, 1.0],[0.0, 1.0],[0.0, 1.0]
[0.3334, 0.8946],[0.1643, 0.7284],[0.0, 0.6283],[0.0, 0.587],[0.0, 0.5739],[0.0, 0.8118],[0.0, 0.9133],[0.0, 0.89],[0.0, 0.8571],[0.0, 0.9526],[0.0, 1.0],[0.0, 1.0],[0.0, 0.9784],[0.0, 1.0],[0.0, 1.0],[0.0, 1.0],[0.0, 1.0],[0.0462, 1.0],[0.0, 1.0],[0.0, 1.0],[0.0, 1.0]
[0.3297, 0.8946],[0.1612, 0.7288],[0.0, 0.6273],[0.0, 0.5877],[0.0, 0.576],[0.0, 0.8133],[0.0, 0.9133],[0.0, 0.89],[0.0, 0.8571],[0.0, 0.9526],[0.0, 1.0],[0.0, 1.0],[0.0, 0.9756],[0.0, 1.0],[0.0, 1.0],[0.0, 1.0],[0.0, 1.0],[0.0481, 1.0],[0.0, 1.0],[0.0, 1.0],[0.0, 1.0]
[0.3334, 0.8935],[0.165, 0.7291],[0.0, 0.6259],[0.0, 0.587],[0.0, 0.5735],[0.0, 0.8087],[0.0, 0.9133],[0.0, 0.8921],[0.0, 0.8589],[0.0, 0.949],[0.0, 1.0],[0.0, 1.0],[0.0, 0.9777],[0.0, 1.0],[0.0, 1.0],[0.0, 1.0],[0.0, 1.0],[0.0531, 1.0],[0.0, 1.0],[0.0, 1.0],[0.0, 1.0]
[0.3347, 0.8939],[0.165, 0.7259],[0.0, 0.6238],[0.0, 0.587],[0.0, 0.5753],[0.0, 0.8136],[0.0, 0.9123],[0.0, 0.8879],[0.0, 0.8553],[0.0, 0.9536],[0.0, 1.0],[0.0, 1.0],[0.0, 0.9763],[0.0, 1.0],[0.0, 1.0],[0.0, 1.0],[0.0, 1.0],[0.055, 1.0],[0.0, 1.0],[0.0, 1.0],[0.0, 1.0]
[0.3353, 0.8925],[0.1669, 0.7245],[0.0, 0.6238],[0.0, 0.587],[0.0, 0.5718],[0.0, 0.8094],[0.0, 0.913],[0.0, 0.8879],[0.0, 0.8546],[0.0, 0.9504],[0.0, 1.0],[0.0, 1.0],[0.0, 0.9777],[0.0, 1.0],[0.0, 1.0],[0.0, 1.0],[0.0, 1.0],[0.0537, 1.0],[0.0, 1.0],[0.0, 1.0],[0.0, 1.0]
[0.3429, 0.8879],[0.1719, 0.7171],[0.0, 0.6181],[0.0, 0.5781],[0.0, 0.5658],[0.0, 0.8037],[0.0, 0.9055],[0.0, 0.8741],[0.0, 0.8391],[0.0, 0.9455],[0.0, 1.0],[0.0, 0.9932],[0.0, 0.9632],[0.0041, 1.0],[0.0, 1.0],[0.0, 1.0],[0.0, 1.0],[0.06, 1.0],[0.0, 1.0],[0.0, 1.0],[0.0, 1.0]
[0.3429, 0.8854],[0.1725, 0.7164],[0.0, 0.6167],[0.0, 0.5788],[0.0, 0.564],[0.0, 0.8002],[0.0, 0.9006],[0.0, 0.872],[0.0, 0.8391],[0.0, 0.9409],[0.0, 1.0],[0.0, 0.99],[0.0, 0.9621],[0.0003, 1.0],[0.0, 1.0],[0.0, 1.0],[0.0, 1.0],[0.0518, 1.0],[0.0, 1.0],[0.0, 1.0],[0.0, 1.0]
[0.3429, 0.885],[0.175, 0.7146],[0.0, 0.617],[0.0, 0.5778],[0.0, 0.5658],[0.0, 0.7995],[0.0, 0.8985],[0.0, 0.8684],[0.0, 0.8348],[0.0, 0.9413],[0.0, 1.0],[0.0, 0.9862],[0.0, 0.9568],[0.0059, 1.0],[0.0, 1.0],[0.0, 1.0],[0.0, 1.0],[0.0556, 1.0],[0.0, 1.0],[0.0, 1.0],[0.0, 1.0]
[0.3359, 0.8829],[0.17, 0.7146],[0.0, 0.6181],[0.0, 0.5796],[0.0, 0.5682],[0.0, 0.7995],[0.0, 0.8999],[0.0, 0.872],[0.0, 0.8384],[0.0, 0.9406],[0.0, 1.0],[0.0, 0.9908],[0.0, 0.9607],[0.0022, 1.0],[0.0, 1.0],[0.0, 1.0],[0.0, 1.0],[0.0543, 1.0],[0.0, 1.0],[0.0, 1.0],[0.0, 1.0]
[0.3334, 0.8797],[0.1669, 0.7121],[0.0, 0.6149],[0.0, 0.5771],[0.0, 0.5672],[0.0, 0.8005],[0.0, 0.9009],[0.0, 0.8734],[0.0, 0.8416],[0.0, 0.9416],[0.0, 1.0],[0.0, 0.9922],[0.0, 0.9635],[0.0041, 1.0],[0.0, 1.0],[0.0, 1.0],[0.0, 1.0],[0.0562, 1.0],[0.0, 1.0],[0.0, 1.0],[0.0, 1.0]
[0.3385, 0.8773],[0.1713, 0.71],[0.0, 0.6142],[0.0, 0.5753],[0.0, 0.5654],[0.0, 0.7966],[0.0, 0.8988],[0.0, 0.8751],[0.0, 0.8419],[0.0, 0.9367],[0.0, 1.0],[0.0, 0.9925],[0.0, 0.9625],[0.0034, 1.0],[0.0, 1.0],[0.0, 1.0],[0.0, 1.0],[0.0581, 1.0],[0.0, 1.0],[0.0, 1.0],[0.0, 1.0]
[0.3435, 0.878],[0.1738, 0.7129],[0.0, 0.6139],[0.0, 0.5728],[0.0, 0.5629],[0.0, 0.7924],[0.0, 0.9013],[0.0, 0.8783],[0.0, 0.8426],[0.0, 0.9331],[0.0, 1.0],[0.0, 0.9946],[0.0, 0.9611],[0.0072, 1.0],[0.0, 1.0],[0.0, 1.0],[0.0, 1.0],[0.0613, 1.0],[0.0, 1.0],[0.0, 1.0],[0.0, 1.0]
[0.3447, 0.8744],[0.1738, 0.7107],[0.0, 0.6139],[0.0, 0.5714],[0.0, 0.559],[0.0, 0.7892],[0.0, 0.8974],[0.0, 0.8716],[0.0, 0.8352],[0.0, 0.9317],[0.0, 1.0],[0.0, 0.9879],[0.0, 0.9554],[0.0034, 1.0],[0.0, 1.0],[0.0, 1.0],[0.0, 1.0],[0.0569, 1.0],[0.0, 1.0],[0.0, 1.0],[0.0, 1.0]
[0.3429, 0.8681],[0.1757, 0.7065],[0.0, 0.6054],[0.0, 0.5643],[0.0, 0.5537],[0.0, 0.7857],[0.0, 0.8886],[0.0, 0.8603],[0.0, 0.8256],[0.0, 0.9253],[0.0, 1.0],[0.0, 0.9759],[0.0, 0.943],[0.0066, 1.0],[0.0, 1.0],[0.0, 1.0],[0.0, 1.0],[0.06, 1.0],[0.0, 1.0],[0.0, 1.0],[0.0, 1.0]
[0.3485, 0.8628],[0.1819, 0.6987],[0.0, 0.6004],[0.0, 0.5612],[0.0, 0.552],[0.0, 0.7793],[0.0, 0.8857],[0.0, 0.8578],[0.0, 0.8225],[0.0, 0.9204],[0.0, 1.0],[0.0, 0.9727],[0.0, 0.9416],[0.0009, 1.0],[0.0, 1.0],[0.0, 1.0],[0.0, 1.0],[0.0556, 1.0],[0.0, 1.0],[0.0, 1.0],[0.0, 1.0]
[0.3504, 0.8642],[0.1826, 0.6994],[0.0, 0.6001],[0.0, 0.5598],[0.0, 0.5509],[0.0, 0.7786],[0.0, 0.885],[0.0, 0.8578],[0.0, 0.8232],[0.0, 0.9179],[0.0, 1.0],[0.0, 0.9727],[0.0, 0.9398],[0.0085, 1.0],[0.0, 1.0],[0.0, 1.0],[0.0, 1.0],[0.0631, 1.0],[0.0, 1.0],[0.0, 1.0],[0.0, 1.0]
[0.3517, 0.8613],[0.1863, 0.6969],[0.0, 0.5994],[0.0, 0.5583],[0.0, 0.553],[0.0, 0.7758],[0.0, 0.884],[0.0, 0.8589],[0.0, 0.8228],[0.0, 0.9154],[0.0, 1.0],[0.0, 0.9699],[0.0, 0.937],[0.0097, 1.0],[0.0, 1.0],[0.0, 1.0],[0.0, 1.0],[0.0631, 1.0],[0.0, 1.0],[0.0, 1.0],[0.0, 1.0]
[0.3504, 0.8596],[0.1838, 0.6962],[0.0, 0.5962],[0.0, 0.5548],[0.0, 0.5474],[0.0, 0.7744],[0.0, 0.8815],[0.0, 0.8564],[0.0, 0.8193],[0.0, 0.9126],[0.0, 1.0],[0.0, 0.9699],[0.0, 0.9367],[0.0072, 1.0],[0.0, 1.0],[0.0, 1.0],[0.0, 1.0],[0.0606, 1.0],[0.0, 1.0],[0.0, 1.0],[0.0, 1.0]
[0.3479, 0.8522],[0.1757, 0.6909],[0.0, 0.5909],[0.0, 0.553],[0.0, 0.5516],[0.0, 0.7807],[0.0, 0.8826],[0.0, 0.8539],[0.0, 0.8168],[0.0, 0.9162],[0.0, 1.0],[0.0, 0.9674],[0.0, 0.936],[0.0103, 1.0],[0.0, 1.0],[0.0, 1.0],[0.0, 1.0],[0.0707, 1.0],[0.0, 1.0],[0.0, 1.0],[0.0, 1.0]
[0.3504, 0.8536],[0.1801, 0.6895],[0.0, 0.5919],[0.0, 0.5537],[0.0, 0.5477],[0.0, 0.7779],[0.0, 0.8804],[0.0, 0.8582],[0.0, 0.8221],[0.0, 0.9144],[0.0, 1.0],[0.0, 0.972],[0.0, 0.9402],[0.0059, 1.0],[0.0, 1.0],[0.0, 1.0],[0.0, 1.0],[0.0638, 1.0],[0.0, 1.0],[0.0, 1.0],[0.0, 1.0]
[0.3523, 0.8507],[0.1851, 0.6853],[0.0, 0.5916],[0.0, 0.5509],[0.0, 0.5449],[0.0, 0.7726],[0.0, 0.8762],[0.0, 0.8515],[0.0, 0.8154],[0.0, 0.9105],[0.0, 1.0],[0.0, 0.9667],[0.0, 0.9335],[0.0072, 1.0],[0.0, 1.0],[0.0, 1.0],[0.0, 1.0],[0.065, 1.0],[0.0, 1.0],[0.0, 1.0],[0.0, 1.0]
[0.3523, 0.8461],[0.1863, 0.6828],[0.0, 0.5873],[0.0, 0.5467],[0.0, 0.5428],[0.0, 0.7662],[0.0, 0.8695],[0.0, 0.8458],[0.0, 0.8108],[0.0, 0.9027],[0.0, 0.9932],[0.0, 0.9618],[0.0, 0.9303],[0.0072, 1.0],[0.0, 1.0],[0.0, 1.0],[0.0, 1.0],[0.0631, 1.0],[0.0, 1.0],[0.0, 1.0],[0.0, 1.0]
[0.3529, 0.844],[0.1933, 0.6786],[0.0, 0.5781],[0.0, 0.5297],[0.0, 0.5283],[0.0, 0.7581],[0.0, 0.8568],[0.0, 0.8341],[0.0, 0.8016],[0.0, 0.8946],[0.0, 0.9805],[0.0, 0.9494],[0.0, 0.9193],[0.0129, 1.0],[0.0, 1.0],[0.0, 1.0],[0.0, 1.0],[0.0688, 1.0],[0.0, 1.0],[0.0, 1.0],[0.0, 1.0]
[0.363, 0.8366],[0.2002, 0.674],[0.0, 0.5721],[0.0, 0.5293],[0.0, 0.5202],[0.0, 0.7486],[0.0, 0.8504],[0.0, 0.8214],[0.0, 0.7878],[0.0, 0.8857],[0.0, 0.971],[0.0, 0.9335],[0.0, 0.9038],[0.0154, 0.9971],[0.0, 1.0],[0.0, 1.0],[0.0, 1.0],[0.0682, 1.0],[0.0, 1.0],[0.0, 1.0],[0.0, 1.0]
[0.3561, 0.821],[0.1939, 0.6605],[0.0, 0.5573],[0.0, 0.5117],[0.0, 0.5064],[0.0, 0.7192],[0.0, 0.8355],[0.0, 0.815],[0.0, 0.779],[0.0, 0.8568],[0.0, 0.9596],[0.0, 0.9292],[0.0, 0.8956],[0.0204, 0.9731],[0.0, 1.0],[0.0, 1.0],[0.0, 1.0],[0.0738, 1.0],[0.0, 1.0],[0.0, 1.0],[0.0, 1.0]
[0.3542, 0.8249],[0.192, 0.6619],[0.0, 0.5566],[0.0, 0.5106],[0.0, 0.5025],[0.0, 0.7192],[0.0, 0.8373],[0.0, 0.8094],[0.0, 0.7698],[0.0, 0.855],[0.0, 0.9543],[0.0, 0.9183],[0.0, 0.8843],[0.0179, 0.9688],[0.0, 1.0],[0.0, 1.0],[0.0, 0.99],[0.0738, 1.0],[0.0, 1.0],[0.0, 1.0],[0.0, 1.0]
[0.3554, 0.82],[0.1945, 0.6577],[0.0, 0.5516],[0.0, 0.5046],[0.0, 0.4989],[0.0, 0.7164],[0.0, 0.8317],[0.0, 0.8055],[0.0, 0.7677],[0.0, 0.8543],[0.0, 0.9483],[0.0, 0.9137],[0.0, 0.884],[0.0235, 0.9671],[0.0, 1.0],[0.0, 1.0],[0.0, 0.9908],[0.077, 1.0],[0.0, 1.0],[0.0, 1.0],[0.0, 1.0]
[0.3554, 0.8143],[0.1907, 0.6566],[0.0, 0.552],[0.0, 0.5039],[0.0, 0.4982],[0.0, 0.7136],[0.0, 0.832],[0.0, 0.8094],[0.0, 0.7698],[0.0, 0.8486],[0.0, 0.9497],[0.0, 0.9176],[0.0, 0.8847],[0.0217, 0.9596],[0.0, 1.0],[0.0, 1.0],[0.0, 0.9862],[0.0789, 1.0],[0.0, 1.0],[0.0, 1.0],[0.0, 1.0]
[0.3617, 0.8168],[0.1964, 0.6566],[0.0, 0.5499],[0.0, 0.5025],[0.0, 0.4975],[0.0, 0.7093],[0.0, 0.8292],[0.0, 0.8087],[0.0, 0.7719],[0.0, 0.8447],[0.0, 0.9476],[0.0, 0.9165],[0.0, 0.8861],[0.0217, 0.9568],[0.0, 1.0],[0.0, 1.0],[0.0, 0.9855],[0.077, 1.0],[0.0, 1.0],[0.0, 1.0],[0.0, 1.0]
[0.3592, 0.8118],[0.1907, 0.6506],[0.0, 0.547],[0.0, 0.4993],[0.0, 0.4965],[0.0, 0.71],[0.0, 0.8281],[0.0, 0.8027],[0.0, 0.7666],[0.0, 0.8497],[0.0, 0.9466],[0.0, 0.9116],[0.0, 0.8815],[0.0141, 0.9642],[0.0, 1.0],[0.0, 1.0],[0.0, 0.9777],[0.0694, 1.0],[0.0, 1.0],[0.0, 1.0],[0.0, 1.0]
[0.3598, 0.8108],[0.1945, 0.6471],[0.0, 0.5442],[0.0, 0.4975],[0.0, 0.494],[0.0, 0.7143],[0.0, 0.8278],[0.0, 0.8005],[0.0, 0.7624],[0.0, 0.8493],[0.0, 0.9469],[0.0, 0.9101],[0.0, 0.8766],[0.0179, 0.9596],[0.0, 1.0],[0.0, 1.0],[0.0, 0.9784],[0.077, 1.0],[0.0, 1.0],[0.0, 1.0],[0.0, 1.0]
[0.363, 0.8094],[0.1958, 0.6446],[0.0, 0.5424],[0.0, 0.4986],[0.0, 0.4943],[0.0, 0.7125],[0.0, 0.8256],[0.0, 0.7988],[0.0, 0.7613],[0.0, 0.8497],[0.0, 0.9462],[0.0, 0.9108],[0.0, 0.8794],[0.0154, 0.9611],[0.0, 1.0],[0.0, 1.0],[0.0, 0.9798],[0.0732, 1.0],[0.0, 1.0],[0.0, 1.0],[0.0, 1.0]
[0.3535, 0.8051],[0.1901, 0.6432],[0.0, 0.5428],[0.0, 0.5011],[0.0, 0.4954],[0.0, 0.7132],[0.0, 0.8306],[0.0, 0.8055],[0.0, 0.7652],[0.0, 0.8476],[0.0, 0.9476],[0.0, 0.9137],[0.0, 0.8787],[0.0122, 0.9582],[0.0, 1.0],[0.0, 1.0],[0.0, 0.9794],[0.0707, 1.0],[0.0, 1.0],[0.0, 1.0],[0.0, 1.0]
[0.3617, 0.8048],[0.1933, 0.6428],[0.0, 0.5453],[0.0, 0.5004],[0.0, 0.4961],[0.0, 0.7157],[0.0, 0.8278],[0.0, 0.8016],[0.0, 0.7631],[0.0, 0.8504],[0.0, 0.9487],[0.0, 0.9137],[0.0, 0.8804],[0.0141, 0.9603],[0.0, 1.0],[0.0, 1.0],[0.0, 0.9766],[0.0732, 1.0],[0.0, 1.0],[0.0, 1.0],[0.0, 1.0]
[0.3554, 0.8065],[0.192, 0.6464],[0.0, 0.5438],[0.0, 0.5004],[0.0, 0.4993],[0.0, 0.715],[0.0, 0.8309],[0.0, 0.8069],[0.0, 0.7684],[0.0, 0.8479],[0.0, 0.9487],[0.0, 0.9162],[0.0, 0.8819],[0.0198, 0.9586],[0.0, 1.0],[0.0, 1.0],[0.0, 0.9787],[0.077, 1.0],[0.0, 1.0],[0.0, 1.0],[0.0, 1.0]
[0.3535, 0.8115],[0.1882, 0.6499],[0.0, 0.5463],[0.0, 0.5042],[0.0, 0.4996],[0.0, 0.7153],[0.0, 0.8324],[0.0, 0.8069],[0.0, 0.7684],[0.0, 0.8497],[0.0, 0.9487],[0.0, 0.9154],[0.0, 0.8829],[0.0166, 0.9603],[0.0, 1.0],[0.0, 1.0],[0.0, 0.9787],[0.0732, 1.0],[0.0, 1.0],[0.0, 1.0],[0.0, 1.0]
[0.3454, 0.8101],[0.1788, 0.6517],[0.0, 0.5495],[0.0, 0.5057],[0.0, 0.4989],[0.0, 0.7171],[0.0, 0.8313],[0.0, 0.8058],[0.0, 0.7677],[0.0, 0.8497],[0.0, 0.9476],[0.0, 0.9154],[0.0, 0.884],[0.0129, 0.9586],[0.0, 1.0],[0.0, 1.0],[0.0, 0.9812],[0.0701, 1.0],[0.0, 1.0],[0.0, 1.0],[0.0, 1.0]
[0.351, 0.814],[0.1845, 0.6542],[0.0, 0.5516],[0.0, 0.5071],[0.0, 0.5025],[0.0, 0.7206],[0.0, 0.8302],[0.0, 0.8094],[0.0, 0.7719],[0.0, 0.8536],[0.0, 0.949],[0.0, 0.9193],[0.0, 0.8868],[0.0122, 0.9635],[0.0, 1.0],[0.0, 1.0],[0.0, 0.9844],[0.0694, 1.0],[0.0, 1.0],[0.0, 1.0],[0.0, 1.0]
[0.3529, 0.8154],[0.1857, 0.6527],[0.0, 0.5527],[0.0, 0.5074],[0.0, 0.5046],[0.0, 0.7224],[0.0, 0.8345],[0.0, 0.8097],[0.0, 0.7712],[0.0, 0.856],[0.0, 0.9512],[0.0, 0.919],[0.0, 0.8861],[0.0066, 0.9674],[0.0, 1.0],[0.0, 1.0],[0.0, 0.9819],[0.0644, 1.0],[0.0, 1.0],[0.0, 1.0],[0.0, 1.0]
[0.3498, 0.8129],[0.1838, 0.6542],[0.0, 0.553],[0.0, 0.5074],[0.0, 0.5032],[0.0, 0.721],[0.0, 0.8327],[0.0, 0.8118],[0.0, 0.7747],[0.0, 0.8532],[0.0, 0.9508],[0.0, 0.9204],[0.0, 0.8875],[0.0147, 0.9635],[0.0, 1.0],[0.0, 1.0],[0.0, 0.984],[0.0713, 1.0],[0.0, 1.0],[0.0, 1.0],[0.0, 1.0]
[0.3529, 0.8126],[0.1851, 0.652],[0.0, 0.552],[0.0, 0.5085],[0.0, 0.5025],[0.0, 0.7192],[0.0, 0.8331],[0.0, 0.8115],[0.0, 0.774],[0.0, 0.8522],[0.0, 0.9522],[0.0, 0.9208],[0.0, 0.8872],[0.0147, 0.9632],[0.0, 1.0],[0.0, 1.0],[0.0, 0.9837],[0.0732, 1.0],[0.0, 1.0],[0.0, 1.0],[0.0, 1.0]
[0.3561, 0.8164],[0.187, 0.6556],[0.0, 0.5552],[0.0, 0.5117],[0.0, 0.5042],[0.0, 0.7189],[0.0, 0.8345],[0.0, 0.8133],[0.0, 0.7758],[0.0, 0.8518],[0.0, 0.9522],[0.0, 0.9222],[0.0, 0.8889],[0.0147, 0.9628],[0.0, 1.0],[0.0, 1.0],[0.0, 0.9851],[0.0726, 1.0],[0.0, 1.0],[0.0, 1.0],[0.0, 1.0]
[0.3542, 0.8214],[0.1876, 0.6559],[0.0, 0.553],[0.0, 0.5124],[0.0, 0.5067],[0.0, 0.7189],[0.0, 0.8391],[0.0, 0.8076],[0.0, 0.7677],[0.0, 0.8557],[0.0, 0.9536],[0.0, 0.9154],[0.0, 0.8843],[0.0078, 0.9685],[0.0, 1.0],[0.0, 1.0],[0.0, 0.984],[0.0644, 1.0],[0.0, 1.0],[0.0, 1.0],[0.0, 1.0]
[0.3561, 0.8232],[0.1907, 0.6584],[0.0, 0.5562],[0.0, 0.5131],[0.0, 0.5088],[0.0, 0.7174],[0.0, 0.8405],[0.0, 0.8087],[0.0, 0.7673],[0.0, 0.8536],[0.0, 0.9536],[0.0, 0.9158],[0.0, 0.8833],[0.0129, 0.9667],[0.0, 1.0],[0.0, 1.0],[0.0, 0.9858],[0.0688, 1.0],[0.0, 1.0],[0.0, 1.0],[0.0, 1.0]
[0.3517, 0.8232],[0.1863, 0.6595],[0.0, 0.558],[0.0, 0.5149],[0.0, 0.5113],[0.0, 0.7199],[0.0, 0.8419],[0.0, 0.8094],[0.0, 0.7694],[0.0, 0.8568],[0.0, 0.9533],[0.0, 0.9158],[0.0, 0.8854],[0.0097, 0.9702],[0.0, 1.0],[0.0, 1.0],[0.0, 0.9847],[0.0644, 1.0],[0.0, 1.0],[0.0, 1.0],[0.0, 1.0]
[0.3466, 0.8225],[0.1838, 0.6595],[0.0, 0.5605],[0.0, 0.5156],[0.0, 0.5117],[0.0, 0.7245],[0.0, 0.8412],[0.0, 0.8115],[0.0, 0.7712],[0.0, 0.8596],[0.0, 0.954],[0.0, 0.9176],[0.0, 0.885],[0.0103, 0.9713],[0.0, 1.0],[0.0, 1.0],[0.0, 0.9819],[0.0669, 1.0],[0.0, 1.0],[0.0, 1.0],[0.0, 1.0]
[0.3491, 0.8154],[0.1845, 0.6556],[0.0, 0.5608],[0.0, 0.5163],[0.0, 0.511],[0.0, 0.7295],[0.0, 0.8419],[0.0, 0.8126],[0.0, 0.7722],[0.0, 0.8642],[0.0, 0.9572],[0.0, 0.9211],[0.0, 0.8889],[0.0009, 0.9759],[0.0, 1.0],[0.0, 1.0],[0.0, 0.9872],[0.06, 1.0],[0.0, 1.0],[0.0, 1.0],[0.0, 1.0]
[0.3523, 0.8154],[0.1851, 0.6534],[0.0, 0.5566],[0.0, 0.5131],[0.0, 0.5124],[0.0, 0.7295],[0.0, 0.8398],[0.0, 0.8044],[0.0, 0.7673],[0.0, 0.8656],[0.0, 0.9558],[0.0, 0.9154],[0.0, 0.8847],[0.0078, 0.977],[0.0, 1.0],[0.0, 1.0],[0.0, 0.9858],[0.065, 1.0],[0.0, 1.0],[0.0, 1.0],[0.0, 1.0]
[0.3548, 0.8129],[0.187, 0.6517],[0.0, 0.559],[0.0, 0.5156],[0.0, 0.5134],[0.0, 0.7224],[0.0, 0.8359],[0.0, 0.8023],[0.0, 0.7645],[0.0, 0.8596],[0.0, 0.9536],[0.0, 0.9144],[0.0, 0.8822],[0.0028, 0.9727],[0.0, 1.0],[0.0, 1.0],[0.0, 0.9847],[0.06, 1.0],[0.0, 1.0],[0.0, 1.0],[0.0, 1.0]
[0.3441, 0.8133],[0.1807, 0.651],[0.0, 0.5562],[0.0, 0.5113],[0.0, 0.5067],[0.0, 0.7199],[0.0, 0.8366],[0.0, 0.8065],[0.0, 0.7669],[0.0, 0.855],[0.0, 0.954],[0.0, 0.9179],[0.0, 0.884],[0.0, 0.9681],[0.0, 1.0],[0.0, 1.0],[0.0, 0.9872],[0.0543, 1.0],[0.0, 1.0],[0.0, 1.0],[0.0, 1.0]
[0.3403, 0.8108],[0.175, 0.6485],[0.0, 0.5537],[0.0, 0.5099],[0.0, 0.5095],[0.0, 0.7266],[0.0, 0.8359],[0.0, 0.809],[0.0, 0.7722],[0.0, 0.8592],[0.0, 0.9526],[0.0, 0.9169],[0.0, 0.8836],[0.0, 0.9692],[0.0, 1.0],[0.0, 1.0],[0.0, 0.9816],[0.0499, 1.0],[0.0, 1.0],[0.0, 1.0],[0.0, 1.0]
[0.341, 0.8097],[0.1763, 0.6485],[0.0, 0.5537],[0.0, 0.5092],[0.0, 0.5095],[0.0, 0.7196],[0.0, 0.8334],[0.0, 0.809],[0.0, 0.7708],[0.0, 0.8532],[0.0, 0.9512],[0.0, 0.919],[0.0, 0.8843],[0.0, 0.9646],[0.0, 1.0],[0.0, 1.0],[0.0, 0.9805],[0.0487, 1.0],[0.0, 1.0],[0.0, 1.0],[0.0, 1.0]
[0.3397, 0.808],[0.1744, 0.646],[0.0, 0.5523],[0.0, 0.5085],[0.0, 0.5046],[0.0, 0.7245],[0.0, 0.8331],[0.0, 0.8094],[0.0, 0.7715],[0.0, 0.8557],[0.0, 0.9508],[0.0, 0.9179],[0.0, 0.8833],[0.0, 0.9642],[0.0, 1.0],[0.0, 1.0],[0.0, 0.9819],[0.0487, 1.0],[0.0, 1.0],[0.0, 1.0],[0.0, 1.0]
[0.3422, 0.8062],[0.1757, 0.646],[0.0, 0.5495],[0.0, 0.506],[0.0, 0.5025],[0.0, 0.7174],[0.0, 0.8324],[0.0, 0.8129],[0.0, 0.7761],[0.0, 0.8472],[0.0, 0.9508],[0.0, 0.9211],[0.0, 0.8868],[0.0, 0.9554],[0.0, 1.0],[0.0, 1.0],[0.0, 0.984],[0.0543, 1.0],[0.0, 1.0],[0.0, 1.0],[0.0, 1.0]
[0.3447, 0.8069],[0.1838, 0.6453],[0.0, 0.5442],[0.0, 0.5014],[0.0, 0.5039],[0.0, 0.7065],[0.0, 0.8285],[0.0, 0.8073],[0.0, 0.7691],[0.0, 0.8401],[0.0, 0.9462],[0.0, 0.9158],[0.0, 0.8815],[0.0, 0.9519],[0.0, 1.0],[0.0, 1.0],[0.0, 0.9773],[0.0512, 1.0],[0.0, 1.0],[0.0, 1.0],[0.0, 1.0]
[0.3334, 0.8058],[0.1731, 0.6443],[0.0, 0.5417],[0.0, 0.5007],[0.0, 0.5018],[0.0, 0.7047],[0.0, 0.8302],[0.0, 0.8051],[0.0, 0.7659],[0.0, 0.8377],[0.0, 0.943],[0.0, 0.9101],[0.0, 0.8762],[0.0, 0.9476],[0.0, 1.0],[0.0, 1.0],[0.0, 0.9724],[0.0569, 1.0],[0.0, 1.0],[0.0, 1.0],[0.0, 1.0]
[0.3359, 0.8009],[0.1738, 0.6382],[0.0, 0.5392],[0.0, 0.4982],[0.0, 0.5011],[0.0, 0.7008],[0.0, 0.8271],[0.0, 0.8065],[0.0, 0.7677],[0.0, 0.8324],[0.0, 0.9427],[0.0, 0.913],[0.0, 0.8773],[0.0, 0.9427],[0.0, 1.0],[0.0, 1.0],[0.0, 0.9706],[0.0518, 1.0],[0.0, 1.0],[0.0, 1.0],[0.0, 1.0]
[0.341, 0.8034],[0.1788, 0.639],[0.0, 0.5361],[0.0, 0.4979],[0.0, 0.5011],[0.0, 0.6945],[0.0, 0.8228],[0.0, 0.8048],[0.0, 0.7673],[0.0, 0.8263],[0.0, 0.9402],[0.0, 0.9116],[0.0, 0.8758],[0.0009, 0.9363],[0.0, 1.0],[0.0, 1.0],[0.0, 0.9699],[0.0562, 1.0],[0.0, 1.0],[0.0, 1.0],[0.0, 1.0]
[0.3372, 0.802],[0.1813, 0.639],[0.0, 0.5385],[0.0, 0.4993],[0.0, 0.5018],[0.0, 0.6976],[0.0, 0.8249],[0.0, 0.8037],[0.0, 0.7655],[0.0, 0.8327],[0.0, 0.9398],[0.0, 0.9066],[0.0, 0.8705],[0.0, 0.9459],[0.0, 1.0],[0.0, 1.0],[0.0, 0.9681],[0.0499, 1.0],[0.0, 1.0],[0.0, 1.0],[0.0, 1.0]
[0.3422, 0.8016],[0.1801, 0.6372],[0.0, 0.5361],[0.0, 0.4979],[0.0, 0.5004],[0.0, 0.7005],[0.0, 0.8221],[0.0, 0.7981],[0.0, 0.7599],[0.0, 0.8348],[0.0, 0.9381],[0.0, 0.9059],[0.0, 0.872],[0.0, 0.9476],[0.0, 1.0],[0.0, 1.0],[0.0, 0.9678],[0.0537, 1.0],[0.0, 1.0],[0.0, 1.0],[0.0, 1.0]
[0.341, 0.8005],[0.1807, 0.6368],[0.0, 0.5364],[0.0, 0.4989],[0.0, 0.5021],[0.0, 0.7019],[0.0, 0.8217],[0.0, 0.7981],[0.0, 0.7616],[0.0, 0.8366],[0.0, 0.9388],[0.0, 0.9066],[0.0, 0.8737],[0.0022, 0.9483],[0.0, 1.0],[0.0, 1.0],[0.0, 0.9685],[0.0575, 1.0],[0.0, 1.0],[0.0, 1.0],[0.0, 1.0]
[0.3498, 0.8048],[0.1907, 0.6382],[0.0, 0.5368],[0.0, 0.4968],[0.0, 0.5011],[0.0, 0.6934],[0.0, 0.8168],[0.0, 0.7991],[0.0, 0.7627],[0.0, 0.8292],[0.0, 0.9367],[0.0, 0.907],[0.0, 0.872],[0.0116, 0.9437],[0.0, 1.0],[0.0, 1.0],[0.0, 0.9657],[0.0644, 1.0],[0.0, 1.0],[0.0, 1.0],[0.0, 1.0]
[0.3542, 0.8027],[0.1964, 0.6368],[0.0, 0.5354],[0.0, 0.4954],[0.0, 0.5025],[0.0, 0.6945],[0.0, 0.8154],[0.0, 0.7956],[0.0, 0.7606],[0.0, 0.8317],[0.0, 0.9349],[0.0, 0.9041],[0.0, 0.8705],[0.0135, 0.9462],[0.0, 1.0],[0.0, 1.0],[0.0, 0.9671],[0.0694, 1.0],[0.0, 1.0],[0.0, 1.0],[0.0, 1.0]
[0.3573, 0.8027],[0.197, 0.6397],[0.0, 0.5382],[0.0, 0.4958],[0.0, 0.4982],[0.0, 0.6948],[0.0, 0.82],[0.0, 0.8002],[0.0, 0.7631],[0.0, 0.8295],[0.0, 0.936],[0.0, 0.9059],[0.0, 0.872],[0.0122, 0.943],[0.0, 1.0],[0.0, 1.0],[0.0, 0.9688],[0.0701, 1.0],[0.0, 1.0],[0.0, 1.0],[0.0, 1.0]
[0.3548, 0.7991],[0.1939, 0.6375],[0.0, 0.5371],[0.0, 0.4951],[0.0, 0.4993],[0.0, 0.6941],[0.0, 0.8207],[0.0, 0.7977],[0.0, 0.7602],[0.0, 0.8299],[0.0, 0.9374],[0.0, 0.9034],[0.0, 0.8677],[0.0129, 0.943],[0.0, 1.0],[0.0, 1.0],[0.0, 0.9646],[0.0701, 1.0],[0.0, 1.0],[0.0, 1.0],[0.0, 1.0]
[0.3561, 0.7963],[0.1939, 0.6365],[0.0, 0.5371],[0.0, 0.4947],[0.0, 0.4975],[0.0, 0.6913],[0.0, 0.8189],[0.0, 0.7988],[0.0, 0.7638],[0.0, 0.8278],[0.0, 0.9377],[0.0, 0.9034],[0.0, 0.8695],[0.0166, 0.9416],[0.0, 1.0],[0.0, 1.0],[0.0, 0.9674],[0.0726, 1.0],[0.0, 1.0],[0.0, 1.0],[0.0, 1.0]
[0.3561, 0.7942],[0.1983, 0.6291],[0.0, 0.5315],[0.0, 0.4943],[0.0, 0.4936],[0.0, 0.6955],[0.0, 0.8189],[0.0, 0.7931],[0.0, 0.7563],[0.0, 0.8341],[0.0, 0.9345],[0.0, 0.8964],[0.0, 0.8635],[0.0047, 0.9483],[0.0, 1.0],[0.0, 1.0],[0.0, 0.9575],[0.0606, 1.0],[0.0, 1.0],[0.0, 1.0],[0.0, 1.0]
[0.3498, 0.7949],[0.1939, 0.6319],[0.0, 0.5339],[0.0, 0.4936],[0.0, 0.489],[0.0, 0.6959],[0.0, 0.8168],[0.0, 0.7935],[0.0, 0.7567],[0.0, 0.8345],[0.0, 0.9342],[0.0, 0.8985],[0.0, 0.8656],[0.0022, 0.949],[0.0, 1.0],[0.0, 1.0],[0.0, 0.9572],[0.055, 1.0],[0.0, 1.0],[0.0, 1.0],[0.0, 1.0]
[0.3517, 0.7966],[0.1926, 0.6319],[0.0, 0.5318],[0.0, 0.4933],[0.0, 0.4876],[0.0, 0.6955],[0.0, 0.8157],[0.0, 0.7889],[0.0, 0.7525],[0.0, 0.8334],[0.0, 0.9331],[0.0, 0.8956],[0.0, 0.8631],[0.0047, 0.9466],[0.0, 1.0],[0.0, 1.0],[0.0, 0.9565],[0.0581, 1.0],[0.0, 1.0],[0.0, 1.0],[0.0, 1.0]
[0.3479, 0.7931],[0.187, 0.6287],[0.0, 0.529],[0.0, 0.4936],[0.0, 0.4919],[0.0, 0.6938],[0.0, 0.8175],[0.0, 0.7882],[0.0, 0.751],[0.0, 0.8306],[0.0, 0.9331],[0.0, 0.8935],[0.0, 0.8613],[0.0091, 0.9427],[0.0, 1.0],[0.0, 1.0],[0.0, 0.9572],[0.0625, 1.0],[0.0, 1.0],[0.0, 1.0],[0.0, 1.0]
[0.3529, 0.7931],[0.1901, 0.6301],[0.0, 0.5304],[0.0, 0.4922],[0.0, 0.4919],[0.0, 0.6931],[0.0, 0.8172],[0.0, 0.7892],[0.0, 0.7514],[0.0, 0.8278],[0.0, 0.9331],[0.0, 0.8946],[0.0, 0.8613],[0.0141, 0.9377],[0.0, 1.0],[0.0, 1.0],[0.0, 0.9579],[0.0694, 1.0],[0.0, 1.0],[0.0, 1.0],[0.0, 1.0]
[0.3517, 0.7959],[0.1907, 0.6336],[0.0, 0.5325],[0.0, 0.4901],[0.0, 0.4915],[0.0, 0.6892],[0.0, 0.8175],[0.0, 0.7899],[0.0, 0.7514],[0.0, 0.8242],[0.0, 0.9331],[0.0, 0.8953],[0.0, 0.8617],[0.0179, 0.936],[0.0, 1.0],[0.0, 1.0],[0.0, 0.9621],[0.0732, 1.0],[0.0, 1.0],[0.0, 1.0],[0.0, 1.0]
[0.3529, 0.8005],[0.1926, 0.6361],[0.0, 0.5329],[0.0, 0.4905],[0.0, 0.4933],[0.0, 0.6892],[0.0, 0.8214],[0.0, 0.7924],[0.0, 0.7528],[0.0, 0.8253],[0.0, 0.9352],[0.0, 0.8956],[0.0, 0.8613],[0.0147, 0.9377],[0.0, 1.0],[0.0, 1.0],[0.0, 0.9572],[0.0688, 1.0],[0.0, 1.0],[0.0, 1.0],[0.0, 1.0]
[0.3535, 0.802],[0.1939, 0.6361],[0.0, 0.5304],[0.0, 0.4901],[0.0, 0.4919],[0.0, 0.6888],[0.0, 0.8203],[0.0, 0.7928],[0.0, 0.7535],[0.0, 0.8253],[0.0, 0.9345],[0.0, 0.8971],[0.0, 0.8617],[0.0103, 0.9377],[0.0, 1.0],[0.0, 1.0],[0.0, 0.9565],[0.065, 1.0],[0.0, 1.0],[0.0, 1.0],[0.0, 1.0]
[0.3579, 0.802],[0.1945, 0.6351],[0.0, 0.5325],[0.0, 0.4933],[0.0, 0.4936],[0.0, 0.6962],[0.0, 0.821],[0.0, 0.7899],[0.0, 0.7514],[0.0, 0.8348],[0.0, 0.9345],[0.0, 0.8935],[0.0, 0.8599],[0.0041, 0.9466],[0.0, 1.0],[0.0, 0.9971],[0.0, 0.9519],[0.0575, 1.0],[0.0, 1.0],[0.0, 1.0],[0.0, 1.0]
[0.3485, 0.7991],[0.1901, 0.6347],[0.0, 0.5322],[0.0, 0.4943],[0.0, 0.4922],[0.0, 0.6923],[0.0, 0.8182],[0.0, 0.7913],[0.0, 0.7539],[0.0, 0.8313],[0.0, 0.9342],[0.0, 0.8971],[0.0, 0.8642],[0.0047, 0.9455],[0.0, 1.0],[0.0, 1.0],[0.0, 0.9628],[0.0575, 1.0],[0.0, 1.0],[0.0, 1.0],[0.0, 1.0]
[0.3498, 0.8009],[0.1901, 0.6315],[0.0, 0.5304],[0.0, 0.4929],[0.0, 0.4912],[0.0, 0.6962],[0.0, 0.8175],[0.0, 0.7917],[0.0, 0.7546],[0.0, 0.8352],[0.0, 0.936],[0.0, 0.8992],[0.0, 0.8652],[0.0028, 0.9487],[0.0, 1.0],[0.0, 1.0],[0.0, 0.9618],[0.0556, 1.0],[0.0, 1.0],[0.0, 1.0],[0.0, 1.0]
[0.3498, 0.797],[0.1914, 0.6301],[0.0, 0.529],[0.0, 0.4922],[0.0, 0.4894],[0.0, 0.6923],[0.0, 0.8179],[0.0, 0.7942],[0.0, 0.7553],[0.0, 0.8292],[0.0, 0.937],[0.0, 0.902],[0.0, 0.8659],[0.0034, 0.9423],[0.0, 1.0],[0.0, 1.0],[0.0, 0.9582],[0.06, 1.0],[0.0, 1.0],[0.0, 1.0],[0.0, 1.0]
[0.3485, 0.7991],[0.1901, 0.6319],[0.0, 0.5279],[0.0, 0.4887],[0.0, 0.488],[0.0, 0.6885],[0.0, 0.8147],[0.0, 0.7981],[0.0, 0.7624],[0.0, 0.826],[0.0, 0.9349],[0.0, 0.9052],[0.0, 0.8716],[0.0028, 0.9402],[0.0, 1.0],[0.0, 1.0],[0.0, 0.9646],[0.055, 1.0],[0.0, 1.0],[0.0, 1.0],[0.0, 1.0]
[0.3561, 0.7984],[0.1939, 0.6333],[0.0, 0.5293],[0.0, 0.4901],[0.0, 0.4873],[0.0, 0.6846],[0.0, 0.8175],[0.0, 0.7984],[0.0, 0.7613],[0.0, 0.821],[0.0, 0.9349],[0.0, 0.9055],[0.0, 0.8712],[0.0059, 0.9356],[0.0, 1.0],[0.0, 1.0],[0.0, 0.9653],[0.0606, 1.0],[0.0, 1.0],[0.0, 1.0],[0.0, 1.0]
[0.3548, 0.7931],[0.1939, 0.6287],[0.0, 0.529],[0.0, 0.4905],[0.0, 0.4905],[0.0, 0.6895],[0.0, 0.8186],[0.0, 0.7963],[0.0, 0.7585],[0.0, 0.8253],[0.0, 0.9342],[0.0, 0.9002],[0.0, 0.8652],[0.0047, 0.9388],[0.0, 1.0],[0.0, 1.0],[0.0, 0.9568],[0.0606, 1.0],[0.0, 1.0],[0.0, 1.0],[0.0, 1.0]
[0.3598, 0.792],[0.1983, 0.6252],[0.0, 0.524],[0.0, 0.4887],[0.0, 0.4866],[0.0, 0.6931],[0.0, 0.8168],[0.0, 0.7928],[0.0, 0.7549],[0.0, 0.8285],[0.0, 0.9321],[0.0, 0.896],[0.0, 0.8617],[0.0072, 0.9402],[0.0, 1.0],[0.0, 1.0],[0.0, 0.9568],[0.065, 1.0],[0.0, 1.0],[0.0, 1.0],[0.0, 1.0]
[0.3586, 0.792],[0.1977, 0.6255],[0.0, 0.5258],[0.0, 0.4887],[0.0, 0.4841],[0.0, 0.687],[0.0, 0.8154],[0.0, 0.792],[0.0, 0.7517],[0.0, 0.8235],[0.0, 0.9317],[0.0, 0.8974],[0.0, 0.8603],[0.0122, 0.9381],[0.0, 1.0],[0.0, 1.0],[0.0, 0.9593],[0.0675, 1.0],[0.0, 1.0],[0.0, 1.0],[0.0, 1.0]
[0.3567, 0.7896],[0.1964, 0.6234],[0.0, 0.523],[0.0, 0.4851],[0.0, 0.4813],[0.0, 0.6793],[0.0, 0.8101],[0.0, 0.7871],[0.0, 0.7475],[0.0, 0.8172],[0.0, 0.9285],[0.0, 0.8935],[0.0, 0.8568],[0.0129, 0.9335],[0.0, 1.0],[0.0, 1.0],[0.0, 0.9561],[0.0669, 1.0],[0.0, 1.0],[0.0, 1.0],[0.0, 1.0]
[0.3611, 0.7857],[0.197, 0.6206],[0.0, 0.5191],[0.0, 0.4834],[0.0, 0.4802],[0.0, 0.6761],[0.0, 0.808],[0.0, 0.785],[0.0, 0.7475],[0.0, 0.814],[0.0, 0.9285],[0.0, 0.8939],[0.0, 0.8568],[0.0179, 0.9285],[0.0, 1.0],[0.0, 1.0],[0.0, 0.955],[0.0745, 1.0],[0.0, 1.0],[0.0, 1.0],[0.0, 1.0]
[0.3573, 0.786],[0.1951, 0.6188],[0.0, 0.5205],[0.0, 0.4827],[0.0, 0.4823],[0.0, 0.6778],[0.0, 0.8104],[0.0, 0.7853],[0.0, 0.7468],[0.0, 0.8172],[0.0, 0.9289],[0.0, 0.8921],[0.0, 0.855],[0.016, 0.9324],[0.0, 1.0],[0.0, 0.9971],[0.0, 0.9512],[0.0707, 1.0],[0.0, 1.0],[0.0, 1.0],[0.0, 1.0]
[0.3605, 0.7843],[0.1964, 0.6184],[0.0, 0.5184],[0.0, 0.4809],[0.0, 0.4791],[0.0, 0.6747],[0.0, 0.809],[0.0, 0.7853],[0.0, 0.745],[0.0, 0.8122],[0.0, 0.9271],[0.0, 0.8935],[0.0, 0.856],[0.0179, 0.9268],[0.0, 1.0],[0.0, 0.9996],[0.0, 0.955],[0.0763, 1.0],[0.0, 1.0],[0.0, 1.0],[0.0, 1.0]
[0.3586, 0.7786],[0.1958, 0.6153],[0.0, 0.5163],[0.0, 0.4781],[0.0, 0.476],[0.0, 0.6711],[0.0, 0.8087],[0.0, 0.7892],[0.0, 0.7489],[0.0, 0.8065],[0.0, 0.9261],[0.0, 0.8967],[0.0, 0.8585],[0.0173, 0.9208],[0.0, 1.0],[0.0, 1.0],[0.0, 0.9536],[0.0757, 1.0],[0.0, 1.0],[0.0, 1.0],[0.0, 1.0]
[0.3611, 0.7825],[0.197, 0.616],[0.0009, 0.5117],[0.0, 0.4767],[0.0, 0.4781],[0.0, 0.6743],[0.0, 0.808],[0.0, 0.7867],[0.0, 0.7489],[0.0, 0.8122],[0.0, 0.9257],[0.0, 0.8928],[0.0, 0.8571],[0.0223, 0.9253],[0.0, 1.0],[0.0, 0.9954],[0.0, 0.9508],[0.0782, 1.0],[0.0, 1.0],[0.0, 1.0],[0.0, 1.0]
[0.3667, 0.7857],[0.1964, 0.6199],[0.0, 0.5163],[0.0, 0.4767],[0.0, 0.476],[0.0, 0.6729],[0.0, 0.8097],[0.0, 0.7875],[0.0, 0.75],[0.0, 0.8097],[0.0, 0.9261],[0.0, 0.8946],[0.0, 0.8596],[0.0267, 0.9232],[0.0, 1.0],[0.0, 0.9946],[0.0, 0.9504],[0.0839, 1.0],[0.0, 1.0],[0.0, 1.0],[0.0, 1.0]
[0.3667, 0.7836],[0.2046, 0.6174],[0.0003, 0.5152],[0.0, 0.4767],[0.0, 0.4788],[0.0, 0.6725],[0.0, 0.8058],[0.0, 0.7864],[0.0, 0.7457],[0.0, 0.8094],[0.0, 0.9215],[0.0, 0.8918],[0.0, 0.8543],[0.0261, 0.9239],[0.0, 1.0],[0.0, 0.9961],[0.0, 0.949],[0.082, 1.0],[0.0, 1.0],[0.0, 1.0],[0.0, 1.0]
[0.3686, 0.785],[0.2083, 0.6195],[0.0072, 0.518],[0.0, 0.4777],[0.0, 0.476],[0.0, 0.669],[0.0, 0.8034],[0.0, 0.7864],[0.0, 0.7461],[0.0, 0.8044],[0.0, 0.9222],[0.0, 0.8935],[0.0, 0.856],[0.0298, 0.9193],[0.0, 1.0],[0.0, 0.9978],[0.0, 0.9515],[0.0851, 1.0],[0.0, 1.0],[0.0, 1.0],[0.0, 1.0]
[0.3699, 0.7804],[0.2109, 0.6184],[0.0103, 0.517],[0.0, 0.4774],[0.0, 0.4784],[0.0, 0.6669],[0.0, 0.8034],[0.0, 0.7864],[0.0, 0.7457],[0.0, 0.8005],[0.0, 0.92],[0.0, 0.8918],[0.0, 0.8539],[0.0323, 0.9151],[0.0, 1.0],[0.0, 0.9985],[0.0, 0.9515],[0.0902, 1.0],[0.0, 1.0],[0.0, 1.0],[0.0, 1.0]
[0.3711, 0.7814],[0.2083, 0.6188],[0.0078, 0.5145],[0.0, 0.4763],[0.0, 0.477],[0.0, 0.6701],[0.0, 0.8023],[0.0, 0.7853],[0.0, 0.7454],[0.0, 0.8041],[0.0, 0.9193],[0.0, 0.8896],[0.0, 0.8522],[0.0305, 0.9179],[0.0, 1.0],[0.0, 0.9946],[0.0, 0.9473],[0.0895, 1.0],[0.0, 1.0],[0.0, 1.0],[0.0, 1.0]
[0.3755, 0.7793],[0.2134, 0.6153],[0.0116, 0.5124],[0.0, 0.4721],[0.0, 0.4721],[0.0, 0.6669],[0.0, 0.8034],[0.0, 0.7875],[0.0, 0.75],[0.0, 0.802],[0.0, 0.9208],[0.0, 0.8918],[0.0, 0.8564],[0.0286, 0.9165],[0.0, 1.0],[0.0, 0.9943],[0.0, 0.9501],[0.0833, 1.0],[0.0, 1.0],[0.0, 1.0],[0.0, 1.0]
[0.3711, 0.7779],[0.2096, 0.6121],[0.0122, 0.5092],[0.0, 0.4703],[0.0, 0.4685],[0.0, 0.6694],[0.0, 0.8012],[0.0, 0.7821],[0.0, 0.745],[0.0, 0.8055],[0.0, 0.9197],[0.0, 0.8875],[0.0, 0.8515],[0.0261, 0.9186],[0.0, 1.0],[0.0, 0.9893],[0.0, 0.9437],[0.0814, 1.0],[0.0, 1.0],[0.0, 1.0],[0.0, 1.0]
[0.3755, 0.779],[0.2153, 0.6146],[0.0122, 0.5127],[0.0, 0.471],[0.0, 0.4685],[0.0, 0.6651],[0.0, 0.7995],[0.0, 0.7818],[0.0, 0.7433],[0.0, 0.8016],[0.0, 0.9176],[0.0, 0.8875],[0.0, 0.8511],[0.0311, 0.9169],[0.0, 1.0],[0.0, 0.9918],[0.0, 0.9459],[0.0864, 1.0],[0.0, 1.0],[0.0, 1.0],[0.0, 1.0]
[0.3799, 0.7705],[0.2178, 0.6089],[0.016, 0.5106],[0.0, 0.4707],[0.0, 0.4685],[0.0, 0.6662],[0.0, 0.7984],[0.0, 0.7772],[0.0, 0.7383],[0.0, 0.8044],[0.0, 0.9179],[0.0, 0.8836],[0.0, 0.8479],[0.0311, 0.919],[0.0, 1.0],[0.0, 0.9911],[0.0, 0.9476],[0.087, 1.0],[0.0, 1.0],[0.0, 1.0],[0.0, 1.0]
[0.3724, 0.7673],[0.2109, 0.6047],[0.0085, 0.5035],[0.0, 0.4632],[0.0, 0.4593],[0.0, 0.6605],[0.0, 0.7928],[0.0, 0.7744],[0.0, 0.7351],[0.0, 0.7959],[0.0, 0.9126],[0.0, 0.8801],[0.0, 0.843],[0.0292, 0.9108],[0.0, 1.0],[0.0, 0.9816],[0.0, 0.9349],[0.0858, 0.9989],[0.0, 1.0],[0.0, 1.0],[0.0, 1.0]
[0.3667, 0.7641],[0.2058, 0.6043],[0.0034, 0.4996],[0.0, 0.4572],[0.0, 0.4562],[0.0, 0.6549],[0.0, 0.7871],[0.0, 0.7648],[0.0, 0.7252],[0.0, 0.7906],[0.0, 0.9045],[0.0, 0.8705],[0.0, 0.8338],[0.0336, 0.9041],[0.0, 1.0],[0.0, 0.9773],[0.0, 0.9321],[0.0877, 0.9918],[0.0, 1.0],[0.0, 1.0],[0.0, 1.0]
[0.3649, 0.7602],[0.2021, 0.5986],[0.0009, 0.4958],[0.0, 0.4558],[0.0, 0.4537],[0.0, 0.6531],[0.0, 0.7878],[0.0, 0.7631],[0.0, 0.7242],[0.0, 0.7906],[0.0, 0.9024],[0.0, 0.8681],[0.0, 0.8334],[0.0286, 0.9041],[0.0, 1.0],[0.0, 0.9756],[0.0, 0.9324],[0.0833, 0.9911],[0.0, 1.0],[0.0, 1.0],[0.0, 1.0]
[0.3693, 0.7613],[0.2021, 0.6001],[0.0, 0.4965],[0.0, 0.459],[0.0, 0.4554],[0.0, 0.6566],[0.0, 0.7885],[0.0, 0.7669],[0.0, 0.7284],[0.0, 0.7931],[0.0, 0.9055],[0.0, 0.8727],[0.0, 0.8377],[0.0298, 0.9052],[0.0, 1.0],[0.0, 0.978],[0.0, 0.9331],[0.087, 0.9918],[0.0, 1.0],[0.0, 1.0],[0.0, 1.0]
[0.3711, 0.7567],[0.2046, 0.5962],[0.0034, 0.4975],[0.0, 0.4562],[0.0, 0.459],[0.0, 0.6496],[0.0, 0.7867],[0.0, 0.7691],[0.0, 0.7316],[0.0, 0.7857],[0.0, 0.9024],[0.0, 0.8705],[0.0, 0.8341],[0.0298, 0.9006],[0.0, 1.0],[0.0, 0.977],[0.0, 0.9328],[0.087, 0.99],[0.0, 1.0],[0.0, 1.0],[0.0, 1.0]
[0.3705, 0.7609],[0.2058, 0.594],[0.0047, 0.4982],[0.0, 0.4576],[0.0, 0.4586],[0.0, 0.6552],[0.0, 0.7853],[0.0, 0.7606],[0.0, 0.7224],[0.0, 0.7928],[0.0, 0.9013],[0.0, 0.8635],[0.0, 0.8274],[0.0254, 0.907],[0.0, 1.0],[0.0, 0.9713],[0.0, 0.925],[0.0851, 0.9936],[0.0, 1.0],[0.0, 1.0],[0.0, 1.0]
[0.3655, 0.7581],[0.2039, 0.5937],[0.0028, 0.4915],[0.0, 0.4523],[0.0, 0.4523],[0.0, 0.6499],[0.0, 0.78],[0.0, 0.7578],[0.0, 0.7196],[0.0, 0.7882],[0.0, 0.8978],[0.0, 0.8628],[0.0, 0.8281],[0.0235, 0.9031],[0.0, 1.0],[0.0, 0.9713],[0.0, 0.9261],[0.0795, 0.9908],[0.0, 1.0],[0.0, 1.0],[0.0, 1.0]
[0.3693, 0.7599],[0.2058, 0.5944],[0.0028, 0.4905],[0.0, 0.4491],[0.0, 0.4498],[0.0, 0.6443],[0.0, 0.7786],[0.0, 0.7574],[0.0, 0.7178],[0.0, 0.7821],[0.0, 0.8967],[0.0, 0.8638],[0.0, 0.8278],[0.0261, 0.8985],[0.0, 1.0],[0.0, 0.9692],[0.0, 0.9232],[0.0782, 0.9879],[0.0, 1.0],[0.0, 1.0],[0.0, 1.0]
[0.3686, 0.7634],[0.2077, 0.5948],[0.0078, 0.4922],[0.0, 0.4505],[0.0, 0.4509],[0.0, 0.6524],[0.0, 0.779],[0.0, 0.7599],[0.0, 0.7231],[0.0, 0.7917],[0.0, 0.8953],[0.0, 0.8628],[0.0, 0.8295],[0.021, 0.9073],[0.0, 1.0],[0.0, 0.9688],[0.0, 0.9246],[0.0738, 0.9957],[0.0, 1.0],[0.0, 1.0],[0.0, 1.0]
[0.3793, 0.762],[0.2146, 0.5962],[0.0091, 0.4943],[0.0, 0.4558],[0.0, 0.4544],[0.0, 0.652],[0.0, 0.7761],[0.0, 0.7585],[0.0, 0.722],[0.0, 0.792],[0.0, 0.8981],[0.0, 0.8667],[0.0, 0.8334],[0.0292, 0.9073],[0.0, 1.0],[0.0, 0.971],[0.0, 0.9275],[0.0826, 0.9957],[0.0, 1.0],[0.0, 1.0],[0.0, 1.0]