[0.3572, 0.9106],[0.5029, 0.8636],[0.6175, 0.7915],[0.7176, 0.7746],[0.8147, 0.7918],[0.4961, 0.5795],[0.6515, 0.5495],[0.7438, 0.5276],[0.8186, 0.5036],[0.4412, 0.5833],[0.6404, 0.641],[0.6239, 0.73],[0.5714, 0.7576],[0.4024, 0.6325],[0.5928, 0.6904],[0.5792, 0.7705],[0.5345, 0.7915],[0.3786, 0.7035],[0.5311, 0.7339],[0.535, 0.7964],[0.5015, 0.8238]
[0.346, 0.9508],[0.4927, 0.8899],[0.6107, 0.8177],[0.7132, 0.7981],[0.8065, 0.806],[0.4849, 0.5984],[0.6404, 0.5743],[0.7356, 0.5535],[0.8162, 0.5301],[0.4305, 0.6041],[0.6341, 0.6664],[0.6161, 0.7645],[0.5695, 0.797],[0.397, 0.6544],[0.5908, 0.7178],[0.5646, 0.8044],[0.516, 0.8289],[0.3805, 0.7276],[0.5379, 0.762],[0.5355, 0.824],[0.5, 0.85]
[0.3349, 0.9713],[0.4874, 0.8981],[0.602, 0.824],[0.7069, 0.8038],[0.806, 0.8055],[0.466, 0.6044],[0.6399, 0.5836],[0.7356, 0.5587],[0.8152, 0.5295],[0.416, 0.6139],[0.6302, 0.6593],[0.6214, 0.7576],[0.5782, 0.7902],[0.3883, 0.6678],[0.5923, 0.7085],[0.5777, 0.7964],[0.5311, 0.8213],[0.3781, 0.7448],[0.5403, 0.7574],[0.5398, 0.8188],[0.5005, 0.8464]
[0.33, 0.9776],[0.4874, 0.9008],[0.603, 0.8246],[0.7079, 0.8046],[0.8045, 0.8071],[0.4718, 0.6063],[0.6409, 0.5798],[0.7375, 0.5557],[0.8177, 0.5281],[0.4228, 0.6134],[0.635, 0.6549],[0.6239, 0.7571],[0.5772, 0.7945],[0.3936, 0.6667],[0.5962, 0.7052],[0.5787, 0.7983],[0.5296, 0.8249],[0.3795, 0.744],[0.5461, 0.7563],[0.5442, 0.8229],[0.5024, 0.8519]
[0.3222, 0.9819],[0.4888, 0.9011],[0.6025, 0.824],[0.7079, 0.8038],[0.8036, 0.8038],[0.466, 0.6046],[0.6389, 0.5822],[0.7341, 0.5574],[0.8128, 0.5276],[0.4165, 0.6128],[0.6302, 0.6587],[0.6239, 0.7615],[0.5821, 0.7997],[0.3883, 0.6672],[0.5933, 0.7085],[0.5797, 0.8019],[0.5325, 0.8311],[0.3771, 0.7451],[0.5423, 0.7598],[0.5413, 0.8265],[0.5005, 0.8565]
[0.3222, 0.977],[0.4908, 0.9],[0.6059, 0.8229],[0.7089, 0.8016],[0.8016, 0.803],[0.4704, 0.6019],[0.6379, 0.5811],[0.7322, 0.5574],[0.8113, 0.5301],[0.4194, 0.6101],[0.6282, 0.659],[0.6219, 0.7634],[0.5821, 0.8044],[0.3897, 0.6628],[0.5908, 0.7096],[0.5763, 0.8022],[0.5311, 0.8328],[0.3757, 0.7382],[0.5369, 0.7604],[0.5364, 0.8232],[0.4985, 0.85]
[0.3247, 0.971],[0.4903, 0.8975],[0.603, 0.8224],[0.7064, 0.8011],[0.7997, 0.8024],[0.467, 0.6014],[0.6355, 0.5784],[0.7293, 0.5544],[0.8084, 0.5284],[0.4169, 0.609],[0.6282, 0.6566],[0.6234, 0.7612],[0.584, 0.8019],[0.3897, 0.662],[0.5913, 0.7068],[0.5801, 0.7992],[0.5355, 0.8292],[0.3781, 0.738],[0.5379, 0.759],[0.5413, 0.8188],[0.5063, 0.8434]
[0.3217, 0.9762],[0.4835, 0.8992],[0.5986, 0.8224],[0.7025, 0.8011],[0.8002, 0.8041],[0.4616, 0.6049],[0.635, 0.5817],[0.7307, 0.5571],[0.8089, 0.5287],[0.4116, 0.6142],[0.6253, 0.6601],[0.6166, 0.7637],[0.5714, 0.8041],[0.3834, 0.6669],[0.5874, 0.7104],[0.5704, 0.8035],[0.5219, 0.833],[0.3718, 0.7418],[0.535, 0.7604],[0.5311, 0.8246],[0.4888, 0.8527]
[0.3266, 0.9776],[0.4903, 0.9011],[0.6049, 0.8227],[0.7079, 0.8027],[0.8021, 0.8057],[0.4679, 0.6033],[0.6384, 0.5811],[0.7341, 0.5576],[0.8143, 0.5303],[0.4179, 0.6104],[0.6292, 0.6598],[0.6146, 0.7639],[0.5675, 0.8022],[0.3883, 0.6628],[0.5908, 0.7096],[0.5699, 0.8033],[0.5199, 0.8306],[0.3737, 0.7377],[0.5369, 0.7606],[0.5306, 0.8254],[0.4879, 0.8519]
[0.3256, 0.983],[0.4869, 0.9024],[0.603, 0.8259],[0.7069, 0.8068],[0.8031, 0.8098],[0.4694, 0.6063],[0.6423, 0.5866],[0.7375, 0.5637],[0.8162, 0.5361],[0.4184, 0.615],[0.6302, 0.6637],[0.6175, 0.765],[0.5714, 0.8046],[0.3888, 0.6678],[0.5923, 0.7147],[0.5729, 0.806],[0.5243, 0.8352],[0.3752, 0.7432],[0.5427, 0.7653],[0.5374, 0.8311],[0.4956, 0.8609]
[0.3247, 0.9874],[0.4883, 0.9079],[0.6049, 0.8289],[0.7093, 0.8074],[0.8045, 0.8101],[0.4723, 0.6087],[0.6438, 0.5872],[0.7399, 0.5648],[0.8196, 0.5393],[0.4203, 0.6164],[0.6316, 0.6664],[0.6205, 0.7691],[0.5758, 0.8074],[0.3902, 0.6686],[0.5942, 0.7199],[0.5743, 0.8126],[0.5248, 0.8396],[0.3771, 0.7432],[0.5427, 0.7694],[0.5389, 0.8363],[0.4981, 0.8653]
[0.3251, 0.986],[0.4903, 0.9085],[0.6069, 0.8306],[0.7089, 0.8093],[0.8026, 0.8109],[0.4772, 0.6082],[0.6457, 0.5863],[0.7414, 0.5648],[0.8211, 0.5404],[0.4252, 0.6156],[0.637, 0.6647],[0.6239, 0.7705],[0.5797, 0.8117],[0.3951, 0.6675],[0.5991, 0.7167],[0.5787, 0.8117],[0.5311, 0.8426],[0.3815, 0.7415],[0.5486, 0.7669],[0.5427, 0.835],[0.5015, 0.865]
[0.329, 0.9912],[0.4927, 0.9153],[0.6103, 0.8382],[0.7147, 0.8199],[0.8094, 0.8197],[0.4786, 0.6161],[0.6467, 0.5975],[0.7419, 0.5795],[0.8225, 0.5576],[0.4257, 0.6265],[0.6321, 0.6768],[0.6209, 0.7781],[0.5806, 0.8164],[0.3956, 0.6809],[0.5908, 0.7306],[0.5699, 0.8199],[0.5248, 0.8478],[0.3825, 0.7565],[0.5418, 0.777],[0.5369, 0.8393],[0.4961, 0.8675]
[0.3349, 0.9891],[0.4985, 0.9177],[0.6151, 0.8432],[0.7205, 0.8243],[0.8143, 0.83],[0.484, 0.6213],[0.653, 0.5997],[0.7492, 0.5795],[0.8298, 0.5557],[0.4335, 0.6279],[0.6428, 0.6773],[0.6297, 0.7759],[0.584, 0.8087],[0.4038, 0.6798],[0.6039, 0.7284],[0.5845, 0.8153],[0.535, 0.838],[0.3897, 0.7535],[0.5515, 0.7768],[0.5481, 0.8344],[0.5058, 0.8552]
[0.329, 0.9907],[0.4947, 0.9167],[0.6132, 0.8407],[0.7191, 0.8232],[0.8143, 0.8287],[0.4791, 0.6202],[0.652, 0.6025],[0.7467, 0.5811],[0.8269, 0.5557],[0.4296, 0.6284],[0.6404, 0.6798],[0.6282, 0.78],[0.5865, 0.8167],[0.4009, 0.6803],[0.6025, 0.729],[0.5821, 0.8169],[0.535, 0.8423],[0.3893, 0.7541],[0.5481, 0.78],[0.5403, 0.8374],[0.4981, 0.8579]
[0.3281, 0.9912],[0.4961, 0.9172],[0.6127, 0.8415],[0.7181, 0.8235],[0.8133, 0.8276],[0.4781, 0.6227],[0.6506, 0.6019],[0.7458, 0.5792],[0.8259, 0.5533],[0.4291, 0.6295],[0.6428, 0.6768],[0.6297, 0.7795],[0.5865, 0.8175],[0.4024, 0.6806],[0.6044, 0.727],[0.5831, 0.818],[0.5345, 0.8443],[0.3917, 0.7541],[0.55, 0.7773],[0.5413, 0.8369],[0.4971, 0.8582]
[0.3324, 0.994],[0.4966, 0.9202],[0.6151, 0.8421],[0.7215, 0.8229],[0.8177, 0.8287],[0.4849, 0.6243],[0.6564, 0.6027],[0.7531, 0.5809],[0.8342, 0.5555],[0.4359, 0.6298],[0.6486, 0.6781],[0.6316, 0.779],[0.585, 0.8126],[0.4087, 0.68],[0.6117, 0.7287],[0.5869, 0.8194],[0.5369, 0.8426],[0.397, 0.7533],[0.5602, 0.779],[0.55, 0.8434],[0.5049, 0.8675]
[0.3319, 0.9937],[0.4995, 0.9197],[0.6151, 0.8445],[0.7215, 0.824],[0.8181, 0.8257],[0.484, 0.6235],[0.6579, 0.6027],[0.754, 0.5792],[0.8356, 0.5522],[0.4364, 0.629],[0.6525, 0.6773],[0.6345, 0.779],[0.5879, 0.815],[0.4101, 0.679],[0.6156, 0.7276],[0.5899, 0.8186],[0.5398, 0.8443],[0.3985, 0.7522],[0.5627, 0.777],[0.5525, 0.8385],[0.5078, 0.8612]
[0.3344, 0.9926],[0.5019, 0.9205],[0.6195, 0.844],[0.7244, 0.8238],[0.8201, 0.8276],[0.4903, 0.6221],[0.6617, 0.6016],[0.7584, 0.5806],[0.839, 0.556],[0.4407, 0.6281],[0.654, 0.6776],[0.6389, 0.777],[0.5933, 0.8109],[0.4131, 0.6792],[0.6175, 0.7298],[0.5952, 0.8188],[0.5461, 0.8418],[0.4014, 0.7525],[0.5646, 0.7781],[0.5568, 0.8374],[0.5131, 0.8571]
[0.3319, 0.9921],[0.4995, 0.9188],[0.6171, 0.8437],[0.72, 0.8229],[0.8147, 0.8229],[0.4869, 0.621],[0.6583, 0.603],[0.754, 0.5814],[0.8342, 0.5563],[0.4359, 0.6276],[0.6491, 0.6806],[0.635, 0.7836],[0.5903, 0.8224],[0.4082, 0.6795],[0.6122, 0.7314],[0.5899, 0.8218],[0.5413, 0.8494],[0.397, 0.7541],[0.5607, 0.7825],[0.5491, 0.8467],[0.5034, 0.8718]
[0.3276, 0.9915],[0.4995, 0.9183],[0.6141, 0.8429],[0.7181, 0.8238],[0.8143, 0.827],[0.4845, 0.6219],[0.6574, 0.6038],[0.754, 0.5822],[0.8347, 0.5568],[0.4359, 0.6284],[0.6506, 0.6787],[0.6384, 0.7822],[0.5947, 0.8213],[0.4097, 0.68],[0.6146, 0.73],[0.5937, 0.8232],[0.5447, 0.8519],[0.399, 0.7538],[0.5636, 0.7795],[0.5554, 0.8443],[0.5107, 0.8702]
[0.3319, 0.9904],[0.5019, 0.9186],[0.6195, 0.8418],[0.7249, 0.824],[0.8206, 0.8298],[0.4917, 0.626],[0.6598, 0.6044],[0.756, 0.582],[0.8366, 0.5579],[0.4407, 0.6317],[0.652, 0.6822],[0.636, 0.7839],[0.5903, 0.8232],[0.4111, 0.6825],[0.6141, 0.7339],[0.5903, 0.8251],[0.5413, 0.8533],[0.398, 0.7557],[0.5646, 0.7828],[0.5544, 0.8473],[0.5092, 0.8743]
[0.3315, 0.9915],[0.501, 0.9191],[0.6195, 0.8432],[0.7234, 0.8238],[0.8191, 0.8276],[0.4888, 0.6254],[0.6608, 0.6044],[0.756, 0.582],[0.8371, 0.5574],[0.4393, 0.6311],[0.654, 0.6809],[0.6384, 0.7841],[0.5933, 0.8246],[0.4111, 0.6822],[0.6161, 0.7292],[0.5933, 0.8208],[0.5447, 0.85],[0.3985, 0.7563],[0.5627, 0.7768],[0.5549, 0.8388],[0.5117, 0.865]
[0.3324, 0.9888],[0.5019, 0.9188],[0.6214, 0.8437],[0.7263, 0.8249],[0.8211, 0.8292],[0.4893, 0.6238],[0.6603, 0.6027],[0.756, 0.5814],[0.8366, 0.5585],[0.4403, 0.6292],[0.6535, 0.6798],[0.636, 0.7811],[0.5889, 0.8172],[0.4131, 0.6792],[0.6175, 0.7292],[0.5942, 0.8199],[0.5457, 0.8462],[0.4009, 0.7519],[0.5651, 0.7768],[0.5554, 0.8391],[0.5117, 0.8631]
[0.3339, 0.9904],[0.4966, 0.9197],[0.6132, 0.847],[0.7181, 0.8287],[0.8143, 0.827],[0.4864, 0.624],[0.6574, 0.6046],[0.754, 0.5844],[0.8337, 0.5607],[0.4373, 0.6298],[0.6486, 0.682],[0.6365, 0.7814],[0.5923, 0.8161],[0.4111, 0.6809],[0.6146, 0.7314],[0.5957, 0.8199],[0.5476, 0.8464],[0.4014, 0.7544],[0.567, 0.7831],[0.5622, 0.8478],[0.5204, 0.8748]
[0.3295, 0.991],[0.4869, 0.9191],[0.6044, 0.8467],[0.7103, 0.8281],[0.8065, 0.8257],[0.4791, 0.6257],[0.6472, 0.6046],[0.7414, 0.5842],[0.8201, 0.5607],[0.4281, 0.6322],[0.6384, 0.6847],[0.6258, 0.7855],[0.5821, 0.8238],[0.399, 0.6833],[0.602, 0.732],[0.5821, 0.8221],[0.535, 0.8524],[0.3878, 0.7574],[0.5563, 0.7833],[0.5515, 0.8508],[0.5092, 0.8822]
[0.3213, 0.9964],[0.482, 0.9251],[0.5996, 0.8478],[0.7059, 0.8273],[0.8045, 0.8287],[0.4704, 0.627],[0.6443, 0.6074],[0.7409, 0.5852],[0.8206, 0.5596],[0.4218, 0.6352],[0.6355, 0.6858],[0.6214, 0.7847],[0.5763, 0.8183],[0.3946, 0.6872],[0.5996, 0.7336],[0.5787, 0.8218],[0.5301, 0.8475],[0.3839, 0.7612],[0.5505, 0.7833],[0.5452, 0.8462],[0.5019, 0.8724]
[0.3193, 0.9992],[0.4796, 0.9248],[0.5986, 0.8467],[0.7064, 0.827],[0.8041, 0.8303],[0.4694, 0.627],[0.6438, 0.6066],[0.7404, 0.5855],[0.8211, 0.5607],[0.4208, 0.6341],[0.636, 0.6855],[0.6171, 0.7839],[0.5685, 0.8158],[0.3931, 0.6858],[0.6001, 0.7355],[0.5743, 0.824],[0.5238, 0.8475],[0.3815, 0.7593],[0.5515, 0.7863],[0.5432, 0.85],[0.4985, 0.8754]
[0.3159, 0.9975],[0.4801, 0.9243],[0.5962, 0.8492],[0.703, 0.83],[0.7982, 0.8325],[0.466, 0.6279],[0.6399, 0.6071],[0.7375, 0.5861],[0.8191, 0.5617],[0.4174, 0.6352],[0.6331, 0.6855],[0.619, 0.785],[0.5753, 0.8194],[0.3917, 0.6882],[0.5986, 0.7366],[0.5777, 0.8251],[0.5301, 0.8516],[0.3834, 0.7626],[0.552, 0.7869],[0.5452, 0.8481],[0.5019, 0.8738]
[0.312, 1.0],[0.4752, 0.9281],[0.5928, 0.8514],[0.6996, 0.8328],[0.7968, 0.8339],[0.4626, 0.6295],[0.637, 0.6112],[0.7331, 0.5904],[0.8143, 0.5658],[0.4131, 0.6404],[0.6292, 0.6932],[0.6112, 0.7899],[0.5656, 0.8224],[0.3868, 0.6943],[0.5937, 0.744],[0.5704, 0.8311],[0.5223, 0.8579],[0.3771, 0.7694],[0.5466, 0.7932],[0.5393, 0.8549],[0.4961, 0.8822]
[0.3077, 1.0],[0.4723, 0.9306],[0.5913, 0.8541],[0.6982, 0.8352],[0.7943, 0.8377],[0.4616, 0.6328],[0.636, 0.6156],[0.7317, 0.5962],[0.8123, 0.5724],[0.4116, 0.6421],[0.6258, 0.6964],[0.6078, 0.7929],[0.5622, 0.8229],[0.3839, 0.6951],[0.5908, 0.7481],[0.567, 0.8341],[0.5185, 0.8574],[0.3732, 0.7699],[0.5408, 0.7973],[0.5345, 0.8582],[0.4932, 0.883]
[0.3052, 1.0],[0.4709, 0.9341],[0.5894, 0.8593],[0.6957, 0.8407],[0.7929, 0.8418],[0.4616, 0.6374],[0.6345, 0.618],[0.7307, 0.5978],[0.8118, 0.5738],[0.4131, 0.644],[0.6263, 0.6992],[0.6059, 0.7967],[0.5593, 0.8289],[0.3849, 0.6962],[0.5908, 0.7514],[0.5631, 0.8391],[0.5141, 0.8634],[0.3737, 0.7713],[0.5432, 0.7994],[0.535, 0.8612],[0.4932, 0.8869]
[0.2999, 1.0],[0.4694, 0.9344],[0.5879, 0.8615],[0.6943, 0.8429],[0.79, 0.8426],[0.4626, 0.638],[0.6336, 0.6202],[0.7293, 0.6005],[0.8104, 0.5776],[0.4135, 0.6448],[0.6268, 0.7027],[0.6083, 0.8027],[0.5631, 0.8374],[0.3849, 0.6964],[0.5908, 0.7535],[0.5646, 0.8429],[0.516, 0.8699],[0.3732, 0.7713],[0.5432, 0.8014],[0.534, 0.8645],[0.4917, 0.8907]
[0.3013, 1.0],[0.4713, 0.9382],[0.5913, 0.8623],[0.6991, 0.8434],[0.7968, 0.8462],[0.4665, 0.6399],[0.6379, 0.6213],[0.7346, 0.6014],[0.8177, 0.5784],[0.4155, 0.6475],[0.6307, 0.7055],[0.6083, 0.8038],[0.5612, 0.8371],[0.3859, 0.7014],[0.5928, 0.7585],[0.5641, 0.8459],[0.5136, 0.871],[0.3727, 0.7779],[0.5437, 0.806],[0.5369, 0.8642],[0.4947, 0.8877]
[0.314, 1.0],[0.4801, 0.9448],[0.5981, 0.8705],[0.705, 0.8519],[0.8016, 0.856],[0.4791, 0.644],[0.6481, 0.6249],[0.7467, 0.6093],[0.8308, 0.5899],[0.4286, 0.6497],[0.6389, 0.712],[0.6151, 0.806],[0.5656, 0.8311],[0.398, 0.7016],[0.6005, 0.7672],[0.568, 0.8514],[0.516, 0.8694],[0.3839, 0.7759],[0.55, 0.8128],[0.5389, 0.8732],[0.4951, 0.8923]
[0.3062, 1.0],[0.4733, 0.9399],[0.5923, 0.8672],[0.7021, 0.8533],[0.8011, 0.8552],[0.4704, 0.6434],[0.6467, 0.6262],[0.7438, 0.6079],[0.8274, 0.5852],[0.4218, 0.6519],[0.6389, 0.7123],[0.6161, 0.8076],[0.5709, 0.8358],[0.3941, 0.7049],[0.6025, 0.7656],[0.5719, 0.8497],[0.5219, 0.8697],[0.3825, 0.78],[0.5549, 0.8123],[0.5432, 0.8699],[0.4971, 0.8888]
[0.3077, 1.0],[0.4762, 0.938],[0.5967, 0.8647],[0.7035, 0.8492],[0.8002, 0.8508],[0.4738, 0.6418],[0.6443, 0.6229],[0.7414, 0.6049],[0.824, 0.5847],[0.4213, 0.6503],[0.6341, 0.7109],[0.6161, 0.809],[0.5724, 0.8415],[0.3907, 0.7038],[0.5952, 0.7653],[0.5675, 0.8516],[0.5185, 0.8754],[0.3757, 0.779],[0.5442, 0.8117],[0.535, 0.8718],[0.4913, 0.8951]
[0.3067, 1.0],[0.4743, 0.938],[0.5962, 0.8656],[0.704, 0.8494],[0.8002, 0.8511],[0.4757, 0.6418],[0.6467, 0.6249],[0.7429, 0.6066],[0.8249, 0.585],[0.4237, 0.6494],[0.6355, 0.7112],[0.6156, 0.8076],[0.5704, 0.838],[0.3922, 0.7025],[0.5976, 0.7639],[0.569, 0.8492],[0.5194, 0.8708],[0.3771, 0.7784],[0.5476, 0.8101],[0.5379, 0.8694],[0.4942, 0.8915]
[0.3106, 1.0],[0.4772, 0.9377],[0.5986, 0.8647],[0.7059, 0.8483],[0.8026, 0.8516],[0.4781, 0.6402],[0.6477, 0.6235],[0.7438, 0.6049],[0.8254, 0.5836],[0.4271, 0.6473],[0.6384, 0.7071],[0.618, 0.8038],[0.5719, 0.8366],[0.3965, 0.7],[0.601, 0.7598],[0.5738, 0.8443],[0.5257, 0.8675],[0.3815, 0.7751],[0.552, 0.8063],[0.5442, 0.8645],[0.5015, 0.8866]
[0.3111, 1.0],[0.4772, 0.9377],[0.5991, 0.8639],[0.7069, 0.8483],[0.8045, 0.8519],[0.4801, 0.6413],[0.6501, 0.624],[0.7467, 0.6055],[0.8283, 0.5842],[0.4271, 0.6478],[0.6379, 0.7101],[0.6171, 0.8096],[0.5704, 0.8437],[0.3951, 0.7],[0.6001, 0.7628],[0.5709, 0.8503],[0.5209, 0.8743],[0.3791, 0.7746],[0.5515, 0.8085],[0.5423, 0.8716],[0.4976, 0.8964]
[0.312, 1.0],[0.4781, 0.936],[0.5991, 0.8626],[0.7064, 0.8473],[0.8041, 0.85],[0.4796, 0.6407],[0.6496, 0.6224],[0.7458, 0.6046],[0.8264, 0.5842],[0.4271, 0.647],[0.6389, 0.7071],[0.619, 0.8057],[0.5724, 0.8396],[0.3951, 0.6992],[0.601, 0.7587],[0.5738, 0.8473],[0.5238, 0.8716],[0.3795, 0.774],[0.5525, 0.8049],[0.5457, 0.8694],[0.5024, 0.8962]
[0.3174, 1.0],[0.4772, 0.9399],[0.5986, 0.8642],[0.7084, 0.8478],[0.807, 0.8538],[0.482, 0.6415],[0.6511, 0.6221],[0.7482, 0.6044],[0.8303, 0.5844],[0.4301, 0.6473],[0.6418, 0.7049],[0.62, 0.8019],[0.5724, 0.8314],[0.3985, 0.6986],[0.6044, 0.7579],[0.5763, 0.844],[0.5262, 0.8639],[0.3839, 0.7727],[0.5563, 0.8044],[0.5491, 0.8656],[0.5053, 0.8871]
[0.3145, 1.0],[0.4796, 0.9399],[0.5986, 0.865],[0.7069, 0.8478],[0.8026, 0.8519],[0.4796, 0.6402],[0.6506, 0.6232],[0.7467, 0.6052],[0.8283, 0.5833],[0.4291, 0.6481],[0.6409, 0.7085],[0.6205, 0.8041],[0.5738, 0.832],[0.3985, 0.7008],[0.6039, 0.7601],[0.5772, 0.8448],[0.5282, 0.8647],[0.3844, 0.7754],[0.5544, 0.8057],[0.5457, 0.8628],[0.5015, 0.882]
[0.3067, 1.0],[0.4723, 0.936],[0.5913, 0.8631],[0.6996, 0.8492],[0.7982, 0.8503],[0.4689, 0.6415],[0.6418, 0.6235],[0.737, 0.6041],[0.8172, 0.5811],[0.4184, 0.6503],[0.6331, 0.7055],[0.618, 0.8052],[0.5758, 0.8385],[0.3893, 0.7038],[0.5962, 0.7565],[0.5738, 0.8451],[0.5267, 0.8708],[0.3766, 0.7792],[0.5481, 0.8046],[0.5403, 0.8656],[0.4956, 0.8902]
[0.3096, 1.0],[0.4738, 0.9363],[0.5918, 0.8636],[0.7001, 0.8478],[0.7982, 0.8505],[0.4675, 0.6404],[0.6404, 0.6229],[0.738, 0.6049],[0.8201, 0.5836],[0.4174, 0.6481],[0.6311, 0.7068],[0.6117, 0.8041],[0.5656, 0.8361],[0.3888, 0.7],[0.5947, 0.7612],[0.5675, 0.8475],[0.518, 0.871],[0.3766, 0.7732],[0.5471, 0.8093],[0.5389, 0.871],[0.4961, 0.8945]
[0.3111, 1.0],[0.4757, 0.9388],[0.5952, 0.8656],[0.704, 0.8475],[0.8016, 0.8522],[0.4723, 0.6404],[0.6433, 0.6229],[0.7409, 0.6049],[0.823, 0.5828],[0.4228, 0.6467],[0.6345, 0.7057],[0.6132, 0.8005],[0.5631, 0.8289],[0.3941, 0.6984],[0.5991, 0.7576],[0.5714, 0.8412],[0.5199, 0.8606],[0.381, 0.7718],[0.5491, 0.8074],[0.5379, 0.8656],[0.4932, 0.8841]
[0.3125, 1.0],[0.4752, 0.9388],[0.5942, 0.8661],[0.7021, 0.8497],[0.8002, 0.8516],[0.4699, 0.6404],[0.6433, 0.6243],[0.7404, 0.6055],[0.8215, 0.5825],[0.4213, 0.647],[0.6345, 0.7046],[0.6166, 0.8016],[0.5699, 0.8325],[0.3936, 0.6981],[0.5991, 0.7552],[0.5743, 0.8412],[0.5248, 0.8636],[0.382, 0.7716],[0.552, 0.8044],[0.5437, 0.8653],[0.499, 0.8877]
[0.3096, 1.0],[0.4733, 0.9374],[0.5923, 0.8647],[0.6991, 0.8473],[0.7958, 0.8492],[0.4684, 0.6413],[0.6404, 0.6246],[0.7365, 0.6046],[0.8177, 0.5825],[0.4189, 0.6481],[0.6297, 0.7041],[0.6117, 0.8024],[0.5656, 0.8385],[0.3907, 0.6992],[0.5947, 0.7527],[0.5714, 0.8399],[0.5243, 0.8669],[0.38, 0.7727],[0.5471, 0.8044],[0.5374, 0.8664],[0.4937, 0.8918]
[0.3072, 1.0],[0.4718, 0.9347],[0.5903, 0.8639],[0.6972, 0.8475],[0.7924, 0.8492],[0.466, 0.6421],[0.6389, 0.6246],[0.7346, 0.6055],[0.8152, 0.5825],[0.416, 0.6486],[0.6282, 0.7071],[0.6122, 0.8052],[0.568, 0.8388],[0.3868, 0.7003],[0.5923, 0.7557],[0.5704, 0.8418],[0.5238, 0.8669],[0.3742, 0.774],[0.5427, 0.8019],[0.5374, 0.8606],[0.4961, 0.8844]
[0.3052, 1.0],[0.4709, 0.9344],[0.5899, 0.8623],[0.6977, 0.8473],[0.7939, 0.8538],[0.466, 0.6426],[0.6399, 0.6238],[0.7365, 0.6044],[0.8172, 0.5817],[0.4165, 0.6503],[0.6287, 0.7068],[0.6093, 0.8046],[0.5631, 0.8377],[0.3863, 0.7019],[0.5923, 0.7574],[0.567, 0.8432],[0.518, 0.8664],[0.3727, 0.7754],[0.5432, 0.803],[0.5364, 0.862],[0.4937, 0.8844]
[0.3033, 1.0],[0.4713, 0.9366],[0.5903, 0.8634],[0.6996, 0.8486],[0.7963, 0.8541],[0.4684, 0.6437],[0.6413, 0.6249],[0.738, 0.6057],[0.8201, 0.5831],[0.4194, 0.6505],[0.6311, 0.7063],[0.6078, 0.8046],[0.5602, 0.8382],[0.3893, 0.7019],[0.5937, 0.7568],[0.5661, 0.8451],[0.517, 0.868],[0.3757, 0.7765],[0.5461, 0.8041],[0.5384, 0.8658],[0.4956, 0.8896]
[0.3062, 1.0],[0.4743, 0.9363],[0.5913, 0.8634],[0.6982, 0.8473],[0.7953, 0.8503],[0.4665, 0.6413],[0.6409, 0.6257],[0.737, 0.606],[0.8186, 0.5839],[0.4184, 0.6494],[0.6316, 0.7082],[0.6098, 0.8068],[0.5631, 0.8412],[0.3902, 0.7019],[0.5957, 0.7587],[0.569, 0.8456],[0.5209, 0.8705],[0.3776, 0.777],[0.5466, 0.8055],[0.5384, 0.8645],[0.4951, 0.8882]
[0.3043, 1.0],[0.4704, 0.9366],[0.5879, 0.865],[0.6938, 0.8481],[0.7905, 0.8489],[0.4655, 0.6404],[0.6389, 0.6265],[0.7346, 0.6076],[0.8157, 0.5847],[0.4169, 0.6494],[0.6307, 0.7082],[0.6107, 0.806],[0.5651, 0.8393],[0.3888, 0.7033],[0.5942, 0.7576],[0.5699, 0.8432],[0.5219, 0.8677],[0.3761, 0.7798],[0.5437, 0.8046],[0.5379, 0.8604],[0.4966, 0.882]
[0.3062, 1.0],[0.4718, 0.9371],[0.5894, 0.865],[0.6957, 0.8478],[0.7934, 0.85],[0.4675, 0.6421],[0.6389, 0.6249],[0.7351, 0.6055],[0.8162, 0.5833],[0.4184, 0.6486],[0.6316, 0.7093],[0.6098, 0.8079],[0.5622, 0.8418],[0.3893, 0.7011],[0.5947, 0.7598],[0.567, 0.8475],[0.5175, 0.8732],[0.3752, 0.7768],[0.5432, 0.8049],[0.5389, 0.8639],[0.5, 0.8891]
[0.3091, 1.0],[0.4738, 0.9382],[0.5928, 0.865],[0.7001, 0.8475],[0.7968, 0.8522],[0.4733, 0.6418],[0.6423, 0.6249],[0.739, 0.6071],[0.8211, 0.5863],[0.4237, 0.6473],[0.6336, 0.706],[0.6127, 0.8044],[0.5651, 0.8388],[0.3936, 0.6986],[0.5962, 0.7571],[0.5699, 0.8462],[0.5214, 0.8724],[0.3795, 0.7735],[0.5491, 0.8044],[0.5427, 0.8691],[0.5019, 0.897]
[0.3062, 1.0],[0.4747, 0.9388],[0.5937, 0.8653],[0.7001, 0.8489],[0.7948, 0.8511],[0.4699, 0.6423],[0.6399, 0.6262],[0.7346, 0.6074],[0.8147, 0.585],[0.4199, 0.6486],[0.6311, 0.7044],[0.6107, 0.8033],[0.5646, 0.8369],[0.3912, 0.7003],[0.5947, 0.7538],[0.5695, 0.8418],[0.5204, 0.8669],[0.3791, 0.7749],[0.5476, 0.8038],[0.5384, 0.8664],[0.4942, 0.8915]
[0.2999, 1.0],[0.4699, 0.9385],[0.5899, 0.865],[0.6957, 0.8486],[0.7905, 0.85],[0.4645, 0.6426],[0.6355, 0.6262],[0.7307, 0.6074],[0.8109, 0.5863],[0.4135, 0.6492],[0.6243, 0.7068],[0.6064, 0.8087],[0.5612, 0.8473],[0.3844, 0.7011],[0.5869, 0.7563],[0.5612, 0.8462],[0.5121, 0.874],[0.3723, 0.7765],[0.5384, 0.8071],[0.5282, 0.8702],[0.4845, 0.8959]
[0.3013, 1.0],[0.4679, 0.9371],[0.5865, 0.865],[0.6943, 0.8481],[0.7909, 0.8489],[0.4616, 0.6407],[0.6331, 0.6254],[0.7302, 0.6074],[0.8118, 0.5869],[0.4126, 0.6467],[0.6229, 0.7079],[0.6049, 0.8087],[0.5597, 0.8445],[0.3839, 0.6981],[0.5869, 0.7593],[0.5622, 0.8475],[0.5136, 0.8727],[0.3718, 0.7718],[0.5398, 0.8063],[0.533, 0.8677],[0.4922, 0.8918]
[0.3033, 1.0],[0.4689, 0.9382],[0.5899, 0.8634],[0.6957, 0.8464],[0.7924, 0.8481],[0.4641, 0.6421],[0.6355, 0.6257],[0.7331, 0.6079],[0.8152, 0.5874],[0.4145, 0.6505],[0.6268, 0.7057],[0.6054, 0.8049],[0.5568, 0.8402],[0.3859, 0.7027],[0.5894, 0.7574],[0.5617, 0.8459],[0.5117, 0.8718],[0.3732, 0.7776],[0.5418, 0.8052],[0.5345, 0.8672],[0.4932, 0.8929]
[0.3072, 1.0],[0.4738, 0.9374],[0.5918, 0.8639],[0.7001, 0.8464],[0.7968, 0.85],[0.4689, 0.6404],[0.6394, 0.624],[0.737, 0.6074],[0.8196, 0.5885],[0.4199, 0.6489],[0.6307, 0.7071],[0.6078, 0.8041],[0.5597, 0.8369],[0.3907, 0.7016],[0.5937, 0.7593],[0.5651, 0.8448],[0.5165, 0.868],[0.3781, 0.7762],[0.5461, 0.8068],[0.5374, 0.8628],[0.4956, 0.8822]
[0.3067, 1.0],[0.4665, 0.936],[0.5865, 0.862],[0.6957, 0.8473],[0.7943, 0.8503],[0.4709, 0.6407],[0.6399, 0.6276],[0.7361, 0.6098],[0.8172, 0.5893],[0.4203, 0.65],[0.6282, 0.7063],[0.6122, 0.806],[0.5695, 0.8437],[0.3897, 0.7027],[0.5908, 0.7552],[0.5695, 0.8426],[0.5238, 0.8705],[0.3757, 0.7779],[0.5437, 0.8041],[0.5398, 0.8675],[0.5, 0.8956]
[0.3023, 1.0],[0.4689, 0.9369],[0.5894, 0.8642],[0.6962, 0.8492],[0.7919, 0.8516],[0.4689, 0.6429],[0.637, 0.627],[0.7322, 0.609],[0.8123, 0.588],[0.4179, 0.6492],[0.6273, 0.7087],[0.6078, 0.806],[0.5612, 0.8385],[0.3863, 0.7003],[0.5899, 0.7593],[0.5651, 0.8467],[0.5165, 0.8699],[0.3718, 0.7749],[0.5408, 0.8071],[0.535, 0.8702],[0.4927, 0.8945]
[0.3013, 1.0],[0.4665, 0.9371],[0.586, 0.8653],[0.6933, 0.8503],[0.789, 0.85],[0.466, 0.6445],[0.6336, 0.627],[0.7283, 0.6085],[0.8079, 0.5874],[0.4165, 0.6492],[0.6243, 0.7082],[0.6069, 0.8068],[0.5622, 0.8412],[0.3868, 0.6994],[0.5874, 0.7585],[0.5622, 0.8473],[0.5131, 0.8721],[0.3737, 0.7732],[0.5408, 0.8068],[0.5321, 0.8724],[0.4883, 0.8981]
[0.2989, 1.0],[0.4679, 0.9374],[0.5845, 0.8642],[0.6919, 0.8478],[0.788, 0.8486],[0.4631, 0.644],[0.6331, 0.6276],[0.7283, 0.6087],[0.8089, 0.5872],[0.415, 0.65],[0.6268, 0.7071],[0.6059, 0.8052],[0.5588, 0.8393],[0.3868, 0.7003],[0.5903, 0.7576],[0.5631, 0.8456],[0.5136, 0.8699],[0.3747, 0.7738],[0.5427, 0.8065],[0.535, 0.8683],[0.4932, 0.8915]
[0.2975, 1.0],[0.465, 0.9371],[0.5835, 0.8642],[0.6909, 0.8494],[0.7885, 0.8522],[0.4631, 0.644],[0.6345, 0.6279],[0.7293, 0.6087],[0.8094, 0.5866],[0.4135, 0.6503],[0.6263, 0.709],[0.6054, 0.8087],[0.5578, 0.8448],[0.3834, 0.7014],[0.5889, 0.759],[0.5622, 0.8486],[0.5121, 0.874],[0.3698, 0.7762],[0.5403, 0.8057],[0.534, 0.8683],[0.4922, 0.8934]
[0.2994, 1.0],[0.4636, 0.938],[0.5826, 0.8658],[0.6909, 0.8503],[0.7885, 0.8527],[0.4645, 0.6434],[0.6355, 0.6268],[0.7312, 0.6085],[0.8118, 0.588],[0.416, 0.6497],[0.6268, 0.7085],[0.6069, 0.8068],[0.5602, 0.8415],[0.3859, 0.7016],[0.5903, 0.7587],[0.5641, 0.8464],[0.5155, 0.8724],[0.3723, 0.7765],[0.5427, 0.806],[0.5379, 0.8677],[0.4971, 0.8932]
[0.2994, 1.0],[0.465, 0.9371],[0.5831, 0.8658],[0.6909, 0.85],[0.788, 0.8516],[0.4645, 0.6413],[0.637, 0.6279],[0.7317, 0.6093],[0.8123, 0.5863],[0.416, 0.6486],[0.6277, 0.7087],[0.6059, 0.8041],[0.5583, 0.8358],[0.3868, 0.7014],[0.5913, 0.7585],[0.5651, 0.8437],[0.516, 0.8672],[0.3732, 0.7773],[0.5427, 0.8065],[0.5364, 0.8647],[0.4942, 0.8874]
[0.3013, 1.0],[0.4665, 0.9385],[0.5855, 0.8647],[0.6928, 0.8494],[0.7905, 0.853],[0.4655, 0.6429],[0.6384, 0.6287],[0.7341, 0.6098],[0.8143, 0.5866],[0.4165, 0.6511],[0.6292, 0.7079],[0.6064, 0.8024],[0.5588, 0.833],[0.3868, 0.7044],[0.5918, 0.7568],[0.5661, 0.8421],[0.5175, 0.8645],[0.3727, 0.7809],[0.5418, 0.8052],[0.5364, 0.8628],[0.4942, 0.885]
[0.2994, 1.0],[0.4675, 0.938],[0.5865, 0.8656],[0.6943, 0.8503],[0.7914, 0.8533],[0.4655, 0.6429],[0.6394, 0.6276],[0.7356, 0.6087],[0.8167, 0.5866],[0.4169, 0.65],[0.6316, 0.7079],[0.6088, 0.806],[0.5593, 0.8388],[0.3873, 0.7019],[0.5942, 0.7574],[0.5665, 0.8459],[0.5175, 0.8705],[0.3737, 0.7768],[0.5432, 0.8057],[0.5355, 0.8661],[0.4932, 0.8885]
[0.3013, 1.0],[0.4684, 0.9371],[0.5884, 0.8645],[0.6957, 0.8492],[0.7919, 0.8522],[0.467, 0.6426],[0.6399, 0.6273],[0.7356, 0.6096],[0.8162, 0.5888],[0.4174, 0.6492],[0.6311, 0.7071],[0.6093, 0.8052],[0.5612, 0.8391],[0.3873, 0.7008],[0.5937, 0.7563],[0.567, 0.8456],[0.5185, 0.8713],[0.3732, 0.7765],[0.5437, 0.8033],[0.5393, 0.865],[0.5, 0.8902]
[0.3023, 1.0],[0.4738, 0.9352],[0.5908, 0.8634],[0.6977, 0.8486],[0.7943, 0.8535],[0.4699, 0.6415],[0.6428, 0.6268],[0.7395, 0.609],[0.8206, 0.5874],[0.4218, 0.6492],[0.6331, 0.7066],[0.6098, 0.8019],[0.5602, 0.8339],[0.3922, 0.7027],[0.5962, 0.7557],[0.5695, 0.8432],[0.5199, 0.8677],[0.3795, 0.78],[0.5491, 0.8046],[0.5437, 0.8639],[0.5029, 0.8874]
[0.3062, 1.0],[0.4752, 0.938],[0.5928, 0.8647],[0.7001, 0.8489],[0.7968, 0.8524],[0.4723, 0.6426],[0.6457, 0.6273],[0.7424, 0.6093],[0.8225, 0.5877],[0.4228, 0.65],[0.6355, 0.7068],[0.6156, 0.803],[0.568, 0.8344],[0.3931, 0.7033],[0.5976, 0.7576],[0.5714, 0.8451],[0.5214, 0.8683],[0.3795, 0.7795],[0.5486, 0.8057],[0.5432, 0.8653],[0.5015, 0.8882]
[0.3033, 1.0],[0.4728, 0.9369],[0.5918, 0.8656],[0.6996, 0.8508],[0.7963, 0.853],[0.4723, 0.6415],[0.6443, 0.6276],[0.7404, 0.6109],[0.8215, 0.591],[0.4233, 0.6475],[0.6355, 0.7057],[0.6185, 0.8057],[0.5748, 0.8407],[0.3936, 0.6986],[0.5986, 0.7565],[0.5738, 0.8451],[0.5267, 0.8699],[0.3805, 0.7729],[0.5481, 0.8049],[0.5408, 0.8653],[0.4995, 0.8877]
[0.3043, 1.0],[0.4723, 0.9377],[0.5918, 0.865],[0.6996, 0.8503],[0.7963, 0.8541],[0.4733, 0.644],[0.6443, 0.6268],[0.7404, 0.6101],[0.8225, 0.591],[0.4233, 0.6494],[0.636, 0.7068],[0.6156, 0.8071],[0.5699, 0.8437],[0.3936, 0.7003],[0.5991, 0.7579],[0.5714, 0.8481],[0.5223, 0.8743],[0.38, 0.7754],[0.5515, 0.8052],[0.5447, 0.868],[0.5024, 0.8937]
[0.3067, 1.0],[0.4743, 0.9377],[0.5928, 0.8647],[0.7001, 0.8492],[0.7973, 0.853],[0.4733, 0.6432],[0.6443, 0.627],[0.7395, 0.6101],[0.8211, 0.5904],[0.4247, 0.6486],[0.6365, 0.7049],[0.6146, 0.8035],[0.568, 0.8385],[0.3956, 0.6992],[0.5996, 0.7568],[0.5709, 0.8453],[0.5209, 0.8702],[0.3829, 0.7732],[0.5534, 0.8038],[0.5471, 0.8658],[0.5063, 0.8907]
[0.3067, 1.0],[0.4752, 0.9391],[0.5937, 0.8669],[0.7006, 0.85],[0.7968, 0.8516],[0.4718, 0.6426],[0.6447, 0.6273],[0.7414, 0.6107],[0.823, 0.5907],[0.4233, 0.6484],[0.6379, 0.7076],[0.6156, 0.8044],[0.567, 0.8361],[0.3951, 0.6994],[0.6015, 0.7582],[0.5738, 0.8453],[0.5243, 0.8686],[0.3829, 0.7738],[0.5544, 0.8063],[0.5466, 0.8672],[0.5053, 0.8899]
[0.3067, 1.0],[0.4743, 0.938],[0.5928, 0.8677],[0.7011, 0.8516],[0.7992, 0.8544],[0.4723, 0.6418],[0.6447, 0.6268],[0.7424, 0.6109],[0.8249, 0.5915],[0.4252, 0.6475],[0.637, 0.7057],[0.6161, 0.8008],[0.5685, 0.83],[0.397, 0.6989],[0.6015, 0.7565],[0.5748, 0.8415],[0.5248, 0.8623],[0.3854, 0.7727],[0.5554, 0.8055],[0.5466, 0.8656],[0.5029, 0.8861]
[0.3062, 1.0],[0.4723, 0.9382],[0.5928, 0.8667],[0.7021, 0.8524],[0.8002, 0.8549],[0.4743, 0.644],[0.6462, 0.6276],[0.7429, 0.6107],[0.824, 0.591],[0.4252, 0.6492],[0.637, 0.7074],[0.6175, 0.806],[0.5719, 0.8396],[0.3956, 0.6992],[0.6005, 0.7579],[0.5733, 0.8453],[0.5238, 0.868],[0.3825, 0.7718],[0.5525, 0.8044],[0.5442, 0.8661],[0.5005, 0.888]
[0.3062, 1.0],[0.4747, 0.938],[0.5947, 0.8653],[0.7016, 0.8503],[0.7987, 0.8538],[0.4747, 0.6429],[0.6472, 0.6276],[0.7438, 0.6104],[0.8245, 0.5907],[0.4257, 0.6492],[0.6384, 0.706],[0.6185, 0.8046],[0.5729, 0.8388],[0.3965, 0.7003],[0.6005, 0.7587],[0.5738, 0.8448],[0.5248, 0.8675],[0.3829, 0.7735],[0.55, 0.8046],[0.5418, 0.8626],[0.4995, 0.882]
[0.3086, 1.0],[0.4752, 0.9358],[0.5942, 0.8653],[0.7025, 0.8514],[0.7992, 0.8538],[0.4777, 0.6423],[0.6477, 0.6262],[0.7438, 0.6087],[0.8245, 0.5891],[0.4276, 0.6475],[0.6365, 0.7066],[0.6224, 0.8052],[0.5801, 0.8407],[0.3975, 0.6997],[0.5981, 0.7585],[0.5758, 0.8462],[0.5282, 0.871],[0.3834, 0.7743],[0.5515, 0.8052],[0.5471, 0.8683],[0.5063, 0.8932]
[0.3062, 1.0],[0.4767, 0.9363],[0.5942, 0.8653],[0.7035, 0.8516],[0.8011, 0.8541],[0.4772, 0.6437],[0.6496, 0.6279],[0.7463, 0.609],[0.8269, 0.5882],[0.4271, 0.6494],[0.6389, 0.7082],[0.6209, 0.8079],[0.5748, 0.8443],[0.3965, 0.7016],[0.6001, 0.7585],[0.5753, 0.8483],[0.5253, 0.8743],[0.3825, 0.7765],[0.5534, 0.8063],[0.5461, 0.8702],[0.5024, 0.8953]
[0.3057, 1.0],[0.4757, 0.9377],[0.5942, 0.8645],[0.7021, 0.85],[0.7992, 0.8527],[0.4743, 0.6437],[0.6472, 0.6279],[0.7433, 0.6096],[0.8245, 0.5888],[0.4257, 0.6497],[0.6394, 0.7066],[0.6205, 0.8068],[0.5743, 0.8445],[0.3975, 0.7011],[0.603, 0.7568],[0.5777, 0.8467],[0.5287, 0.8738],[0.3849, 0.7754],[0.5559, 0.8046],[0.5486, 0.8675],[0.5063, 0.8926]
[0.3028, 1.0],[0.4752, 0.9366],[0.5937, 0.8653],[0.7016, 0.8508],[0.7977, 0.8524],[0.4718, 0.644],[0.6438, 0.6273],[0.7404, 0.6085],[0.8215, 0.5869],[0.4242, 0.6503],[0.6365, 0.7052],[0.62, 0.8038],[0.5763, 0.8402],[0.397, 0.7025],[0.601, 0.7555],[0.5797, 0.8434],[0.5321, 0.8702],[0.3854, 0.7776],[0.5534, 0.8035],[0.5505, 0.8636],[0.5102, 0.888]
[0.3038, 1.0],[0.4738, 0.9369],[0.5913, 0.8653],[0.6982, 0.8494],[0.7953, 0.8514],[0.4699, 0.641],[0.6404, 0.6281],[0.7356, 0.6096],[0.8157, 0.5888],[0.4223, 0.6475],[0.6326, 0.7066],[0.6151, 0.8063],[0.5714, 0.8423],[0.3951, 0.6992],[0.5976, 0.7546],[0.5743, 0.8432],[0.5257, 0.8705],[0.3834, 0.7738],[0.5505, 0.8052],[0.5432, 0.8675],[0.501, 0.8926]
[0.3077, 1.0],[0.4679, 0.9377],[0.5874, 0.8653],[0.6948, 0.8492],[0.7924, 0.8503],[0.4684, 0.6418],[0.6409, 0.6284],[0.7365, 0.6101],[0.8167, 0.5891],[0.4208, 0.6489],[0.6336, 0.7057],[0.6151, 0.8052],[0.5695, 0.8421],[0.3927, 0.7],[0.5962, 0.7596],[0.5685, 0.8453],[0.5194, 0.8697],[0.38, 0.7738],[0.5466, 0.8085],[0.5355, 0.8675],[0.4913, 0.8888]
[0.3096, 1.0],[0.4689, 0.9374],[0.5879, 0.8645],[0.6967, 0.8481],[0.7948, 0.8514],[0.4704, 0.6415],[0.6433, 0.6273],[0.7399, 0.6098],[0.8225, 0.5893],[0.4218, 0.6475],[0.6336, 0.7074],[0.6112, 0.8044],[0.5641, 0.8358],[0.3927, 0.6978],[0.5957, 0.7615],[0.5646, 0.8459],[0.5146, 0.8664],[0.3795, 0.7708],[0.5461, 0.8087],[0.534, 0.8669],[0.4898, 0.8858]
[0.3072, 1.0],[0.4645, 0.9363],[0.5855, 0.8623],[0.6948, 0.8467],[0.7934, 0.8514],[0.4699, 0.6418],[0.6433, 0.6262],[0.7404, 0.6087],[0.822, 0.588],[0.4208, 0.6489],[0.6331, 0.7085],[0.6112, 0.8049],[0.5641, 0.838],[0.3912, 0.7005],[0.5962, 0.7612],[0.5675, 0.8456],[0.518, 0.868],[0.3776, 0.7738],[0.5481, 0.8082],[0.5389, 0.8672],[0.4961, 0.8896]
[0.3057, 1.0],[0.4679, 0.935],[0.5869, 0.8626],[0.6943, 0.8462],[0.7934, 0.8481],[0.4704, 0.6393],[0.6418, 0.6257],[0.738, 0.6079],[0.8196, 0.5877],[0.4208, 0.6473],[0.6326, 0.7071],[0.6122, 0.8046],[0.5651, 0.8393],[0.3902, 0.7003],[0.5942, 0.7598],[0.5675, 0.8448],[0.5185, 0.8686],[0.3757, 0.7751],[0.5452, 0.8068],[0.5384, 0.8656],[0.4971, 0.8885]
[0.3067, 1.0],[0.4675, 0.9355],[0.5855, 0.8626],[0.6943, 0.8464],[0.7929, 0.8492],[0.4684, 0.6399],[0.6394, 0.6251],[0.7361, 0.6074],[0.8177, 0.5866],[0.4189, 0.6475],[0.6302, 0.7057],[0.6107, 0.8022],[0.5651, 0.8361],[0.3893, 0.7003],[0.5928, 0.7574],[0.5675, 0.8407],[0.5194, 0.8636],[0.3752, 0.7751],[0.5461, 0.8052],[0.5413, 0.862],[0.5005, 0.8839]
[0.3062, 1.0],[0.4713, 0.9328],[0.5884, 0.8623],[0.6953, 0.8462],[0.7939, 0.8489],[0.4689, 0.6388],[0.6404, 0.6246],[0.7375, 0.6071],[0.8196, 0.5866],[0.4203, 0.6467],[0.6321, 0.7057],[0.6107, 0.8011],[0.5627, 0.8333],[0.3907, 0.7],[0.5952, 0.7568],[0.5685, 0.841],[0.5199, 0.8636],[0.3761, 0.7754],[0.5447, 0.8041],[0.5379, 0.8598],[0.4976, 0.88]
[0.3047, 1.0],[0.4709, 0.935],[0.5889, 0.8626],[0.6972, 0.847],[0.7963, 0.8503],[0.4675, 0.6407],[0.6404, 0.6262],[0.7375, 0.6085],[0.8191, 0.5874],[0.4184, 0.6484],[0.6316, 0.7033],[0.6127, 0.7986],[0.5661, 0.83],[0.3893, 0.7014],[0.5947, 0.7552],[0.5695, 0.8399],[0.5204, 0.8617],[0.3771, 0.777],[0.5466, 0.8041],[0.5403, 0.862],[0.4985, 0.883]
[0.3067, 1.0],[0.4723, 0.9371],[0.5903, 0.8628],[0.6991, 0.8462],[0.7977, 0.8519],[0.4689, 0.6413],[0.6413, 0.6254],[0.7395, 0.6082],[0.8225, 0.588],[0.4208, 0.6484],[0.6341, 0.7049],[0.6112, 0.8005],[0.5622, 0.8314],[0.3922, 0.6997],[0.5981, 0.7568],[0.5699, 0.8418],[0.5194, 0.8631],[0.38, 0.7732],[0.55, 0.8065],[0.5418, 0.8658],[0.4985, 0.8863]
[0.3077, 1.0],[0.4713, 0.9358],[0.5889, 0.8631],[0.6972, 0.8475],[0.7968, 0.8524],[0.4709, 0.6399],[0.6443, 0.624],[0.7419, 0.6076],[0.8249, 0.5888],[0.4218, 0.6486],[0.636, 0.7044],[0.6141, 0.8003],[0.5665, 0.8336],[0.3927, 0.7022],[0.5996, 0.7563],[0.5729, 0.8412],[0.5243, 0.8658],[0.3795, 0.7779],[0.5505, 0.8055],[0.5457, 0.8626],[0.5053, 0.885]
[0.3067, 1.0],[0.4718, 0.9358],[0.5884, 0.8639],[0.6962, 0.8483],[0.7953, 0.8519],[0.4747, 0.6396],[0.6462, 0.624],[0.7433, 0.6076],[0.8259, 0.5882],[0.4252, 0.6478],[0.637, 0.7071],[0.6141, 0.8044],[0.5661, 0.8385],[0.3946, 0.7008],[0.5996, 0.7601],[0.5704, 0.8459],[0.5204, 0.8697],[0.3791, 0.7754],[0.551, 0.8076],[0.5398, 0.8661],[0.4951, 0.8874]
[0.3023, 1.0],[0.4704, 0.9371],[0.5894, 0.8628],[0.6996, 0.8473],[0.7987, 0.8535],[0.4738, 0.6402],[0.6467, 0.6257],[0.7429, 0.6085],[0.8254, 0.5877],[0.4237, 0.6489],[0.6375, 0.7101],[0.6098, 0.8063],[0.5607, 0.8388],[0.3922, 0.7025],[0.5991, 0.7623],[0.567, 0.8467],[0.5175, 0.8694],[0.3761, 0.7787],[0.5491, 0.8087],[0.5379, 0.8642],[0.4942, 0.8839]
[0.3043, 1.0],[0.4709, 0.936],[0.5899, 0.862],[0.7001, 0.8467],[0.7987, 0.8524],[0.4738, 0.6399],[0.6452, 0.6249],[0.7404, 0.6076],[0.8225, 0.5877],[0.4223, 0.6484],[0.635, 0.7096],[0.6122, 0.8065],[0.5646, 0.841],[0.3902, 0.7027],[0.5957, 0.7617],[0.568, 0.8467],[0.5199, 0.8716],[0.3737, 0.779],[0.5461, 0.8079],[0.5418, 0.8634],[0.501, 0.885]
[0.2984, 1.0],[0.4713, 0.936],[0.5879, 0.868],[0.6967, 0.8552],[0.7939, 0.8574],[0.4738, 0.6421],[0.6452, 0.6268],[0.7414, 0.6117],[0.8225, 0.5929],[0.4242, 0.6475],[0.6345, 0.7104],[0.6132, 0.8074],[0.567, 0.8391],[0.3931, 0.7016],[0.5947, 0.7631],[0.5661, 0.8516],[0.516, 0.8746],[0.3781, 0.7784],[0.5486, 0.8106],[0.5389, 0.8738],[0.4947, 0.8973]
[0.2994, 1.0],[0.4689, 0.9363],[0.5865, 0.8669],[0.6943, 0.853],[0.7929, 0.8544],[0.4699, 0.6434],[0.6413, 0.6287],[0.739, 0.6123],[0.8211, 0.5929],[0.4199, 0.6475],[0.6311, 0.7109],[0.6107, 0.8117],[0.5641, 0.8475],[0.3902, 0.6992],[0.5928, 0.7631],[0.5636, 0.8535],[0.5126, 0.8787],[0.3761, 0.7746],[0.5466, 0.8109],[0.5364, 0.877],[0.4913, 0.903]
[0.2999, 1.0],[0.4684, 0.9391],[0.5874, 0.8694],[0.6957, 0.8549],[0.7939, 0.8574],[0.4723, 0.6434],[0.6428, 0.63],[0.7409, 0.6158],[0.8235, 0.5989],[0.4223, 0.6489],[0.6321, 0.7142],[0.6107, 0.8128],[0.5631, 0.8462],[0.3917, 0.7011],[0.5937, 0.7661],[0.5651, 0.8533],[0.5136, 0.8765],[0.3776, 0.7751],[0.5461, 0.8128],[0.5359, 0.8762],[0.4913, 0.9]
[0.3057, 1.0],[0.4728, 0.9399],[0.5913, 0.8705],[0.6972, 0.8552],[0.7939, 0.8565],[0.4743, 0.6434],[0.6443, 0.6309],[0.7419, 0.6153],[0.8235, 0.5967],[0.4237, 0.6481],[0.6331, 0.7115],[0.6137, 0.8109],[0.567, 0.8462],[0.3931, 0.6997],[0.5947, 0.7642],[0.567, 0.8514],[0.5165, 0.8757],[0.3791, 0.774],[0.5471, 0.8126],[0.5379, 0.8762],[0.4942, 0.9011]
[0.2994, 1.0],[0.4704, 0.9377],[0.5899, 0.8694],[0.6957, 0.856],[0.7924, 0.8574],[0.4723, 0.6429],[0.6443, 0.6314],[0.7433, 0.6156],[0.8269, 0.5962],[0.4228, 0.6489],[0.6341, 0.7142],[0.6146, 0.8136],[0.5685, 0.8486],[0.3931, 0.7016],[0.5957, 0.7645],[0.569, 0.8522],[0.5189, 0.877],[0.3786, 0.7773],[0.5461, 0.812],[0.5369, 0.8743],[0.4932, 0.8981]
[0.3013, 1.0],[0.4704, 0.9382],[0.5899, 0.8683],[0.6962, 0.8544],[0.7939, 0.8555],[0.4704, 0.6443],[0.6428, 0.6306],[0.7409, 0.6147],[0.8245, 0.5962],[0.4223, 0.6492],[0.635, 0.7128],[0.6117, 0.8115],[0.5627, 0.8462],[0.3936, 0.7005],[0.5971, 0.7634],[0.567, 0.8527],[0.516, 0.8776],[0.381, 0.7754],[0.5491, 0.8123],[0.5374, 0.8773],[0.4922, 0.9024]
[0.3013, 1.0],[0.4679, 0.9385],[0.5884, 0.8688],[0.6957, 0.8546],[0.7934, 0.8557],[0.4713, 0.6451],[0.6433, 0.6295],[0.7414, 0.6145],[0.8245, 0.5967],[0.4228, 0.6489],[0.636, 0.7134],[0.6122, 0.8128],[0.5631, 0.8475],[0.3931, 0.6994],[0.5971, 0.7645],[0.5665, 0.8552],[0.5146, 0.8809],[0.3791, 0.7735],[0.5481, 0.8112],[0.5374, 0.8781],[0.4932, 0.9049]
[0.3004, 1.0],[0.4679, 0.9385],[0.5865, 0.8686],[0.6933, 0.8546],[0.7914, 0.8557],[0.4689, 0.6437],[0.6394, 0.6306],[0.7365, 0.6139],[0.8181, 0.5945],[0.4208, 0.6484],[0.6311, 0.7117],[0.6112, 0.812],[0.5651, 0.8478],[0.3927, 0.6989],[0.5947, 0.7612],[0.567, 0.8505],[0.5175, 0.877],[0.3805, 0.7727],[0.5476, 0.8087],[0.5379, 0.8735],[0.4947, 0.8992]
[0.2975, 1.0],[0.4631, 0.9382],[0.5821, 0.8686],[0.6899, 0.8541],[0.788, 0.8544],[0.4611, 0.6418],[0.636, 0.6306],[0.7336, 0.6145],[0.8162, 0.5948],[0.414, 0.6492],[0.6277, 0.7109],[0.6098, 0.8087],[0.5641, 0.8421],[0.3873, 0.7011],[0.5913, 0.7609],[0.5661, 0.8467],[0.517, 0.8705],[0.3757, 0.7754],[0.5432, 0.8096],[0.5345, 0.8697],[0.4913, 0.8921]
[0.2979, 1.0],[0.4616, 0.9382],[0.5806, 0.8672],[0.688, 0.8522],[0.7851, 0.8544],[0.4602, 0.6421],[0.6345, 0.6306],[0.7312, 0.6147],[0.8138, 0.5951],[0.4126, 0.6503],[0.6248, 0.7109],[0.6044, 0.8076],[0.5588, 0.8402],[0.3854, 0.7041],[0.5889, 0.7626],[0.5612, 0.8481],[0.5131, 0.8724],[0.3737, 0.78],[0.5418, 0.8117],[0.5321, 0.8718],[0.4893, 0.8956]
[0.295, 1.0],[0.4631, 0.9391],[0.5816, 0.8677],[0.688, 0.8527],[0.7846, 0.8555],[0.4616, 0.6426],[0.635, 0.6295],[0.7336, 0.6137],[0.8162, 0.5948],[0.414, 0.65],[0.6273, 0.709],[0.6049, 0.8065],[0.5573, 0.8385],[0.3863, 0.703],[0.5908, 0.7606],[0.5622, 0.8481],[0.5117, 0.8718],[0.3747, 0.7784],[0.5427, 0.8098],[0.5325, 0.8708],[0.4883, 0.8934]
[0.295, 1.0],[0.4602, 0.9391],[0.5801, 0.8669],[0.6885, 0.8524],[0.7866, 0.8555],[0.4641, 0.6434],[0.6375, 0.6303],[0.7346, 0.6134],[0.8157, 0.594],[0.415, 0.6497],[0.6258, 0.7087],[0.6069, 0.8074],[0.5612, 0.8423],[0.3849, 0.7011],[0.5879, 0.7626],[0.5597, 0.8492],[0.5102, 0.8732],[0.3713, 0.7751],[0.5403, 0.8096],[0.5311, 0.8713],[0.4883, 0.8951]
[0.296, 1.0],[0.4655, 0.9385],[0.5835, 0.8672],[0.6909, 0.8522],[0.7861, 0.8552],[0.4645, 0.6423],[0.6375, 0.6287],[0.7356, 0.6131],[0.8172, 0.5943],[0.416, 0.6486],[0.6263, 0.7076],[0.6064, 0.8055],[0.5597, 0.8388],[0.3878, 0.7005],[0.5908, 0.7606],[0.5641, 0.8489],[0.5146, 0.8724],[0.3752, 0.7757],[0.5432, 0.8098],[0.5345, 0.8721],[0.4917, 0.8948]
[0.2965, 1.0],[0.4641, 0.9391],[0.5835, 0.8669],[0.6919, 0.8519],[0.7875, 0.8541],[0.4641, 0.6423],[0.6375, 0.6298],[0.7341, 0.6139],[0.8152, 0.594],[0.415, 0.65],[0.6268, 0.7098],[0.6064, 0.8044],[0.5597, 0.8352],[0.3868, 0.7025],[0.5894, 0.7626],[0.5627, 0.8467],[0.5146, 0.8683],[0.3737, 0.7773],[0.5403, 0.8104],[0.533, 0.8686],[0.4917, 0.8893]
[0.295, 1.0],[0.465, 0.9374],[0.584, 0.8661],[0.6909, 0.8516],[0.7871, 0.8552],[0.4621, 0.6429],[0.6379, 0.6295],[0.7356, 0.615],[0.8181, 0.5964],[0.4155, 0.6508],[0.6297, 0.709],[0.6039, 0.8035],[0.5544, 0.8339],[0.3878, 0.7035],[0.5923, 0.7606],[0.5607, 0.8459],[0.5107, 0.868],[0.3757, 0.7792],[0.5413, 0.8074],[0.5301, 0.8645],[0.4864, 0.8847]
[0.296, 1.0],[0.465, 0.9396],[0.585, 0.8675],[0.6923, 0.853],[0.7885, 0.8574],[0.466, 0.6415],[0.6409, 0.6298],[0.7375, 0.6156],[0.8196, 0.5978],[0.4179, 0.6489],[0.6292, 0.709],[0.6035, 0.8044],[0.5549, 0.8347],[0.3893, 0.7003],[0.5913, 0.7601],[0.5602, 0.8448],[0.5102, 0.8653],[0.3761, 0.774],[0.5413, 0.8068],[0.5277, 0.8639],[0.4825, 0.8817]
[0.296, 1.0],[0.4636, 0.9374],[0.5831, 0.8667],[0.6914, 0.8527],[0.79, 0.8557],[0.4645, 0.6421],[0.6394, 0.6295],[0.7365, 0.6142],[0.8191, 0.5967],[0.4169, 0.6494],[0.6292, 0.7096],[0.6054, 0.8049],[0.5578, 0.8366],[0.3883, 0.7016],[0.5923, 0.7598],[0.5627, 0.8451],[0.5136, 0.8675],[0.3766, 0.7765],[0.5452, 0.8079],[0.535, 0.8661],[0.4917, 0.8866]
[0.3009, 1.0],[0.4655, 0.9374],[0.5845, 0.8677],[0.6914, 0.8541],[0.789, 0.8574],[0.4684, 0.6415],[0.6413, 0.6287],[0.738, 0.615],[0.8191, 0.5984],[0.4189, 0.6481],[0.6311, 0.7093],[0.6078, 0.8044],[0.5602, 0.8344],[0.3888, 0.6994],[0.5933, 0.7623],[0.5636, 0.8467],[0.5146, 0.8675],[0.3747, 0.7738],[0.5442, 0.8096],[0.534, 0.8688],[0.4908, 0.8888]
[0.3004, 1.0],[0.467, 0.9363],[0.586, 0.868],[0.6923, 0.8552],[0.7885, 0.8576],[0.4718, 0.6407],[0.6433, 0.6279],[0.7395, 0.6134],[0.8215, 0.5962],[0.4213, 0.6475],[0.6302, 0.7128],[0.6064, 0.8087],[0.5597, 0.8388],[0.3897, 0.7],[0.5918, 0.7647],[0.5617, 0.85],[0.5126, 0.8708],[0.3747, 0.7751],[0.5432, 0.8115],[0.5321, 0.8724],[0.4883, 0.8934]
[0.3009, 1.0],[0.467, 0.9374],[0.5865, 0.868],[0.6943, 0.8563],[0.7914, 0.8601],[0.4752, 0.6426],[0.6447, 0.6276],[0.7404, 0.6123],[0.8225, 0.5934],[0.4237, 0.6484],[0.6311, 0.715],[0.6069, 0.812],[0.5602, 0.8432],[0.3907, 0.7005],[0.5913, 0.7664],[0.5607, 0.8538],[0.5112, 0.8757],[0.3747, 0.7759],[0.5442, 0.8117],[0.534, 0.8768],[0.4913, 0.9019]
[0.3033, 1.0],[0.4699, 0.9391],[0.5889, 0.868],[0.6957, 0.8555],[0.7929, 0.8606],[0.4752, 0.6434],[0.6457, 0.6287],[0.7419, 0.6131],[0.8235, 0.594],[0.4247, 0.6497],[0.6326, 0.7126],[0.6088, 0.8106],[0.5622, 0.8437],[0.3927, 0.7016],[0.5942, 0.7645],[0.5636, 0.8519],[0.5141, 0.8751],[0.3771, 0.7759],[0.5471, 0.8109],[0.5379, 0.8751],[0.4951, 0.8994]
[0.3009, 1.0],[0.4679, 0.9377],[0.5869, 0.868],[0.6962, 0.8555],[0.7939, 0.8598],[0.4747, 0.6437],[0.6457, 0.6298],[0.7424, 0.6137],[0.8245, 0.5943],[0.4247, 0.6505],[0.6336, 0.7134],[0.6098, 0.8106],[0.5612, 0.8429],[0.3927, 0.7027],[0.5957, 0.7647],[0.5656, 0.8514],[0.5155, 0.8729],[0.3776, 0.7773],[0.5491, 0.812],[0.5389, 0.874],[0.4947, 0.8959]
[0.3033, 1.0],[0.467, 0.9391],[0.5874, 0.8686],[0.6982, 0.8571],[0.7968, 0.8636],[0.4752, 0.6434],[0.6467, 0.63],[0.7438, 0.6134],[0.8264, 0.5932],[0.4252, 0.6505],[0.636, 0.712],[0.6127, 0.8087],[0.5646, 0.8407],[0.3936, 0.7033],[0.5971, 0.7647],[0.569, 0.8505],[0.5204, 0.8721],[0.3786, 0.7784],[0.551, 0.8131],[0.5447, 0.8746],[0.5024, 0.8981]
[0.3023, 1.0],[0.4636, 0.9404],[0.584, 0.8702],[0.6948, 0.8585],[0.7943, 0.8606],[0.4767, 0.6443],[0.6472, 0.6311],[0.7448, 0.6142],[0.8274, 0.594],[0.4262, 0.6508],[0.6345, 0.7145],[0.6141, 0.812],[0.568, 0.8448],[0.3941, 0.7033],[0.5962, 0.7667],[0.569, 0.853],[0.5199, 0.8759],[0.3791, 0.7787],[0.551, 0.8158],[0.5447, 0.8795],[0.5024, 0.9046]
[0.2999, 1.0],[0.4689, 0.9396],[0.5894, 0.8702],[0.6991, 0.859],[0.7968, 0.8631],[0.4747, 0.6454],[0.6457, 0.6311],[0.7429, 0.6145],[0.8254, 0.5948],[0.4237, 0.6538],[0.6345, 0.7142],[0.6166, 0.8123],[0.5729, 0.8462],[0.3922, 0.7079],[0.5952, 0.7677],[0.5699, 0.8533],[0.5214, 0.8765],[0.3766, 0.7833],[0.5466, 0.8156],[0.5389, 0.8748],[0.4942, 0.897]
[0.3013, 1.0],[0.4684, 0.9399],[0.5899, 0.8691],[0.7006, 0.8576],[0.8011, 0.8634],[0.4772, 0.647],[0.6481, 0.632],[0.7458, 0.6147],[0.8283, 0.5948],[0.4262, 0.6549],[0.6389, 0.7139],[0.6161, 0.8104],[0.5685, 0.8432],[0.3941, 0.7079],[0.5986, 0.7705],[0.5675, 0.8552],[0.5165, 0.8768],[0.3776, 0.7828],[0.5476, 0.8175],[0.5369, 0.8768],[0.4913, 0.8981]
[0.3052, 1.0],[0.4694, 0.9385],[0.5908, 0.8694],[0.7021, 0.859],[0.8016, 0.8647],[0.4767, 0.6448],[0.6501, 0.63],[0.7487, 0.6137],[0.8327, 0.5943],[0.4262, 0.6544],[0.6409, 0.7137],[0.618, 0.809],[0.5709, 0.8402],[0.3941, 0.709],[0.5996, 0.7691],[0.5704, 0.8527],[0.5204, 0.8735],[0.3776, 0.7858],[0.5495, 0.8161],[0.5432, 0.8729],[0.499, 0.8934]
[0.3057, 1.0],[0.4704, 0.9388],[0.5913, 0.8688],[0.7025, 0.8601],[0.8026, 0.8677],[0.4825, 0.6432],[0.6545, 0.6306],[0.7516, 0.6156],[0.8347, 0.5967],[0.4315, 0.6525],[0.6428, 0.7158],[0.6209, 0.8115],[0.5767, 0.8423],[0.398, 0.7071],[0.602, 0.7699],[0.5743, 0.8541],[0.5253, 0.8754],[0.3805, 0.7841],[0.5539, 0.8158],[0.5491, 0.8746],[0.5063, 0.8967]
[0.3057, 1.0],[0.4699, 0.9418],[0.5908, 0.8699],[0.7025, 0.8596],[0.8036, 0.8672],[0.4825, 0.6445],[0.6554, 0.6317],[0.7521, 0.6167],[0.8351, 0.5975],[0.432, 0.6525],[0.6443, 0.7145],[0.619, 0.8106],[0.5714, 0.8412],[0.3995, 0.7052],[0.6044, 0.7697],[0.5714, 0.8544],[0.5199, 0.8743],[0.3829, 0.7803],[0.5563, 0.8167],[0.5466, 0.8762],[0.501, 0.8964]
[0.3067, 1.0],[0.4728, 0.941],[0.5933, 0.8702],[0.704, 0.8585],[0.8041, 0.865],[0.4825, 0.6432],[0.6554, 0.6317],[0.7521, 0.6169],[0.8342, 0.5975],[0.433, 0.6525],[0.6457, 0.715],[0.6195, 0.8098],[0.5699, 0.8393],[0.4009, 0.7057],[0.6059, 0.7699],[0.5729, 0.8522],[0.5219, 0.8716],[0.3844, 0.7811],[0.5559, 0.8167],[0.5461, 0.871],[0.5019, 0.8874]
[0.3067, 1.0],[0.4762, 0.9404],[0.5962, 0.8697],[0.7069, 0.8576],[0.806, 0.8631],[0.484, 0.644],[0.6559, 0.6314],[0.7526, 0.6161],[0.8351, 0.5975],[0.4344, 0.6522],[0.6472, 0.7131],[0.6214, 0.8082],[0.5724, 0.8391],[0.4029, 0.7046],[0.6083, 0.768],[0.5753, 0.8516],[0.5243, 0.8713],[0.3873, 0.7798],[0.5593, 0.8172],[0.5461, 0.8743],[0.5, 0.8915]
[0.3077, 1.0],[0.4767, 0.9388],[0.5971, 0.868],[0.7069, 0.8555],[0.806, 0.8604],[0.484, 0.6443],[0.6569, 0.63],[0.7535, 0.615],[0.8351, 0.5973],[0.432, 0.6522],[0.6457, 0.712],[0.6239, 0.8087],[0.5758, 0.8418],[0.399, 0.7049],[0.6059, 0.7675],[0.5767, 0.8511],[0.5257, 0.8716],[0.3825, 0.7795],[0.5559, 0.8169],[0.5471, 0.8746],[0.5034, 0.8934]
[0.3062, 1.0],[0.4723, 0.9371],[0.5928, 0.8683],[0.7035, 0.8563],[0.8036, 0.8609],[0.483, 0.6443],[0.6549, 0.6298],[0.7531, 0.615],[0.8361, 0.5975],[0.4325, 0.6511],[0.6452, 0.7126],[0.6214, 0.8079],[0.5729, 0.8385],[0.4009, 0.7035],[0.6059, 0.7675],[0.5753, 0.8514],[0.5243, 0.8721],[0.3854, 0.7784],[0.5588, 0.8156],[0.5515, 0.8768],[0.5097, 0.8992]
[0.3028, 1.0],[0.4699, 0.9369],[0.5918, 0.8672],[0.7011, 0.8555],[0.8002, 0.8612],[0.4772, 0.6415],[0.6515, 0.6306],[0.7487, 0.6158],[0.8308, 0.5975],[0.4262, 0.6508],[0.6394, 0.7126],[0.6171, 0.8085],[0.5699, 0.8393],[0.3946, 0.7044],[0.6001, 0.7645],[0.5724, 0.8473],[0.5228, 0.8686],[0.3795, 0.7792],[0.55, 0.8139],[0.5432, 0.8702],[0.5015, 0.8896]
[0.3004, 1.0],[0.4675, 0.9371],[0.5879, 0.8694],[0.6977, 0.8568],[0.7973, 0.8617],[0.4733, 0.644],[0.6491, 0.6311],[0.7467, 0.6169],[0.8288, 0.5981],[0.4252, 0.6516],[0.6389, 0.7115],[0.6137, 0.8046],[0.5631, 0.832],[0.3956, 0.7049],[0.601, 0.7639],[0.5719, 0.8459],[0.5204, 0.8645],[0.3825, 0.78],[0.5539, 0.8134],[0.5452, 0.871],[0.5015, 0.8902]
[0.3081, 1.0],[0.4723, 0.9401],[0.5918, 0.8694],[0.7016, 0.8563],[0.7992, 0.862],[0.4825, 0.6434],[0.6525, 0.6311],[0.7501, 0.6172],[0.8337, 0.6003],[0.433, 0.65],[0.6413, 0.7115],[0.618, 0.8068],[0.5709, 0.8374],[0.4014, 0.7014],[0.6025, 0.7647],[0.5738, 0.8467],[0.5243, 0.8658],[0.3854, 0.7751],[0.552, 0.8134],[0.5413, 0.8686],[0.4966, 0.8841]
[0.3072, 1.0],[0.4718, 0.9344],[0.5928, 0.8661],[0.7016, 0.8565],[0.7992, 0.8631],[0.4845, 0.641],[0.653, 0.6284],[0.7497, 0.6156],[0.8327, 0.5997],[0.4354, 0.6478],[0.6438, 0.7128],[0.6195, 0.809],[0.5724, 0.8415],[0.4038, 0.7003],[0.6054, 0.7653],[0.5743, 0.8497],[0.5253, 0.8713],[0.3878, 0.7757],[0.5588, 0.8139],[0.55, 0.8748],[0.5083, 0.8967]
[0.3062, 1.0],[0.4723, 0.936],[0.5933, 0.868],[0.7021, 0.8568],[0.7992, 0.8609],[0.4835, 0.6423],[0.6535, 0.6303],[0.7497, 0.6161],[0.8317, 0.5978],[0.4339, 0.6478],[0.6428, 0.7128],[0.6185, 0.8106],[0.5714, 0.8432],[0.4024, 0.6994],[0.6044, 0.7653],[0.5733, 0.8514],[0.5238, 0.8735],[0.3873, 0.7738],[0.5578, 0.8134],[0.5461, 0.8757],[0.5015, 0.8983]
[0.3057, 1.0],[0.4723, 0.9363],[0.5933, 0.8667],[0.7021, 0.8552],[0.7997, 0.8617],[0.4815, 0.6415],[0.6525, 0.6303],[0.7492, 0.6153],[0.8313, 0.597],[0.4315, 0.6484],[0.6428, 0.7104],[0.619, 0.809],[0.5724, 0.8443],[0.3999, 0.6997],[0.6035, 0.7647],[0.5714, 0.8492],[0.5214, 0.8713],[0.3839, 0.7735],[0.5544, 0.8117],[0.5432, 0.8691],[0.4995, 0.888]
[0.3043, 1.0],[0.4718, 0.9371],[0.5942, 0.8669],[0.7035, 0.8549],[0.8011, 0.8609],[0.4811, 0.6413],[0.653, 0.632],[0.7497, 0.6167],[0.8322, 0.5973],[0.431, 0.6503],[0.6418, 0.7134],[0.6166, 0.8085],[0.5695, 0.8399],[0.399, 0.7035],[0.6015, 0.7672],[0.5699, 0.8492],[0.5204, 0.8697],[0.3825, 0.779],[0.55, 0.8136],[0.5403, 0.8664],[0.4976, 0.8822]
[0.3072, 1.0],[0.4723, 0.9374],[0.5942, 0.8675],[0.704, 0.8555],[0.8016, 0.862],[0.4811, 0.6418],[0.652, 0.6292],[0.7492, 0.6137],[0.8317, 0.5948],[0.4305, 0.6489],[0.6433, 0.709],[0.6185, 0.8049],[0.569, 0.8369],[0.399, 0.7016],[0.6035, 0.7628],[0.5738, 0.847],[0.5233, 0.868],[0.3825, 0.7773],[0.5539, 0.812],[0.5466, 0.8697],[0.5034, 0.8896]
[0.3033, 1.0],[0.4733, 0.9341],[0.5947, 0.8645],[0.705, 0.8552],[0.8036, 0.8631],[0.482, 0.6415],[0.6545, 0.6309],[0.7521, 0.6156],[0.8351, 0.5962],[0.4315, 0.65],[0.6433, 0.7139],[0.6185, 0.8087],[0.5704, 0.8396],[0.3995, 0.7035],[0.6049, 0.7664],[0.5743, 0.8511],[0.5243, 0.8727],[0.3834, 0.7798],[0.5549, 0.8128],[0.5481, 0.8721],[0.5068, 0.8948]
[0.3096, 1.0],[0.4733, 0.9374],[0.5947, 0.8672],[0.705, 0.8555],[0.8036, 0.8617],[0.4825, 0.6421],[0.654, 0.6298],[0.7511, 0.6145],[0.8337, 0.5962],[0.431, 0.6486],[0.6438, 0.7112],[0.6219, 0.8074],[0.5748, 0.8399],[0.399, 0.7016],[0.6039, 0.7656],[0.5767, 0.8503],[0.5277, 0.8721],[0.3829, 0.777],[0.5554, 0.8126],[0.5505, 0.8721],[0.5092, 0.8945]
[0.3091, 1.0],[0.4728, 0.9358],[0.5942, 0.8675],[0.7035, 0.8563],[0.8011, 0.8606],[0.4849, 0.6421],[0.6554, 0.6295],[0.7526, 0.6142],[0.8347, 0.5948],[0.4335, 0.6484],[0.6418, 0.7145],[0.6205, 0.8096],[0.5743, 0.8407],[0.4004, 0.7016],[0.603, 0.7677],[0.5743, 0.8524],[0.5248, 0.8757],[0.3844, 0.7773],[0.5573, 0.8139],[0.551, 0.8765],[0.5102, 0.9024]
[0.3062, 1.0],[0.4738, 0.9358],[0.5933, 0.8672],[0.7025, 0.8563],[0.8011, 0.8615],[0.4825, 0.6437],[0.6549, 0.6311],[0.7516, 0.6145],[0.8337, 0.5934],[0.431, 0.6505],[0.6418, 0.7131],[0.6224, 0.8101],[0.5772, 0.8426],[0.399, 0.7041],[0.603, 0.7667],[0.5767, 0.8522],[0.5272, 0.874],[0.3834, 0.7795],[0.5554, 0.8142],[0.5476, 0.8757],[0.5039, 0.8983]
[0.3067, 1.0],[0.4747, 0.938],[0.5942, 0.8675],[0.704, 0.856],[0.8016, 0.862],[0.4825, 0.6434],[0.654, 0.6298],[0.7511, 0.6134],[0.8337, 0.5937],[0.4315, 0.6497],[0.6428, 0.7115],[0.6209, 0.8079],[0.5733, 0.8407],[0.3995, 0.7025],[0.6044, 0.7667],[0.5758, 0.8524],[0.5248, 0.8735],[0.3839, 0.7779],[0.5568, 0.8153],[0.5481, 0.8768],[0.5039, 0.8983]
[0.3057, 1.0],[0.4757, 0.9377],[0.5947, 0.8677],[0.704, 0.856],[0.8016, 0.862],[0.483, 0.6426],[0.6545, 0.6284],[0.7526, 0.6128],[0.8361, 0.594],[0.4335, 0.6489],[0.6443, 0.7128],[0.6209, 0.809],[0.5733, 0.8402],[0.4024, 0.7011],[0.6064, 0.7677],[0.5758, 0.8535],[0.5253, 0.8738],[0.3873, 0.7765],[0.5593, 0.8153],[0.55, 0.8768],[0.5073, 0.8978]
[0.3043, 1.0],[0.4786, 0.9366],[0.5962, 0.868],[0.705, 0.856],[0.8026, 0.8612],[0.4845, 0.6426],[0.6559, 0.6287],[0.7535, 0.6131],[0.8371, 0.5937],[0.4354, 0.6486],[0.6452, 0.7115],[0.6229, 0.8079],[0.5767, 0.8391],[0.4048, 0.7008],[0.6078, 0.7653],[0.5787, 0.8511],[0.5291, 0.8708],[0.3902, 0.7762],[0.5597, 0.8131],[0.55, 0.8727],[0.5073, 0.8918]
[0.3101, 1.0],[0.4738, 0.938],[0.5947, 0.8683],[0.7035, 0.8565],[0.8016, 0.8598],[0.483, 0.6445],[0.6549, 0.629],[0.7521, 0.6137],[0.8347, 0.5951],[0.4325, 0.6497],[0.6447, 0.7115],[0.6239, 0.8076],[0.5787, 0.8377],[0.4014, 0.7008],[0.6039, 0.7647],[0.5753, 0.8508],[0.5262, 0.8724],[0.3868, 0.7751],[0.5563, 0.8106],[0.5491, 0.874],[0.5058, 0.8978]
[0.3081, 1.0],[0.4733, 0.9371],[0.5937, 0.8686],[0.7021, 0.8582],[0.7992, 0.8626],[0.484, 0.6445],[0.6549, 0.6284],[0.7526, 0.6142],[0.8356, 0.5964],[0.4349, 0.6505],[0.6438, 0.7126],[0.6209, 0.8046],[0.5738, 0.8303],[0.4038, 0.7022],[0.6054, 0.7645],[0.5758, 0.8481],[0.5262, 0.8672],[0.3893, 0.7765],[0.5583, 0.8112],[0.55, 0.8718],[0.5063, 0.8937]
[0.3101, 1.0],[0.4747, 0.9369],[0.5952, 0.8683],[0.7045, 0.8579],[0.8021, 0.8631],[0.4815, 0.6437],[0.6545, 0.6309],[0.7511, 0.6161],[0.8342, 0.5964],[0.4315, 0.6514],[0.6438, 0.7131],[0.6195, 0.806],[0.5729, 0.8317],[0.4009, 0.7046],[0.6044, 0.7661],[0.5743, 0.8494],[0.5238, 0.8675],[0.3859, 0.7798],[0.5554, 0.8147],[0.5437, 0.874],[0.4971, 0.8934]
[0.3096, 1.0],[0.4747, 0.9363],[0.5947, 0.8697],[0.703, 0.859],[0.7997, 0.8626],[0.4835, 0.6429],[0.6535, 0.6295],[0.7506, 0.6161],[0.8337, 0.5981],[0.433, 0.6492],[0.6443, 0.712],[0.6214, 0.8057],[0.5753, 0.833],[0.4009, 0.7022],[0.6039, 0.7658],[0.5753, 0.8505],[0.5257, 0.8697],[0.3859, 0.7781],[0.5559, 0.8147],[0.5452, 0.8768],[0.5, 0.8981]
[0.3067, 1.0],[0.4743, 0.9374],[0.5937, 0.8697],[0.703, 0.8587],[0.8016, 0.8639],[0.4835, 0.6423],[0.6559, 0.6314],[0.754, 0.6169],[0.8371, 0.5978],[0.4349, 0.6494],[0.6467, 0.7106],[0.6224, 0.8044],[0.5743, 0.8317],[0.4038, 0.7025],[0.6064, 0.765],[0.5753, 0.8494],[0.5243, 0.8667],[0.3893, 0.7784],[0.5573, 0.8145],[0.5452, 0.8748],[0.4995, 0.8932]
[0.3067, 1.0],[0.4777, 0.9369],[0.5971, 0.8691],[0.7059, 0.8579],[0.8041, 0.865],[0.4864, 0.6443],[0.6564, 0.6306],[0.7535, 0.6153],[0.8361, 0.5964],[0.4354, 0.6505],[0.6467, 0.7104],[0.6248, 0.8082],[0.5767, 0.8415],[0.4029, 0.703],[0.6064, 0.7661],[0.5772, 0.8538],[0.5262, 0.8757],[0.3868, 0.7784],[0.5583, 0.815],[0.55, 0.8789],[0.5063, 0.9022]