[0.4642, 0.9056],[0.4317, 0.8764],[0.4217, 0.8097],[0.4393, 0.7609],[0.4571, 0.7348],[0.4254, 0.7757],[0.4265, 0.7202],[0.4333, 0.7437],[0.4358, 0.7786],[0.4473, 0.7757],[0.4508, 0.707],[0.4515, 0.7366],[0.4489, 0.776],[0.4663, 0.7863],[0.4683, 0.7535],[0.464, 0.8021],[0.4598, 0.8395],[0.4856, 0.8053],[0.4831, 0.7762],[0.4796, 0.8104],[0.4769, 0.8382]
[0.4619, 0.9164],[0.4317, 0.882],[0.4218, 0.8194],[0.4393, 0.7685],[0.4566, 0.7367],[0.4262, 0.7788],[0.4257, 0.7173],[0.4324, 0.737],[0.4351, 0.7738],[0.4476, 0.779],[0.4516, 0.7085],[0.453, 0.7344],[0.4515, 0.7749],[0.4669, 0.791],[0.4691, 0.7584],[0.4643, 0.8049],[0.4591, 0.843],[0.4853, 0.8092],[0.4841, 0.7786],[0.4807, 0.8098],[0.477, 0.8374]
[0.4622, 0.9191],[0.4312, 0.8839],[0.4211, 0.8206],[0.4379, 0.7678],[0.4552, 0.7354],[0.4261, 0.7801],[0.4253, 0.717],[0.432, 0.7371],[0.4355, 0.7734],[0.4473, 0.7801],[0.452, 0.707],[0.4527, 0.7351],[0.4507, 0.7767],[0.4664, 0.7916],[0.4692, 0.7579],[0.4638, 0.806],[0.4583, 0.8447],[0.4847, 0.8094],[0.4834, 0.7785],[0.4798, 0.8111],[0.4764, 0.8393]
[0.4621, 0.9199],[0.4311, 0.881],[0.4215, 0.8197],[0.4384, 0.7681],[0.4552, 0.7353],[0.4264, 0.7796],[0.4262, 0.7157],[0.4334, 0.7349],[0.4366, 0.772],[0.4477, 0.7808],[0.4529, 0.708],[0.454, 0.7348],[0.4518, 0.7767],[0.4668, 0.793],[0.4696, 0.7577],[0.4642, 0.8044],[0.4583, 0.844],[0.4849, 0.8111],[0.484, 0.7791],[0.4798, 0.811],[0.4757, 0.8402]
[0.4614, 0.9191],[0.4295, 0.8792],[0.42, 0.8157],[0.4369, 0.7656],[0.4534, 0.7351],[0.4262, 0.7783],[0.4258, 0.7151],[0.4327, 0.7355],[0.4358, 0.7722],[0.4474, 0.7799],[0.4527, 0.7076],[0.4539, 0.7362],[0.4514, 0.7785],[0.4664, 0.7926],[0.4698, 0.7571],[0.4643, 0.8035],[0.4581, 0.8426],[0.4845, 0.8113],[0.484, 0.7797],[0.4796, 0.8116],[0.4754, 0.8406]
[0.4614, 0.9199],[0.4293, 0.8803],[0.4188, 0.8152],[0.4346, 0.764],[0.4523, 0.7341],[0.425, 0.778],[0.4244, 0.7142],[0.4318, 0.7337],[0.4349, 0.7706],[0.4461, 0.7794],[0.4518, 0.7073],[0.4538, 0.7363],[0.4516, 0.7791],[0.465, 0.7921],[0.4691, 0.7575],[0.4643, 0.8037],[0.4585, 0.8427],[0.4832, 0.811],[0.4834, 0.7798],[0.4798, 0.8115],[0.476, 0.8405]
[0.4634, 0.9221],[0.4316, 0.8833],[0.421, 0.8194],[0.4368, 0.7667],[0.4545, 0.734],[0.4273, 0.7806],[0.4262, 0.7155],[0.4331, 0.7338],[0.4357, 0.7716],[0.4483, 0.7821],[0.4525, 0.7086],[0.4545, 0.7349],[0.4524, 0.7768],[0.4675, 0.7946],[0.4691, 0.7592],[0.4647, 0.8043],[0.4594, 0.8432],[0.486, 0.813],[0.4846, 0.7789],[0.4815, 0.8087],[0.4783, 0.8378]
[0.4647, 0.925],[0.4331, 0.8851],[0.4229, 0.822],[0.4387, 0.7682],[0.4546, 0.7331],[0.4289, 0.7816],[0.4281, 0.7164],[0.4354, 0.7354],[0.4388, 0.7721],[0.4501, 0.7829],[0.455, 0.7088],[0.457, 0.7356],[0.4553, 0.7776],[0.4693, 0.795],[0.4721, 0.7593],[0.4676, 0.8054],[0.4622, 0.8453],[0.4876, 0.8129],[0.4874, 0.7788],[0.4842, 0.8098],[0.4809, 0.8397]
[0.465, 0.9248],[0.4349, 0.8836],[0.4259, 0.8197],[0.4433, 0.7689],[0.4594, 0.7355],[0.4292, 0.7803],[0.4286, 0.7156],[0.4353, 0.7387],[0.439, 0.7749],[0.4507, 0.7812],[0.4565, 0.7075],[0.4565, 0.7372],[0.4543, 0.7777],[0.4704, 0.7934],[0.4729, 0.7576],[0.4671, 0.8052],[0.4619, 0.8424],[0.489, 0.8122],[0.4872, 0.7799],[0.4824, 0.8131],[0.4794, 0.8417]
[0.465, 0.9253],[0.4368, 0.8838],[0.4286, 0.821],[0.445, 0.7694],[0.4593, 0.7337],[0.4289, 0.7806],[0.4288, 0.7165],[0.4361, 0.7386],[0.4397, 0.7757],[0.4506, 0.7814],[0.456, 0.7062],[0.4565, 0.7349],[0.4543, 0.7768],[0.4706, 0.7941],[0.4737, 0.7596],[0.4688, 0.8074],[0.4631, 0.8445],[0.4888, 0.8135],[0.4878, 0.7806],[0.4846, 0.8136],[0.4818, 0.8418]
[0.4647, 0.9219],[0.4351, 0.8785],[0.4275, 0.8162],[0.4449, 0.7674],[0.46, 0.7347],[0.4299, 0.7768],[0.4302, 0.7156],[0.4364, 0.7383],[0.4396, 0.7739],[0.4517, 0.7782],[0.4573, 0.7048],[0.457, 0.7346],[0.4546, 0.7768],[0.4719, 0.7908],[0.4742, 0.7583],[0.4687, 0.8066],[0.4635, 0.844],[0.4903, 0.8105],[0.4878, 0.7808],[0.4836, 0.8154],[0.4809, 0.8436]
[0.4657, 0.9216],[0.4363, 0.8779],[0.4293, 0.8146],[0.4468, 0.7651],[0.4616, 0.732],[0.4294, 0.7766],[0.4297, 0.7154],[0.4372, 0.7369],[0.4407, 0.7732],[0.4511, 0.7782],[0.4565, 0.7055],[0.4573, 0.7348],[0.4553, 0.777],[0.4711, 0.7913],[0.4746, 0.7585],[0.4695, 0.8058],[0.4637, 0.843],[0.4891, 0.8112],[0.4887, 0.7801],[0.4849, 0.8138],[0.4813, 0.8432]
[0.4663, 0.9203],[0.4353, 0.878],[0.4259, 0.8169],[0.4422, 0.7673],[0.4601, 0.736],[0.4304, 0.7783],[0.4303, 0.7169],[0.437, 0.7357],[0.4401, 0.7716],[0.4517, 0.7796],[0.4569, 0.7067],[0.4573, 0.7339],[0.4549, 0.7759],[0.4713, 0.7923],[0.4739, 0.7602],[0.4684, 0.8067],[0.4626, 0.8441],[0.4894, 0.8115],[0.4876, 0.7812],[0.4836, 0.8123],[0.4798, 0.8403]
[0.4652, 0.9212],[0.4345, 0.8794],[0.4258, 0.8187],[0.4435, 0.7684],[0.4603, 0.7364],[0.4309, 0.7791],[0.43, 0.7163],[0.4366, 0.7367],[0.44, 0.772],[0.4519, 0.7811],[0.4572, 0.7076],[0.4581, 0.7351],[0.4563, 0.7759],[0.4711, 0.7941],[0.474, 0.7596],[0.4683, 0.8064],[0.4627, 0.845],[0.4895, 0.8137],[0.4882, 0.78],[0.4837, 0.8128],[0.4801, 0.8428]
[0.4654, 0.9202],[0.4343, 0.8777],[0.4254, 0.8167],[0.4426, 0.7662],[0.4595, 0.7329],[0.4304, 0.7777],[0.43, 0.7165],[0.4368, 0.7393],[0.4402, 0.775],[0.4516, 0.7794],[0.4563, 0.7062],[0.4565, 0.7348],[0.4546, 0.7768],[0.471, 0.7922],[0.4733, 0.7579],[0.4676, 0.8056],[0.4622, 0.8443],[0.4895, 0.8119],[0.4871, 0.7793],[0.4829, 0.8136],[0.4799, 0.8438]
[0.466, 0.9231],[0.4355, 0.8828],[0.4254, 0.8207],[0.4408, 0.7679],[0.4565, 0.7321],[0.4296, 0.7788],[0.4293, 0.7164],[0.4366, 0.7385],[0.4402, 0.7749],[0.4509, 0.7803],[0.456, 0.7068],[0.4568, 0.7353],[0.4549, 0.7772],[0.4706, 0.7931],[0.473, 0.7593],[0.4679, 0.8068],[0.4629, 0.8445],[0.4888, 0.813],[0.4871, 0.7794],[0.4833, 0.8131],[0.4804, 0.8427]
[0.4656, 0.9237],[0.4359, 0.8836],[0.4265, 0.8218],[0.4432, 0.7694],[0.4591, 0.734],[0.4294, 0.7804],[0.4292, 0.7161],[0.4369, 0.737],[0.4402, 0.7735],[0.4508, 0.7814],[0.4554, 0.7073],[0.4576, 0.7356],[0.4562, 0.7773],[0.4706, 0.7934],[0.4733, 0.759],[0.4691, 0.8073],[0.4634, 0.846],[0.4887, 0.8119],[0.4877, 0.7788],[0.4844, 0.813],[0.4811, 0.8432]
[0.4662, 0.924],[0.4356, 0.8841],[0.4258, 0.8199],[0.4427, 0.7667],[0.4588, 0.7315],[0.4297, 0.7796],[0.429, 0.7161],[0.4365, 0.7401],[0.44, 0.7759],[0.451, 0.7806],[0.455, 0.7065],[0.4564, 0.7383],[0.4547, 0.7803],[0.4706, 0.7927],[0.4733, 0.7579],[0.4685, 0.8073],[0.463, 0.8455],[0.4888, 0.8115],[0.4878, 0.7791],[0.484, 0.8131],[0.4809, 0.842]
[0.4663, 0.9242],[0.4353, 0.8836],[0.4259, 0.8194],[0.4432, 0.7679],[0.4599, 0.7344],[0.4297, 0.7793],[0.4287, 0.716],[0.4358, 0.7377],[0.4394, 0.7737],[0.4509, 0.7805],[0.4557, 0.7075],[0.4568, 0.7377],[0.4547, 0.78],[0.4704, 0.7927],[0.4734, 0.7585],[0.468, 0.8071],[0.4621, 0.8461],[0.4886, 0.8115],[0.4879, 0.7792],[0.4837, 0.8126],[0.48, 0.8421]
[0.4664, 0.9223],[0.4351, 0.8824],[0.4258, 0.8191],[0.4426, 0.7674],[0.4591, 0.7337],[0.4301, 0.7784],[0.4292, 0.7159],[0.4366, 0.7385],[0.4401, 0.7742],[0.4511, 0.7799],[0.4556, 0.7072],[0.457, 0.7375],[0.4552, 0.7791],[0.4707, 0.7921],[0.4739, 0.7593],[0.4685, 0.8075],[0.4623, 0.8457],[0.4886, 0.811],[0.488, 0.7799],[0.4838, 0.8133],[0.4796, 0.8424]
[0.4663, 0.9226],[0.4354, 0.8823],[0.4259, 0.8198],[0.4434, 0.7681],[0.4595, 0.7346],[0.4299, 0.7788],[0.4292, 0.7163],[0.4365, 0.7385],[0.44, 0.7737],[0.451, 0.7801],[0.4557, 0.7077],[0.4571, 0.7383],[0.4554, 0.7801],[0.4704, 0.7923],[0.4735, 0.7591],[0.4685, 0.8072],[0.4629, 0.8456],[0.4886, 0.8108],[0.4879, 0.7794],[0.4841, 0.8125],[0.4807, 0.8413]
[0.4668, 0.9226],[0.4359, 0.8849],[0.425, 0.8242],[0.4388, 0.7697],[0.4532, 0.7328],[0.429, 0.779],[0.4288, 0.7165],[0.4365, 0.7379],[0.44, 0.7731],[0.4502, 0.7805],[0.4548, 0.7072],[0.4566, 0.7368],[0.4553, 0.7781],[0.4696, 0.7927],[0.4729, 0.7594],[0.4681, 0.8071],[0.4626, 0.8447],[0.4879, 0.8113],[0.4872, 0.7806],[0.4833, 0.8145],[0.4794, 0.8437]
[0.4652, 0.9222],[0.4342, 0.8843],[0.4234, 0.8237],[0.4376, 0.7706],[0.4524, 0.7348],[0.4289, 0.7792],[0.4285, 0.7161],[0.4359, 0.7352],[0.4394, 0.7702],[0.4497, 0.7811],[0.4555, 0.7086],[0.4572, 0.7347],[0.4556, 0.7746],[0.4689, 0.7936],[0.4726, 0.7596],[0.4676, 0.8061],[0.4618, 0.8442],[0.487, 0.8129],[0.4872, 0.7798],[0.4831, 0.8119],[0.479, 0.8414]
[0.4646, 0.9214],[0.4338, 0.8838],[0.4239, 0.8215],[0.4405, 0.7698],[0.4568, 0.7362],[0.4279, 0.7797],[0.4275, 0.7168],[0.4353, 0.7376],[0.4387, 0.7731],[0.4492, 0.7804],[0.4543, 0.7073],[0.4562, 0.7357],[0.4542, 0.777],[0.4685, 0.792],[0.4718, 0.7593],[0.4672, 0.8068],[0.4616, 0.8455],[0.4865, 0.8103],[0.4864, 0.7778],[0.4834, 0.81],[0.4802, 0.8389]
[0.4635, 0.9216],[0.4325, 0.8817],[0.4223, 0.8185],[0.4377, 0.767],[0.4547, 0.7347],[0.4267, 0.7778],[0.4267, 0.7164],[0.4342, 0.739],[0.4374, 0.7752],[0.448, 0.7788],[0.4527, 0.7067],[0.454, 0.7362],[0.4518, 0.7778],[0.4677, 0.7905],[0.4706, 0.757],[0.4657, 0.8044],[0.4601, 0.8425],[0.4859, 0.8096],[0.4852, 0.7775],[0.4811, 0.8094],[0.4769, 0.838]
[0.4639, 0.9224],[0.4333, 0.8832],[0.4236, 0.819],[0.4403, 0.7678],[0.4577, 0.7355],[0.4262, 0.7784],[0.4256, 0.7163],[0.4324, 0.7387],[0.4358, 0.775],[0.4477, 0.78],[0.4526, 0.7083],[0.4535, 0.7379],[0.4518, 0.7796],[0.4676, 0.7927],[0.4704, 0.7589],[0.465, 0.8051],[0.4593, 0.8425],[0.4855, 0.8123],[0.4848, 0.7798],[0.4802, 0.812],[0.4761, 0.8409]
[0.4627, 0.9223],[0.4313, 0.8819],[0.4216, 0.8176],[0.439, 0.7671],[0.4571, 0.7356],[0.4261, 0.7773],[0.4255, 0.7167],[0.4325, 0.7408],[0.4362, 0.7766],[0.4476, 0.7785],[0.4518, 0.7068],[0.4524, 0.7369],[0.4507, 0.7783],[0.4676, 0.791],[0.4695, 0.7582],[0.4639, 0.8058],[0.4584, 0.8435],[0.486, 0.8108],[0.4833, 0.7805],[0.4784, 0.8133],[0.4747, 0.8419]
[0.4632, 0.9231],[0.4322, 0.8823],[0.4226, 0.8181],[0.4399, 0.7665],[0.4575, 0.7338],[0.4255, 0.7794],[0.4251, 0.7162],[0.4323, 0.737],[0.4356, 0.773],[0.4469, 0.7806],[0.4512, 0.7068],[0.4527, 0.7344],[0.4515, 0.7763],[0.4666, 0.7924],[0.4692, 0.7586],[0.4645, 0.8061],[0.4591, 0.8455],[0.4846, 0.8106],[0.4832, 0.7792],[0.4793, 0.8125],[0.4758, 0.8426]
[0.4631, 0.9232],[0.4323, 0.8835],[0.4224, 0.8195],[0.4396, 0.7671],[0.4571, 0.7331],[0.4255, 0.779],[0.4253, 0.716],[0.4323, 0.7374],[0.4358, 0.774],[0.4471, 0.7803],[0.4515, 0.7075],[0.4531, 0.7352],[0.4518, 0.7768],[0.467, 0.7923],[0.4698, 0.7592],[0.4648, 0.8066],[0.4592, 0.8458],[0.485, 0.8107],[0.4838, 0.7796],[0.48, 0.8122],[0.4764, 0.8416]
[0.4635, 0.9238],[0.4335, 0.8847],[0.4243, 0.8211],[0.4415, 0.7671],[0.4577, 0.7311],[0.4259, 0.7788],[0.4259, 0.7159],[0.4331, 0.7391],[0.4364, 0.7755],[0.4474, 0.7801],[0.4514, 0.7071],[0.4531, 0.7367],[0.4519, 0.7785],[0.4672, 0.7919],[0.4696, 0.7589],[0.4653, 0.8069],[0.4599, 0.8458],[0.485, 0.81],[0.484, 0.7781],[0.4806, 0.8119],[0.4773, 0.8418]
[0.4642, 0.9224],[0.4341, 0.8829],[0.4242, 0.8207],[0.4401, 0.767],[0.4561, 0.7309],[0.4266, 0.7786],[0.4257, 0.7159],[0.4331, 0.7377],[0.4366, 0.7737],[0.4477, 0.7805],[0.4511, 0.7072],[0.4531, 0.7356],[0.4519, 0.7768],[0.4672, 0.7931],[0.4699, 0.7593],[0.4652, 0.8062],[0.4593, 0.8445],[0.485, 0.8125],[0.4842, 0.78],[0.4801, 0.813],[0.4757, 0.8434]
[0.4635, 0.9224],[0.4336, 0.8818],[0.4244, 0.8197],[0.4414, 0.7674],[0.4584, 0.7331],[0.4272, 0.7786],[0.4261, 0.7163],[0.4331, 0.7375],[0.4365, 0.7747],[0.4486, 0.7808],[0.4519, 0.7077],[0.4535, 0.7359],[0.4524, 0.7784],[0.4684, 0.7941],[0.4707, 0.7606],[0.4657, 0.8075],[0.4599, 0.8463],[0.4863, 0.8139],[0.485, 0.7815],[0.4808, 0.8144],[0.4768, 0.8442]
[0.4642, 0.9231],[0.434, 0.8851],[0.4235, 0.8222],[0.4386, 0.7682],[0.4547, 0.7325],[0.4269, 0.7807],[0.4256, 0.7172],[0.4328, 0.7378],[0.4362, 0.7738],[0.4479, 0.7811],[0.4512, 0.7064],[0.4524, 0.734],[0.451, 0.7759],[0.4672, 0.793],[0.4699, 0.7602],[0.4654, 0.8072],[0.4603, 0.8455],[0.4852, 0.8113],[0.4841, 0.7794],[0.4808, 0.8112],[0.4777, 0.8401]
[0.4637, 0.9242],[0.4332, 0.8862],[0.4229, 0.8238],[0.4382, 0.7704],[0.4539, 0.7346],[0.4271, 0.7819],[0.4256, 0.7171],[0.4332, 0.7394],[0.4366, 0.7763],[0.4483, 0.7829],[0.4523, 0.7087],[0.4542, 0.7375],[0.4524, 0.779],[0.4677, 0.795],[0.4706, 0.7605],[0.4663, 0.8085],[0.4608, 0.8476],[0.4859, 0.8135],[0.4847, 0.7816],[0.4814, 0.8145],[0.4778, 0.8438]
[0.4648, 0.9231],[0.4333, 0.8839],[0.4232, 0.8214],[0.4399, 0.7692],[0.4566, 0.7362],[0.4282, 0.7805],[0.4274, 0.7167],[0.4345, 0.7406],[0.4372, 0.7772],[0.4494, 0.7809],[0.4537, 0.7079],[0.4554, 0.7363],[0.4533, 0.7765],[0.4689, 0.7921],[0.4713, 0.7586],[0.4663, 0.8062],[0.46, 0.8452],[0.487, 0.8095],[0.4853, 0.7788],[0.481, 0.8105],[0.4769, 0.8394]
[0.4653, 0.9225],[0.4347, 0.8848],[0.4246, 0.8218],[0.4411, 0.7691],[0.4573, 0.7357],[0.4285, 0.7812],[0.4275, 0.7164],[0.4346, 0.7408],[0.4376, 0.7769],[0.4496, 0.7822],[0.4543, 0.7083],[0.4556, 0.739],[0.4535, 0.78],[0.4691, 0.7937],[0.4721, 0.7599],[0.467, 0.8081],[0.4612, 0.8461],[0.4872, 0.8114],[0.4862, 0.7796],[0.4818, 0.8123],[0.4778, 0.8417]
[0.4637, 0.9222],[0.4326, 0.8808],[0.4235, 0.8156],[0.4418, 0.7666],[0.4595, 0.7374],[0.4275, 0.7786],[0.4272, 0.7162],[0.4336, 0.7389],[0.4371, 0.7742],[0.4491, 0.7798],[0.4539, 0.7057],[0.4543, 0.7361],[0.4527, 0.7778],[0.4689, 0.7924],[0.4714, 0.7583],[0.4663, 0.8061],[0.4612, 0.844],[0.4875, 0.8118],[0.4856, 0.7804],[0.4813, 0.8128],[0.4784, 0.8403]
[0.464, 0.9212],[0.4342, 0.8801],[0.4253, 0.8179],[0.4428, 0.7669],[0.4593, 0.7346],[0.4267, 0.7773],[0.4267, 0.7155],[0.433, 0.7392],[0.4361, 0.7751],[0.4484, 0.7793],[0.4529, 0.7056],[0.4533, 0.7372],[0.4517, 0.7807],[0.4687, 0.7922],[0.4713, 0.7589],[0.4662, 0.8067],[0.4609, 0.8447],[0.487, 0.8119],[0.4856, 0.7807],[0.4813, 0.8145],[0.4778, 0.8436]
[0.465, 0.9221],[0.4341, 0.8821],[0.4242, 0.8196],[0.4407, 0.7674],[0.4566, 0.7336],[0.4272, 0.7788],[0.4267, 0.7165],[0.4336, 0.7391],[0.4371, 0.7743],[0.4484, 0.7794],[0.4527, 0.7055],[0.4534, 0.7364],[0.4517, 0.7786],[0.4681, 0.7915],[0.4703, 0.7573],[0.4655, 0.8053],[0.4607, 0.8429],[0.4869, 0.8108],[0.4848, 0.7801],[0.4806, 0.8136],[0.4775, 0.8419]
[0.4648, 0.924],[0.4347, 0.8833],[0.4257, 0.8199],[0.4433, 0.7689],[0.4602, 0.7356],[0.4284, 0.7792],[0.4273, 0.7163],[0.4342, 0.7391],[0.4377, 0.7755],[0.4496, 0.7813],[0.454, 0.709],[0.4553, 0.7382],[0.4542, 0.7789],[0.4695, 0.7941],[0.4715, 0.7607],[0.4665, 0.8075],[0.4614, 0.845],[0.4878, 0.8133],[0.4859, 0.7809],[0.4816, 0.8134],[0.4785, 0.8419]
[0.464, 0.9234],[0.4334, 0.8802],[0.4247, 0.818],[0.442, 0.7676],[0.4585, 0.7345],[0.4292, 0.7768],[0.4284, 0.7164],[0.4349, 0.74],[0.4385, 0.7754],[0.4502, 0.7785],[0.4553, 0.7067],[0.4553, 0.7375],[0.4533, 0.7794],[0.4699, 0.7915],[0.4721, 0.7577],[0.466, 0.805],[0.4603, 0.8428],[0.488, 0.8114],[0.4863, 0.7801],[0.4811, 0.8131],[0.4776, 0.8416]
[0.4654, 0.923],[0.4338, 0.8815],[0.4243, 0.8185],[0.4409, 0.7673],[0.4572, 0.7334],[0.429, 0.7785],[0.428, 0.7161],[0.4358, 0.7397],[0.4394, 0.7762],[0.4503, 0.7792],[0.4548, 0.7064],[0.4561, 0.7374],[0.4541, 0.7804],[0.4699, 0.7912],[0.4726, 0.7574],[0.4673, 0.8058],[0.4615, 0.8448],[0.4878, 0.8098],[0.4869, 0.7786],[0.4824, 0.8121],[0.4784, 0.842]
[0.4657, 0.923],[0.4343, 0.8827],[0.4249, 0.82],[0.4426, 0.7686],[0.46, 0.7361],[0.4295, 0.7804],[0.4282, 0.7164],[0.4362, 0.7394],[0.4396, 0.7762],[0.4507, 0.7812],[0.4552, 0.7078],[0.4571, 0.7379],[0.4554, 0.7803],[0.4701, 0.7933],[0.4729, 0.7592],[0.468, 0.8066],[0.4619, 0.8457],[0.4879, 0.8118],[0.487, 0.779],[0.4831, 0.8106],[0.479, 0.8403]
[0.4655, 0.923],[0.434, 0.8827],[0.4248, 0.8194],[0.4424, 0.7685],[0.4595, 0.736],[0.4295, 0.7803],[0.4286, 0.7168],[0.4363, 0.74],[0.4396, 0.7763],[0.4508, 0.7811],[0.455, 0.7086],[0.4569, 0.7386],[0.4549, 0.7801],[0.4703, 0.7929],[0.4729, 0.7592],[0.4679, 0.8068],[0.4618, 0.8453],[0.4883, 0.8114],[0.487, 0.7803],[0.4828, 0.8134],[0.4786, 0.843]
[0.4664, 0.9232],[0.4351, 0.885],[0.4247, 0.824],[0.4409, 0.7709],[0.4571, 0.7364],[0.4295, 0.7816],[0.4288, 0.7175],[0.4364, 0.7391],[0.4396, 0.7749],[0.4509, 0.7822],[0.4555, 0.7078],[0.4572, 0.7371],[0.4555, 0.7791],[0.4703, 0.7937],[0.4732, 0.7594],[0.4683, 0.8071],[0.4623, 0.846],[0.4884, 0.8116],[0.4876, 0.7797],[0.4834, 0.8122],[0.4793, 0.8419]
[0.4665, 0.924],[0.4349, 0.8846],[0.4243, 0.8228],[0.4404, 0.7696],[0.4573, 0.7353],[0.4297, 0.7815],[0.4288, 0.7172],[0.4364, 0.739],[0.4397, 0.7744],[0.451, 0.7826],[0.4555, 0.7091],[0.4575, 0.7389],[0.4557, 0.7805],[0.4703, 0.7945],[0.4729, 0.7604],[0.4677, 0.8076],[0.4618, 0.8463],[0.4885, 0.8127],[0.4872, 0.7806],[0.4828, 0.8131],[0.4785, 0.8428]
[0.4665, 0.925],[0.4349, 0.8861],[0.4238, 0.8251],[0.4388, 0.7711],[0.4553, 0.7367],[0.4289, 0.7826],[0.4282, 0.7177],[0.4359, 0.7375],[0.4393, 0.7727],[0.4503, 0.7829],[0.455, 0.7094],[0.4572, 0.7368],[0.4556, 0.7774],[0.4695, 0.7945],[0.4727, 0.7609],[0.4679, 0.8073],[0.4621, 0.8459],[0.4879, 0.8122],[0.4872, 0.7807],[0.4831, 0.8128],[0.4787, 0.8425]
[0.4665, 0.9255],[0.4353, 0.8863],[0.4241, 0.8243],[0.4401, 0.77],[0.4575, 0.7355],[0.4281, 0.782],[0.4275, 0.7168],[0.4357, 0.7391],[0.4393, 0.7744],[0.4494, 0.7824],[0.4541, 0.7091],[0.4568, 0.7377],[0.4553, 0.7774],[0.4688, 0.7938],[0.4721, 0.7608],[0.4676, 0.8084],[0.4618, 0.8468],[0.4872, 0.8116],[0.4867, 0.7793],[0.483, 0.8118],[0.4792, 0.8413]
[0.4646, 0.9217],[0.4334, 0.8811],[0.4242, 0.8179],[0.4412, 0.7668],[0.4575, 0.7337],[0.4282, 0.7778],[0.4279, 0.7153],[0.4356, 0.7387],[0.439, 0.7759],[0.4497, 0.7793],[0.4546, 0.7072],[0.4563, 0.7379],[0.4542, 0.7807],[0.4695, 0.7913],[0.4723, 0.7598],[0.4675, 0.808],[0.4614, 0.847],[0.4874, 0.8097],[0.4868, 0.7799],[0.4825, 0.8125],[0.4783, 0.8413]
[0.4649, 0.9202],[0.4341, 0.8801],[0.4256, 0.8162],[0.4433, 0.7652],[0.4598, 0.7321],[0.4273, 0.7773],[0.4269, 0.716],[0.4343, 0.7384],[0.4382, 0.775],[0.4492, 0.778],[0.4531, 0.7049],[0.4542, 0.7355],[0.4524, 0.7792],[0.4692, 0.79],[0.4715, 0.7581],[0.4668, 0.8069],[0.4612, 0.8459],[0.4875, 0.809],[0.4859, 0.7793],[0.4822, 0.8131],[0.4787, 0.8424]
[0.4649, 0.9212],[0.4336, 0.8797],[0.4246, 0.8151],[0.4422, 0.7644],[0.4595, 0.7321],[0.4275, 0.7777],[0.4267, 0.7155],[0.4341, 0.7375],[0.4379, 0.774],[0.4493, 0.778],[0.4535, 0.7053],[0.4548, 0.7345],[0.4531, 0.7768],[0.4688, 0.79],[0.4714, 0.759],[0.4668, 0.8079],[0.4617, 0.8464],[0.4872, 0.8087],[0.4855, 0.7804],[0.4819, 0.8138],[0.4791, 0.8424]
[0.4637, 0.9216],[0.4328, 0.882],[0.4236, 0.8166],[0.441, 0.7655],[0.4584, 0.7326],[0.4284, 0.7777],[0.4275, 0.7152],[0.4346, 0.7392],[0.438, 0.7766],[0.4499, 0.7786],[0.4549, 0.7059],[0.4555, 0.7367],[0.4533, 0.7797],[0.4693, 0.7911],[0.4717, 0.7582],[0.4665, 0.8072],[0.4611, 0.846],[0.4871, 0.8103],[0.4856, 0.7794],[0.4817, 0.8123],[0.4786, 0.841]
[0.4643, 0.9231],[0.4333, 0.8827],[0.4243, 0.8184],[0.4412, 0.7674],[0.4578, 0.7338],[0.4277, 0.7788],[0.427, 0.716],[0.4348, 0.7372],[0.4386, 0.7744],[0.4493, 0.7786],[0.4534, 0.705],[0.4548, 0.7336],[0.4529, 0.7767],[0.4688, 0.7903],[0.4711, 0.7573],[0.4665, 0.8059],[0.4608, 0.8453],[0.4867, 0.8085],[0.4852, 0.7781],[0.4811, 0.8119],[0.4771, 0.8419]
[0.4646, 0.9252],[0.4338, 0.8848],[0.424, 0.8199],[0.4399, 0.7665],[0.4561, 0.7302],[0.428, 0.7792],[0.4273, 0.7153],[0.4349, 0.7354],[0.4382, 0.7732],[0.4496, 0.7803],[0.4545, 0.7078],[0.4563, 0.7363],[0.4543, 0.7789],[0.4689, 0.7927],[0.4718, 0.7588],[0.4671, 0.8064],[0.4612, 0.8453],[0.4868, 0.8112],[0.4859, 0.7798],[0.4825, 0.8125],[0.479, 0.8412]
[0.4653, 0.9255],[0.4345, 0.8859],[0.4247, 0.8205],[0.4409, 0.7673],[0.4566, 0.732],[0.4278, 0.7798],[0.4271, 0.7157],[0.4351, 0.7377],[0.4387, 0.7753],[0.4494, 0.7801],[0.4538, 0.7063],[0.4555, 0.736],[0.4533, 0.7786],[0.4689, 0.7921],[0.4716, 0.7579],[0.467, 0.8061],[0.4609, 0.8452],[0.4868, 0.8105],[0.4859, 0.7788],[0.4825, 0.8113],[0.4788, 0.8403]
[0.4656, 0.9257],[0.4341, 0.8851],[0.4242, 0.821],[0.4394, 0.767],[0.4546, 0.731],[0.4287, 0.7799],[0.4279, 0.7156],[0.4356, 0.7355],[0.4388, 0.7722],[0.45, 0.7809],[0.4543, 0.708],[0.4566, 0.7367],[0.4549, 0.7789],[0.4693, 0.793],[0.4718, 0.7589],[0.4671, 0.8068],[0.4611, 0.8467],[0.4872, 0.8112],[0.4861, 0.7792],[0.4826, 0.8114],[0.479, 0.8405]
[0.4648, 0.9255],[0.4335, 0.8847],[0.424, 0.8211],[0.4393, 0.7683],[0.454, 0.733],[0.4282, 0.7797],[0.4278, 0.716],[0.435, 0.7345],[0.438, 0.7715],[0.4496, 0.7807],[0.4543, 0.7083],[0.4565, 0.7363],[0.4545, 0.7789],[0.4688, 0.7929],[0.4718, 0.7588],[0.467, 0.8061],[0.4606, 0.8458],[0.4869, 0.8112],[0.4861, 0.78],[0.4825, 0.8115],[0.4784, 0.8401]
[0.465, 0.9256],[0.4335, 0.8865],[0.4229, 0.8233],[0.438, 0.7684],[0.454, 0.7324],[0.4284, 0.7798],[0.4273, 0.7162],[0.4347, 0.7378],[0.4378, 0.7738],[0.4496, 0.7808],[0.4535, 0.7079],[0.4554, 0.7376],[0.4534, 0.7791],[0.4689, 0.793],[0.4714, 0.7576],[0.4663, 0.8047],[0.4602, 0.8434],[0.4871, 0.8118],[0.4857, 0.7799],[0.4814, 0.8121],[0.477, 0.841]
[0.4637, 0.9247],[0.4324, 0.8826],[0.4232, 0.8182],[0.4407, 0.7675],[0.4584, 0.7362],[0.4279, 0.7792],[0.4273, 0.7156],[0.4346, 0.7374],[0.4377, 0.7738],[0.4493, 0.7811],[0.4545, 0.7084],[0.4557, 0.7376],[0.453, 0.7785],[0.4687, 0.7941],[0.4715, 0.7593],[0.4657, 0.8053],[0.4592, 0.8432],[0.4868, 0.8133],[0.486, 0.7807],[0.4814, 0.8119],[0.477, 0.8402]
[0.4645, 0.9238],[0.4334, 0.8815],[0.4247, 0.8176],[0.4424, 0.766],[0.4594, 0.7336],[0.4269, 0.7776],[0.4269, 0.7156],[0.4343, 0.7383],[0.4378, 0.7744],[0.4486, 0.7794],[0.4531, 0.7067],[0.4546, 0.7374],[0.4529, 0.7797],[0.4685, 0.7923],[0.4718, 0.7591],[0.4665, 0.8064],[0.4602, 0.8444],[0.4864, 0.8118],[0.4863, 0.7811],[0.4818, 0.8142],[0.4776, 0.8433]
[0.4638, 0.9229],[0.433, 0.882],[0.424, 0.8187],[0.4422, 0.7673],[0.4599, 0.734],[0.4269, 0.778],[0.427, 0.7163],[0.434, 0.7406],[0.4374, 0.7772],[0.4486, 0.7794],[0.4531, 0.7061],[0.4532, 0.7377],[0.4512, 0.7803],[0.4687, 0.7921],[0.4708, 0.7577],[0.465, 0.806],[0.4596, 0.8438],[0.4871, 0.8118],[0.4848, 0.7813],[0.4802, 0.8153],[0.477, 0.8437]
[0.4638, 0.9226],[0.433, 0.882],[0.4238, 0.8196],[0.4414, 0.7675],[0.4584, 0.7332],[0.4261, 0.7784],[0.4262, 0.7164],[0.4339, 0.7385],[0.4377, 0.7753],[0.4481, 0.7799],[0.4525, 0.7065],[0.4539, 0.7369],[0.452, 0.78],[0.4685, 0.7923],[0.4708, 0.7591],[0.466, 0.8073],[0.4602, 0.8458],[0.4867, 0.8115],[0.485, 0.7809],[0.481, 0.815],[0.4773, 0.8442]
[0.4641, 0.9238],[0.4334, 0.8849],[0.4231, 0.8232],[0.4389, 0.7698],[0.4556, 0.7344],[0.4269, 0.7799],[0.4266, 0.7165],[0.4338, 0.7366],[0.4372, 0.7731],[0.4484, 0.7812],[0.4532, 0.7084],[0.4547, 0.7378],[0.453, 0.7806],[0.468, 0.7931],[0.4707, 0.7596],[0.4657, 0.8067],[0.4599, 0.8453],[0.486, 0.8114],[0.4853, 0.7808],[0.4809, 0.8133],[0.4767, 0.8421]
[0.4635, 0.9242],[0.4327, 0.8835],[0.4234, 0.8203],[0.4405, 0.7689],[0.4572, 0.7354],[0.4267, 0.7796],[0.4265, 0.7163],[0.4339, 0.7374],[0.4377, 0.7735],[0.4484, 0.7806],[0.4532, 0.7079],[0.4547, 0.737],[0.4532, 0.7788],[0.4681, 0.7926],[0.4713, 0.7601],[0.466, 0.8075],[0.4599, 0.8461],[0.4862, 0.8107],[0.4859, 0.7816],[0.4815, 0.8143],[0.4771, 0.8426]
[0.4639, 0.9235],[0.4333, 0.8842],[0.4238, 0.8207],[0.4405, 0.7685],[0.4564, 0.7347],[0.4266, 0.7799],[0.4262, 0.7167],[0.434, 0.7391],[0.438, 0.7749],[0.4481, 0.7804],[0.4524, 0.706],[0.4535, 0.7353],[0.4519, 0.7769],[0.4678, 0.7922],[0.4713, 0.7593],[0.4661, 0.8073],[0.4602, 0.8452],[0.4859, 0.8106],[0.4854, 0.7811],[0.4813, 0.8141],[0.4775, 0.8422]
[0.4638, 0.9235],[0.4333, 0.8832],[0.4235, 0.8192],[0.4408, 0.7679],[0.458, 0.7353],[0.4267, 0.7784],[0.4264, 0.7164],[0.4339, 0.738],[0.4377, 0.7746],[0.4483, 0.7796],[0.4529, 0.7067],[0.4541, 0.7362],[0.4524, 0.7791],[0.468, 0.7918],[0.4711, 0.759],[0.466, 0.8066],[0.4599, 0.8453],[0.4859, 0.811],[0.4852, 0.7808],[0.4806, 0.8136],[0.4764, 0.8426]
[0.4632, 0.923],[0.4324, 0.8821],[0.4227, 0.8183],[0.4397, 0.7673],[0.4573, 0.7354],[0.4267, 0.7786],[0.427, 0.7163],[0.4343, 0.7391],[0.4377, 0.7757],[0.4481, 0.7793],[0.4531, 0.7057],[0.4542, 0.7359],[0.4523, 0.7791],[0.4678, 0.7911],[0.4711, 0.7585],[0.4658, 0.8068],[0.4596, 0.846],[0.4857, 0.8097],[0.4852, 0.7801],[0.4808, 0.8128],[0.4767, 0.8414]
[0.4631, 0.9247],[0.4333, 0.8829],[0.4239, 0.8191],[0.4405, 0.7681],[0.4581, 0.7355],[0.4259, 0.7782],[0.4266, 0.7162],[0.4343, 0.7393],[0.4373, 0.7766],[0.4476, 0.7793],[0.4526, 0.7067],[0.4545, 0.7368],[0.4525, 0.7798],[0.4676, 0.7915],[0.4714, 0.7593],[0.4665, 0.8074],[0.4601, 0.846],[0.4855, 0.8107],[0.4857, 0.7807],[0.4816, 0.8138],[0.4769, 0.8429]
[0.4632, 0.9245],[0.4325, 0.8829],[0.4235, 0.818],[0.4412, 0.7667],[0.4587, 0.7343],[0.4263, 0.7791],[0.4264, 0.7165],[0.4338, 0.74],[0.437, 0.7765],[0.4478, 0.78],[0.4526, 0.7063],[0.4537, 0.7368],[0.4516, 0.779],[0.4677, 0.7926],[0.4711, 0.7588],[0.4656, 0.8072],[0.4592, 0.8456],[0.486, 0.8119],[0.4849, 0.7821],[0.4804, 0.8157],[0.4764, 0.8441]
[0.4629, 0.925],[0.4328, 0.8831],[0.4235, 0.8198],[0.4408, 0.7676],[0.4581, 0.7343],[0.4261, 0.7778],[0.4264, 0.7161],[0.4335, 0.7406],[0.4366, 0.7773],[0.4477, 0.7794],[0.4522, 0.7062],[0.4532, 0.7369],[0.4512, 0.7793],[0.4679, 0.7923],[0.4709, 0.7588],[0.4653, 0.8073],[0.4588, 0.8458],[0.4862, 0.8122],[0.4853, 0.7811],[0.4804, 0.8153],[0.476, 0.8449]
[0.4626, 0.9253],[0.4324, 0.8821],[0.4234, 0.8182],[0.4409, 0.7668],[0.4584, 0.734],[0.4259, 0.7781],[0.4261, 0.7161],[0.4334, 0.7395],[0.4368, 0.7765],[0.4478, 0.7793],[0.4519, 0.7061],[0.453, 0.737],[0.451, 0.7803],[0.4679, 0.792],[0.471, 0.7589],[0.4656, 0.808],[0.4594, 0.8471],[0.4863, 0.8114],[0.4853, 0.7809],[0.4809, 0.8152],[0.477, 0.8445]
[0.4634, 0.9246],[0.4333, 0.8838],[0.4232, 0.8199],[0.439, 0.7663],[0.456, 0.7315],[0.4263, 0.7789],[0.4259, 0.7155],[0.4335, 0.7386],[0.4369, 0.7754],[0.4478, 0.7803],[0.4517, 0.7061],[0.4532, 0.7371],[0.4516, 0.7801],[0.4679, 0.793],[0.4711, 0.7596],[0.4661, 0.809],[0.46, 0.8478],[0.4861, 0.8122],[0.4853, 0.782],[0.481, 0.8162],[0.4771, 0.8453]
[0.4629, 0.9238],[0.4325, 0.8813],[0.4238, 0.8189],[0.4403, 0.7674],[0.4563, 0.7345],[0.4262, 0.7786],[0.4262, 0.7155],[0.4334, 0.74],[0.4368, 0.7768],[0.4479, 0.7805],[0.4524, 0.7067],[0.4539, 0.7385],[0.452, 0.7812],[0.4679, 0.7935],[0.4711, 0.7606],[0.4661, 0.8097],[0.4602, 0.8485],[0.4863, 0.8129],[0.4855, 0.7829],[0.481, 0.8172],[0.477, 0.8466]
[0.4634, 0.925],[0.4332, 0.8854],[0.4241, 0.8215],[0.4404, 0.7684],[0.4561, 0.7332],[0.4264, 0.7813],[0.4259, 0.7164],[0.4338, 0.739],[0.4374, 0.7758],[0.4481, 0.782],[0.452, 0.7067],[0.4535, 0.7371],[0.4519, 0.7791],[0.4678, 0.7945],[0.4714, 0.7612],[0.4664, 0.8103],[0.4604, 0.8487],[0.4862, 0.8134],[0.4855, 0.7836],[0.4814, 0.8171],[0.4771, 0.8455]
[0.4633, 0.9246],[0.4325, 0.8841],[0.4231, 0.8205],[0.4401, 0.7682],[0.457, 0.7351],[0.4269, 0.78],[0.4257, 0.7167],[0.433, 0.7392],[0.4369, 0.7752],[0.4483, 0.7809],[0.4525, 0.7069],[0.4533, 0.7368],[0.4516, 0.7783],[0.4679, 0.7936],[0.4714, 0.7606],[0.4655, 0.8096],[0.4595, 0.8482],[0.4862, 0.8129],[0.4852, 0.783],[0.4804, 0.8165],[0.4764, 0.8451]
[0.463, 0.9241],[0.4327, 0.8831],[0.4238, 0.8205],[0.4409, 0.7689],[0.4575, 0.7359],[0.4262, 0.7794],[0.4255, 0.7167],[0.4327, 0.7397],[0.4364, 0.7759],[0.4478, 0.7804],[0.4522, 0.7068],[0.4532, 0.7367],[0.4515, 0.7789],[0.4677, 0.7929],[0.4714, 0.7604],[0.4661, 0.8094],[0.46, 0.8486],[0.486, 0.8121],[0.4857, 0.7812],[0.4814, 0.8149],[0.4773, 0.8445]
[0.4633, 0.9233],[0.4323, 0.8824],[0.4233, 0.8194],[0.4396, 0.7682],[0.456, 0.7349],[0.4269, 0.7789],[0.4259, 0.7165],[0.4333, 0.7385],[0.4371, 0.7747],[0.4483, 0.7799],[0.4525, 0.707],[0.4533, 0.7366],[0.4516, 0.7788],[0.468, 0.7926],[0.4713, 0.7606],[0.4658, 0.8094],[0.4601, 0.848],[0.4863, 0.8118],[0.4852, 0.7824],[0.4808, 0.8161],[0.477, 0.845]
[0.4634, 0.9238],[0.4325, 0.884],[0.4228, 0.8212],[0.4388, 0.7691],[0.455, 0.7348],[0.4267, 0.7801],[0.4255, 0.7171],[0.4332, 0.7391],[0.4372, 0.7758],[0.4483, 0.7804],[0.4522, 0.7062],[0.453, 0.7357],[0.4511, 0.7789],[0.468, 0.7924],[0.4704, 0.7581],[0.4653, 0.8076],[0.4596, 0.8474],[0.4865, 0.8116],[0.4847, 0.7807],[0.4802, 0.8151],[0.4763, 0.8452]
[0.4629, 0.9237],[0.4326, 0.8825],[0.4234, 0.8203],[0.4395, 0.7688],[0.4558, 0.7354],[0.4261, 0.7792],[0.4251, 0.7161],[0.433, 0.7376],[0.4365, 0.7743],[0.4476, 0.7801],[0.4519, 0.7075],[0.4538, 0.7363],[0.4522, 0.7789],[0.4676, 0.7928],[0.4706, 0.7596],[0.4661, 0.8084],[0.4604, 0.8483],[0.486, 0.8122],[0.4852, 0.7809],[0.4815, 0.815],[0.4778, 0.8453]
[0.4632, 0.9238],[0.4323, 0.8836],[0.4228, 0.821],[0.4392, 0.7685],[0.456, 0.7345],[0.4265, 0.7793],[0.4254, 0.7165],[0.4328, 0.7382],[0.4365, 0.7751],[0.4478, 0.78],[0.4519, 0.707],[0.4533, 0.736],[0.4516, 0.7784],[0.4675, 0.7926],[0.4703, 0.7594],[0.4654, 0.8084],[0.4598, 0.8478],[0.4857, 0.812],[0.4844, 0.7808],[0.4804, 0.8152],[0.4769, 0.8451]
[0.4629, 0.9241],[0.4326, 0.8835],[0.4239, 0.82],[0.4408, 0.7681],[0.4573, 0.7348],[0.4264, 0.7793],[0.4258, 0.7162],[0.4339, 0.7376],[0.4376, 0.7747],[0.4479, 0.7811],[0.4529, 0.7078],[0.455, 0.7379],[0.4534, 0.7812],[0.4673, 0.7938],[0.4708, 0.759],[0.4662, 0.8068],[0.4604, 0.8466],[0.4853, 0.8133],[0.485, 0.7806],[0.4815, 0.8135],[0.4778, 0.8434]
[0.4631, 0.9237],[0.4319, 0.8844],[0.4231, 0.8199],[0.44, 0.7669],[0.4558, 0.7326],[0.4265, 0.78],[0.4259, 0.7169],[0.434, 0.7395],[0.4377, 0.776],[0.448, 0.7807],[0.4522, 0.7069],[0.4538, 0.737],[0.4519, 0.7796],[0.4676, 0.7929],[0.4713, 0.7589],[0.4663, 0.8074],[0.4604, 0.8466],[0.4857, 0.8115],[0.4855, 0.7807],[0.4818, 0.8137],[0.4783, 0.8424]
[0.4631, 0.9233],[0.432, 0.8841],[0.4232, 0.8195],[0.44, 0.7666],[0.4556, 0.7322],[0.4271, 0.7801],[0.4262, 0.7162],[0.4338, 0.7387],[0.4373, 0.7751],[0.4485, 0.7811],[0.4527, 0.7072],[0.4541, 0.7384],[0.4522, 0.7815],[0.4679, 0.7935],[0.4714, 0.7591],[0.4664, 0.8077],[0.4607, 0.8471],[0.486, 0.8121],[0.4859, 0.7814],[0.4822, 0.8146],[0.4786, 0.8435]
[0.4632, 0.9231],[0.4324, 0.8834],[0.4238, 0.8196],[0.4411, 0.7676],[0.4576, 0.734],[0.427, 0.78],[0.4261, 0.7165],[0.4333, 0.7385],[0.4368, 0.7747],[0.4484, 0.7808],[0.4526, 0.7071],[0.4538, 0.7375],[0.4517, 0.78],[0.4678, 0.7934],[0.4714, 0.7593],[0.4662, 0.8079],[0.4603, 0.8468],[0.4861, 0.8123],[0.4856, 0.7814],[0.4817, 0.8148],[0.4781, 0.8435]
[0.4624, 0.9239],[0.432, 0.8838],[0.4232, 0.8198],[0.4401, 0.7676],[0.4569, 0.7332],[0.4265, 0.778],[0.4272, 0.7161],[0.4341, 0.741],[0.4374, 0.7777],[0.4479, 0.7797],[0.4526, 0.7065],[0.4532, 0.7372],[0.4517, 0.7791],[0.4679, 0.7928],[0.4713, 0.7592],[0.4654, 0.808],[0.4593, 0.846],[0.4863, 0.8133],[0.486, 0.7805],[0.4809, 0.8143],[0.4764, 0.8436]
[0.4621, 0.9245],[0.4317, 0.8833],[0.4231, 0.8191],[0.4401, 0.7668],[0.4564, 0.7321],[0.4265, 0.7786],[0.427, 0.7157],[0.4338, 0.7414],[0.437, 0.7776],[0.4479, 0.7804],[0.4527, 0.706],[0.453, 0.7371],[0.451, 0.7789],[0.4679, 0.7936],[0.4711, 0.7596],[0.4652, 0.8084],[0.4593, 0.846],[0.4862, 0.8138],[0.4856, 0.7814],[0.4806, 0.8154],[0.4765, 0.8447]
[0.4618, 0.924],[0.431, 0.8802],[0.4228, 0.8167],[0.4404, 0.766],[0.4571, 0.7333],[0.4261, 0.778],[0.4266, 0.716],[0.4342, 0.7407],[0.4376, 0.7768],[0.4478, 0.7797],[0.4529, 0.7063],[0.4534, 0.7376],[0.451, 0.7798],[0.4678, 0.7928],[0.4713, 0.7593],[0.4653, 0.8072],[0.4588, 0.8449],[0.486, 0.813],[0.4857, 0.7809],[0.4806, 0.8138],[0.4757, 0.8428]
[0.4625, 0.9248],[0.4319, 0.8838],[0.4231, 0.82],[0.4394, 0.7682],[0.4548, 0.7336],[0.4264, 0.7791],[0.427, 0.7163],[0.4345, 0.7401],[0.4376, 0.7761],[0.4477, 0.7799],[0.453, 0.7064],[0.4539, 0.7368],[0.4516, 0.7781],[0.4673, 0.7926],[0.4711, 0.7601],[0.4658, 0.8082],[0.4596, 0.8455],[0.4854, 0.8122],[0.4855, 0.7807],[0.4814, 0.8131],[0.4771, 0.8412]
[0.4625, 0.9242],[0.4319, 0.8832],[0.4232, 0.8199],[0.4393, 0.7673],[0.454, 0.7321],[0.4264, 0.7785],[0.4265, 0.7163],[0.4341, 0.741],[0.4374, 0.7773],[0.4477, 0.78],[0.4526, 0.707],[0.4539, 0.7395],[0.4516, 0.7815],[0.4675, 0.793],[0.471, 0.7593],[0.4657, 0.8072],[0.4595, 0.8442],[0.4857, 0.813],[0.4859, 0.7813],[0.4814, 0.8139],[0.477, 0.842]
[0.4625, 0.9234],[0.4319, 0.8826],[0.4229, 0.8189],[0.4395, 0.7662],[0.4557, 0.7322],[0.4259, 0.7788],[0.4259, 0.7162],[0.4336, 0.7401],[0.4372, 0.7761],[0.4473, 0.7799],[0.4518, 0.707],[0.4533, 0.7391],[0.4516, 0.7813],[0.4672, 0.7926],[0.4703, 0.7593],[0.465, 0.808],[0.4591, 0.8459],[0.4859, 0.812],[0.4849, 0.7815],[0.4804, 0.8145],[0.4765, 0.8426]
[0.4623, 0.9241],[0.4317, 0.8841],[0.4229, 0.8209],[0.4401, 0.7681],[0.4557, 0.732],[0.4262, 0.7796],[0.4257, 0.7169],[0.4331, 0.74],[0.4366, 0.7761],[0.4476, 0.7806],[0.4522, 0.7068],[0.4532, 0.737],[0.4515, 0.7793],[0.4672, 0.7934],[0.4699, 0.7605],[0.4646, 0.8097],[0.4591, 0.8481],[0.4859, 0.8128],[0.4844, 0.7816],[0.4801, 0.8156],[0.4767, 0.8444]
[0.4619, 0.9216],[0.4311, 0.8812],[0.4221, 0.8188],[0.4396, 0.7666],[0.4557, 0.7323],[0.4256, 0.7776],[0.4255, 0.7163],[0.4331, 0.7407],[0.4369, 0.7768],[0.4471, 0.7793],[0.4519, 0.7063],[0.4529, 0.7372],[0.4511, 0.7794],[0.4671, 0.7922],[0.4702, 0.7602],[0.4649, 0.8094],[0.4593, 0.8476],[0.4856, 0.8121],[0.4847, 0.7813],[0.4802, 0.8158],[0.4765, 0.8452]
[0.4611, 0.9207],[0.4303, 0.8795],[0.4216, 0.8167],[0.4388, 0.7656],[0.4555, 0.7324],[0.4262, 0.7759],[0.4258, 0.716],[0.4324, 0.7401],[0.4358, 0.7762],[0.4477, 0.7777],[0.4522, 0.7056],[0.4524, 0.7366],[0.4508, 0.779],[0.4676, 0.791],[0.4699, 0.7596],[0.4641, 0.8091],[0.4591, 0.8475],[0.486, 0.8115],[0.4842, 0.7812],[0.4795, 0.8159],[0.4763, 0.8449]
[0.4619, 0.921],[0.4313, 0.8825],[0.4217, 0.8199],[0.4376, 0.7669],[0.4538, 0.7321],[0.4257, 0.7773],[0.4255, 0.7154],[0.4325, 0.7383],[0.4359, 0.7744],[0.4471, 0.7784],[0.4516, 0.7046],[0.4522, 0.7337],[0.4506, 0.7753],[0.467, 0.7911],[0.4695, 0.7583],[0.4639, 0.8077],[0.4585, 0.8459],[0.4853, 0.8106],[0.4837, 0.7794],[0.4791, 0.8142],[0.4753, 0.844]
[0.4615, 0.9222],[0.4309, 0.8824],[0.4218, 0.8189],[0.4379, 0.7668],[0.4539, 0.7315],[0.4258, 0.7781],[0.4254, 0.7154],[0.4328, 0.7376],[0.4363, 0.7744],[0.4473, 0.7794],[0.4523, 0.706],[0.4532, 0.7349],[0.4514, 0.7774],[0.4671, 0.7921],[0.4698, 0.7596],[0.4645, 0.8087],[0.4592, 0.8475],[0.4853, 0.8116],[0.484, 0.7804],[0.4795, 0.8149],[0.4757, 0.8445]
[0.4621, 0.9218],[0.4315, 0.8832],[0.4224, 0.8204],[0.4393, 0.7679],[0.4554, 0.733],[0.4258, 0.7781],[0.4256, 0.716],[0.433, 0.7382],[0.4365, 0.7746],[0.4473, 0.7794],[0.4518, 0.7057],[0.4525, 0.7349],[0.4507, 0.7773],[0.4672, 0.7921],[0.47, 0.7596],[0.4646, 0.8085],[0.4591, 0.8472],[0.4853, 0.8118],[0.4842, 0.7803],[0.48, 0.8149],[0.4763, 0.8447]
[0.4629, 0.925],[0.4313, 0.8849],[0.4216, 0.8199],[0.4388, 0.7668],[0.4554, 0.7324],[0.4262, 0.7803],[0.4261, 0.7157],[0.4331, 0.7395],[0.4362, 0.7766],[0.4476, 0.7819],[0.4523, 0.7075],[0.4533, 0.737],[0.4516, 0.7784],[0.4672, 0.795],[0.4702, 0.7617],[0.4652, 0.8099],[0.4596, 0.8475],[0.4859, 0.8144],[0.485, 0.7821],[0.4808, 0.8157],[0.4771, 0.8447]
[0.463, 0.926],[0.4318, 0.8848],[0.4226, 0.8209],[0.4397, 0.7677],[0.4554, 0.7328],[0.4258, 0.7804],[0.4259, 0.7159],[0.4333, 0.7392],[0.4365, 0.7758],[0.4473, 0.7822],[0.4522, 0.7083],[0.4538, 0.738],[0.4519, 0.7791],[0.4671, 0.7953],[0.4704, 0.7622],[0.4654, 0.8104],[0.4595, 0.8485],[0.4855, 0.8148],[0.485, 0.7827],[0.4809, 0.8167],[0.477, 0.8464]
[0.4629, 0.9245],[0.4312, 0.8826],[0.4218, 0.819],[0.4389, 0.7669],[0.4553, 0.7341],[0.4256, 0.7796],[0.4259, 0.7159],[0.4331, 0.7389],[0.4361, 0.7746],[0.4471, 0.7813],[0.4524, 0.7083],[0.4538, 0.7382],[0.4515, 0.7789],[0.4668, 0.7941],[0.4703, 0.7617],[0.465, 0.8102],[0.4589, 0.8483],[0.4853, 0.813],[0.4848, 0.7826],[0.4808, 0.8164],[0.4771, 0.8453]
[0.4626, 0.9242],[0.4311, 0.8826],[0.4215, 0.8188],[0.4393, 0.7671],[0.4568, 0.7351],[0.4263, 0.7797],[0.4263, 0.7156],[0.4328, 0.7387],[0.4357, 0.7755],[0.4478, 0.782],[0.453, 0.7086],[0.454, 0.7385],[0.4522, 0.7807],[0.4673, 0.7951],[0.4707, 0.7617],[0.4655, 0.81],[0.4596, 0.8493],[0.4857, 0.8143],[0.4855, 0.7826],[0.4813, 0.8157],[0.4773, 0.845]
[0.4635, 0.9235],[0.4327, 0.8823],[0.4236, 0.8187],[0.4414, 0.7675],[0.4587, 0.7354],[0.4263, 0.7797],[0.4259, 0.7161],[0.4332, 0.7378],[0.4366, 0.7749],[0.4478, 0.782],[0.453, 0.7085],[0.4545, 0.7375],[0.4526, 0.78],[0.4677, 0.7953],[0.4708, 0.7625],[0.4658, 0.8096],[0.46, 0.8479],[0.4859, 0.815],[0.4852, 0.7835],[0.4808, 0.8166],[0.4767, 0.8465]
[0.463, 0.9235],[0.4316, 0.8823],[0.4225, 0.8181],[0.4396, 0.7669],[0.4563, 0.7334],[0.4274, 0.7798],[0.4265, 0.7164],[0.4339, 0.739],[0.4372, 0.7754],[0.4487, 0.7813],[0.4534, 0.7076],[0.4547, 0.7374],[0.4526, 0.7792],[0.4681, 0.7943],[0.4711, 0.7615],[0.4661, 0.8098],[0.4604, 0.848],[0.4865, 0.8141],[0.4857, 0.7827],[0.4816, 0.8158],[0.4779, 0.8448]
[0.4639, 0.9252],[0.4336, 0.8857],[0.4243, 0.8225],[0.4407, 0.7699],[0.4565, 0.7346],[0.428, 0.7814],[0.4272, 0.717],[0.4336, 0.7387],[0.4364, 0.7755],[0.4491, 0.7824],[0.4541, 0.7082],[0.4547, 0.7367],[0.4525, 0.7783],[0.4685, 0.795],[0.4714, 0.7606],[0.4661, 0.8081],[0.4603, 0.8458],[0.4868, 0.8142],[0.486, 0.7817],[0.4817, 0.8146],[0.4777, 0.8438]
[0.4635, 0.9247],[0.4323, 0.8852],[0.4229, 0.8214],[0.4396, 0.77],[0.4563, 0.737],[0.4287, 0.7811],[0.4274, 0.7176],[0.4338, 0.7393],[0.437, 0.7758],[0.45, 0.7823],[0.4554, 0.7085],[0.4554, 0.7377],[0.4527, 0.7798],[0.4693, 0.795],[0.4721, 0.7614],[0.4661, 0.8092],[0.4603, 0.8472],[0.4877, 0.8144],[0.4861, 0.7842],[0.4813, 0.8174],[0.4775, 0.846]
[0.4638, 0.9235],[0.433, 0.8834],[0.4247, 0.8206],[0.4426, 0.7691],[0.4594, 0.7369],[0.4287, 0.7804],[0.4281, 0.7177],[0.4346, 0.7405],[0.4376, 0.7766],[0.4502, 0.7824],[0.4549, 0.7086],[0.4556, 0.739],[0.4537, 0.7821],[0.4699, 0.7952],[0.4724, 0.7606],[0.4666, 0.8088],[0.4604, 0.8486],[0.4878, 0.8142],[0.4865, 0.7817],[0.4816, 0.815],[0.4773, 0.8453]
[0.4653, 0.9242],[0.4354, 0.8861],[0.4266, 0.8222],[0.4443, 0.7683],[0.46, 0.7324],[0.4279, 0.7811],[0.428, 0.7184],[0.4353, 0.7425],[0.439, 0.7791],[0.4497, 0.7824],[0.4541, 0.7069],[0.4547, 0.7391],[0.4531, 0.7829],[0.4698, 0.7951],[0.4726, 0.7611],[0.4672, 0.8104],[0.4615, 0.8489],[0.488, 0.8142],[0.4865, 0.7831],[0.4822, 0.8176],[0.4785, 0.847]
[0.465, 0.9249],[0.4349, 0.8848],[0.4264, 0.8203],[0.4445, 0.7673],[0.4603, 0.731],[0.4292, 0.7799],[0.4286, 0.7175],[0.4353, 0.7425],[0.4386, 0.7798],[0.4507, 0.7819],[0.4552, 0.7079],[0.4557, 0.7397],[0.4542, 0.7823],[0.4704, 0.7951],[0.473, 0.7619],[0.4673, 0.8108],[0.4615, 0.8485],[0.4888, 0.8149],[0.4874, 0.7836],[0.4828, 0.8171],[0.4791, 0.8451]
[0.4656, 0.9254],[0.4351, 0.8869],[0.4257, 0.8212],[0.4418, 0.7676],[0.4579, 0.7316],[0.4299, 0.7816],[0.4289, 0.7178],[0.4356, 0.7418],[0.439, 0.7789],[0.451, 0.783],[0.456, 0.7079],[0.456, 0.7382],[0.454, 0.7805],[0.4704, 0.7958],[0.4731, 0.7614],[0.4675, 0.8102],[0.4621, 0.8481],[0.4886, 0.8151],[0.487, 0.7832],[0.4826, 0.8165],[0.4791, 0.8453]
[0.4653, 0.9247],[0.4355, 0.8847],[0.4262, 0.8215],[0.4435, 0.7699],[0.4609, 0.7371],[0.4295, 0.7806],[0.4295, 0.7176],[0.437, 0.7422],[0.4405, 0.7784],[0.4508, 0.7824],[0.4558, 0.7092],[0.4571, 0.7385],[0.4555, 0.779],[0.4708, 0.7954],[0.4739, 0.7628],[0.4688, 0.8102],[0.4633, 0.8472],[0.489, 0.8157],[0.4883, 0.7837],[0.4837, 0.8175],[0.4795, 0.8474]
[0.4663, 0.9235],[0.4358, 0.8847],[0.4258, 0.8217],[0.4416, 0.7686],[0.4588, 0.7352],[0.4299, 0.7806],[0.4293, 0.7177],[0.4366, 0.7392],[0.4403, 0.775],[0.4509, 0.7826],[0.4562, 0.709],[0.4573, 0.7382],[0.4556, 0.7805],[0.4704, 0.7955],[0.474, 0.7616],[0.4691, 0.8092],[0.4637, 0.8476],[0.4885, 0.8154],[0.4878, 0.7843],[0.4838, 0.8175],[0.4802, 0.8472]
[0.4655, 0.9233],[0.4347, 0.8842],[0.4256, 0.8211],[0.4431, 0.7692],[0.4603, 0.7363],[0.4304, 0.7807],[0.4297, 0.7176],[0.4371, 0.7409],[0.4409, 0.7774],[0.4519, 0.783],[0.4569, 0.7098],[0.4583, 0.7395],[0.4568, 0.7813],[0.4716, 0.7961],[0.4741, 0.7612],[0.4692, 0.8085],[0.4637, 0.8468],[0.4898, 0.8159],[0.4884, 0.7836],[0.4839, 0.8172],[0.4802, 0.8467]
[0.4653, 0.9223],[0.4343, 0.8828],[0.4258, 0.8189],[0.4436, 0.7671],[0.4612, 0.734],[0.4297, 0.7793],[0.4289, 0.718],[0.4363, 0.7409],[0.4401, 0.7772],[0.4512, 0.7812],[0.4557, 0.7079],[0.4564, 0.7379],[0.4547, 0.7806],[0.471, 0.7942],[0.4739, 0.7578],[0.4678, 0.8066],[0.4618, 0.8458],[0.4895, 0.8138],[0.4875, 0.7827],[0.4825, 0.8172],[0.4786, 0.847]
[0.4655, 0.9225],[0.4341, 0.8828],[0.4251, 0.8195],[0.4425, 0.7674],[0.4602, 0.7345],[0.4293, 0.7803],[0.4288, 0.7182],[0.4364, 0.7391],[0.4402, 0.7749],[0.4509, 0.7817],[0.4557, 0.7087],[0.4569, 0.7386],[0.455, 0.7821],[0.4706, 0.7943],[0.4734, 0.7592],[0.4681, 0.8074],[0.4626, 0.8471],[0.4892, 0.8136],[0.4878, 0.7828],[0.4834, 0.8168],[0.4796, 0.8468]
[0.4654, 0.9255],[0.4338, 0.8851],[0.425, 0.8203],[0.4435, 0.7684],[0.4615, 0.7355],[0.43, 0.7808],[0.4295, 0.718],[0.4363, 0.7409],[0.4399, 0.7774],[0.4516, 0.7826],[0.4564, 0.7094],[0.4569, 0.7397],[0.4548, 0.782],[0.4713, 0.7955],[0.4738, 0.7596],[0.4677, 0.8074],[0.4619, 0.8468],[0.4896, 0.8149],[0.4883, 0.7828],[0.4834, 0.8165],[0.4799, 0.8459]
[0.4645, 0.9269],[0.4333, 0.8834],[0.4256, 0.8171],[0.4446, 0.7666],[0.4619, 0.7345],[0.4293, 0.7805],[0.4293, 0.7179],[0.4357, 0.7421],[0.439, 0.7784],[0.4509, 0.7823],[0.456, 0.7083],[0.4562, 0.7393],[0.4541, 0.7817],[0.4707, 0.7955],[0.4738, 0.7597],[0.4677, 0.8084],[0.4617, 0.8478],[0.4893, 0.8151],[0.4879, 0.7824],[0.4833, 0.8162],[0.48, 0.8456]
[0.4647, 0.9271],[0.4338, 0.8842],[0.4253, 0.8187],[0.4428, 0.7669],[0.4593, 0.732],[0.4295, 0.7804],[0.4293, 0.7173],[0.4363, 0.7413],[0.4399, 0.7776],[0.451, 0.782],[0.456, 0.7077],[0.4561, 0.7387],[0.4535, 0.7814],[0.4707, 0.7953],[0.4738, 0.7602],[0.4678, 0.8094],[0.4618, 0.8482],[0.4891, 0.8154],[0.488, 0.7837],[0.4832, 0.8174],[0.4794, 0.8465]
[0.4655, 0.928],[0.4346, 0.8863],[0.4258, 0.8212],[0.4427, 0.7678],[0.4578, 0.7309],[0.4295, 0.7814],[0.4294, 0.7173],[0.4366, 0.7406],[0.4402, 0.777],[0.451, 0.7829],[0.4561, 0.7076],[0.4564, 0.7384],[0.454, 0.7815],[0.4708, 0.7962],[0.4742, 0.7616],[0.4687, 0.8112],[0.4627, 0.8501],[0.4892, 0.8161],[0.4888, 0.7845],[0.4844, 0.8189],[0.4803, 0.8485]
[0.4654, 0.9281],[0.434, 0.885],[0.4248, 0.8203],[0.4417, 0.7678],[0.4573, 0.7324],[0.4301, 0.7805],[0.4295, 0.7175],[0.4364, 0.7414],[0.4399, 0.777],[0.4515, 0.7822],[0.4566, 0.7086],[0.4568, 0.7397],[0.4542, 0.7815],[0.4711, 0.7955],[0.474, 0.7615],[0.4681, 0.8105],[0.4625, 0.8486],[0.4898, 0.8157],[0.4887, 0.7846],[0.484, 0.8189],[0.4804, 0.8476]
[0.4658, 0.9279],[0.4342, 0.8875],[0.4254, 0.822],[0.4424, 0.7682],[0.4573, 0.7323],[0.43, 0.7819],[0.4294, 0.718],[0.4366, 0.7416],[0.4401, 0.7769],[0.4515, 0.7828],[0.4565, 0.7091],[0.4575, 0.7414],[0.4549, 0.7839],[0.4709, 0.795],[0.4746, 0.7612],[0.4689, 0.8107],[0.4627, 0.8496],[0.4892, 0.8135],[0.489, 0.7831],[0.4848, 0.8172],[0.4811, 0.846]
[0.4653, 0.9271],[0.4345, 0.8843],[0.4259, 0.8191],[0.4438, 0.7668],[0.4601, 0.7328],[0.4293, 0.78],[0.4293, 0.7178],[0.4356, 0.7426],[0.4388, 0.7785],[0.4509, 0.7817],[0.456, 0.7082],[0.456, 0.7393],[0.4539, 0.7813],[0.4707, 0.7949],[0.4739, 0.7611],[0.4678, 0.8094],[0.4622, 0.8472],[0.489, 0.8146],[0.4882, 0.7831],[0.4837, 0.8166],[0.4807, 0.8452]
[0.466, 0.9279],[0.4358, 0.8877],[0.4264, 0.8225],[0.4428, 0.7702],[0.4598, 0.7363],[0.4293, 0.7813],[0.429, 0.7179],[0.4348, 0.7417],[0.4376, 0.7785],[0.4508, 0.7834],[0.4555, 0.7094],[0.4554, 0.7402],[0.4533, 0.7813],[0.4708, 0.7964],[0.4725, 0.7633],[0.467, 0.811],[0.4622, 0.8468],[0.4896, 0.816],[0.4869, 0.7847],[0.4823, 0.818],[0.4794, 0.8457]
[0.465, 0.9283],[0.4342, 0.8857],[0.4258, 0.8197],[0.4436, 0.7681],[0.4606, 0.7353],[0.4289, 0.7809],[0.429, 0.7175],[0.4354, 0.7418],[0.4378, 0.7782],[0.4506, 0.7828],[0.4554, 0.7101],[0.4564, 0.742],[0.4541, 0.7832],[0.4703, 0.7957],[0.4726, 0.7623],[0.4676, 0.8104],[0.4624, 0.8481],[0.489, 0.815],[0.4872, 0.783],[0.4834, 0.8164],[0.481, 0.8443]
[0.4653, 0.9299],[0.4332, 0.8865],[0.4243, 0.8184],[0.4422, 0.7658],[0.4598, 0.7325],[0.4292, 0.7813],[0.4289, 0.7176],[0.4356, 0.7422],[0.4387, 0.7784],[0.4506, 0.7828],[0.4553, 0.7095],[0.4554, 0.7423],[0.4531, 0.785],[0.4703, 0.7953],[0.4725, 0.7616],[0.4668, 0.8112],[0.4615, 0.8499],[0.4891, 0.8139],[0.4869, 0.7828],[0.4824, 0.8165],[0.4799, 0.8448]
[0.4656, 0.928],[0.4345, 0.8862],[0.425, 0.8202],[0.4422, 0.7665],[0.4589, 0.7313],[0.4287, 0.7808],[0.4281, 0.7177],[0.4353, 0.7439],[0.4386, 0.7793],[0.4499, 0.7822],[0.454, 0.7083],[0.4552, 0.7409],[0.4535, 0.7823],[0.4698, 0.7943],[0.4722, 0.7607],[0.4668, 0.8099],[0.461, 0.8478],[0.4883, 0.8128],[0.4864, 0.7815],[0.4822, 0.8153],[0.479, 0.8438]
[0.4646, 0.9277],[0.4332, 0.8848],[0.4244, 0.8181],[0.4425, 0.7662],[0.46, 0.7329],[0.4279, 0.7792],[0.4281, 0.7178],[0.435, 0.7424],[0.4386, 0.7784],[0.4495, 0.7812],[0.4545, 0.7086],[0.4549, 0.7397],[0.4532, 0.7813],[0.4695, 0.7942],[0.4717, 0.7614],[0.4657, 0.8097],[0.4602, 0.8475],[0.4879, 0.8137],[0.4856, 0.7828],[0.4808, 0.8165],[0.4776, 0.8451]
[0.4637, 0.9245],[0.4326, 0.8817],[0.4244, 0.8165],[0.442, 0.7658],[0.4581, 0.7326],[0.4279, 0.7791],[0.4277, 0.7173],[0.4342, 0.7431],[0.4376, 0.7796],[0.4496, 0.7811],[0.4546, 0.7091],[0.4549, 0.7417],[0.4529, 0.784],[0.4695, 0.7936],[0.4718, 0.7615],[0.466, 0.8092],[0.4601, 0.8466],[0.4875, 0.8125],[0.4857, 0.7823],[0.4814, 0.8158],[0.4783, 0.8443]
[0.4639, 0.9253],[0.4328, 0.8829],[0.4242, 0.8181],[0.4422, 0.7665],[0.4585, 0.7326],[0.4278, 0.7791],[0.428, 0.7171],[0.4342, 0.7431],[0.4374, 0.7798],[0.4494, 0.7809],[0.4542, 0.7079],[0.4543, 0.7401],[0.4523, 0.7822],[0.4692, 0.7938],[0.4716, 0.7607],[0.4656, 0.8083],[0.4602, 0.8459],[0.4874, 0.8134],[0.4857, 0.7816],[0.4811, 0.8145],[0.4781, 0.8429]
[0.4647, 0.9272],[0.4343, 0.8865],[0.4253, 0.8205],[0.4431, 0.7679],[0.4584, 0.7326],[0.4274, 0.7801],[0.4272, 0.7173],[0.4342, 0.7426],[0.4379, 0.779],[0.4489, 0.7815],[0.4532, 0.7071],[0.4539, 0.7385],[0.4522, 0.7803],[0.4687, 0.7943],[0.4716, 0.7617],[0.4662, 0.8097],[0.4607, 0.8471],[0.4868, 0.8139],[0.4864, 0.7821],[0.4821, 0.8149],[0.4785, 0.8436]
[0.4637, 0.927],[0.433, 0.8838],[0.4241, 0.8192],[0.4415, 0.7667],[0.4581, 0.7317],[0.4273, 0.7798],[0.4273, 0.7172],[0.434, 0.741],[0.4376, 0.777],[0.4486, 0.7821],[0.4534, 0.7079],[0.4539, 0.7387],[0.4523, 0.7799],[0.4686, 0.7955],[0.4711, 0.7624],[0.4652, 0.8102],[0.4599, 0.8468],[0.4872, 0.8154],[0.4856, 0.7838],[0.4808, 0.8167],[0.4776, 0.8448]
[0.4631, 0.926],[0.4322, 0.8836],[0.4229, 0.819],[0.4405, 0.7669],[0.4578, 0.7324],[0.4279, 0.7792],[0.4272, 0.717],[0.434, 0.7426],[0.4377, 0.7792],[0.4491, 0.7821],[0.4537, 0.7086],[0.4538, 0.7403],[0.4518, 0.7823],[0.4689, 0.7959],[0.4714, 0.7619],[0.4652, 0.81],[0.4596, 0.8474],[0.4874, 0.8166],[0.4855, 0.7838],[0.4803, 0.8175],[0.477, 0.8467]
[0.4624, 0.9256],[0.4316, 0.8816],[0.4232, 0.8169],[0.4412, 0.7661],[0.458, 0.7323],[0.4271, 0.7788],[0.4269, 0.7172],[0.4336, 0.7432],[0.4371, 0.7803],[0.4485, 0.7814],[0.4529, 0.7079],[0.4533, 0.7397],[0.4517, 0.7822],[0.4685, 0.7949],[0.471, 0.7615],[0.465, 0.8096],[0.4593, 0.8474],[0.4869, 0.8152],[0.4854, 0.7824],[0.4801, 0.816],[0.4762, 0.8456]
[0.4625, 0.9256],[0.432, 0.8836],[0.4233, 0.8192],[0.4405, 0.7666],[0.4563, 0.73],[0.4271, 0.7798],[0.4272, 0.7171],[0.434, 0.743],[0.4372, 0.7805],[0.4485, 0.7827],[0.4529, 0.7084],[0.4532, 0.7407],[0.4511, 0.7832],[0.4684, 0.7964],[0.471, 0.7625],[0.4652, 0.8118],[0.4595, 0.8498],[0.4868, 0.8162],[0.4852, 0.7838],[0.4803, 0.818],[0.4767, 0.8472]
[0.4626, 0.9261],[0.432, 0.8841],[0.4232, 0.8213],[0.4407, 0.7684],[0.4573, 0.7333],[0.4267, 0.78],[0.427, 0.7168],[0.433, 0.7424],[0.4359, 0.7782],[0.4479, 0.7817],[0.4531, 0.707],[0.4529, 0.7387],[0.4506, 0.7804],[0.4678, 0.7949],[0.4704, 0.7604],[0.4643, 0.8095],[0.4586, 0.8475],[0.4863, 0.8148],[0.4847, 0.7827],[0.4798, 0.8172],[0.4762, 0.8466]
[0.4631, 0.9258],[0.4328, 0.8847],[0.424, 0.8215],[0.4409, 0.7677],[0.4569, 0.7313],[0.4265, 0.7801],[0.4263, 0.7164],[0.4333, 0.74],[0.4366, 0.776],[0.4478, 0.7821],[0.4529, 0.7079],[0.4535, 0.7392],[0.4514, 0.7817],[0.4677, 0.7951],[0.4708, 0.7607],[0.4652, 0.8097],[0.4589, 0.8485],[0.4862, 0.8144],[0.4854, 0.7826],[0.4809, 0.8169],[0.477, 0.8468]
[0.463, 0.9265],[0.4325, 0.8846],[0.4235, 0.8221],[0.4404, 0.7688],[0.4572, 0.7334],[0.4263, 0.7805],[0.4263, 0.717],[0.4335, 0.7392],[0.437, 0.775],[0.4478, 0.782],[0.4527, 0.7087],[0.4537, 0.7394],[0.4512, 0.782],[0.4677, 0.7947],[0.4711, 0.7617],[0.4657, 0.8108],[0.4594, 0.8501],[0.4862, 0.8141],[0.4856, 0.784],[0.4811, 0.8182],[0.4771, 0.8474]
[0.4635, 0.9263],[0.4324, 0.8862],[0.4228, 0.8223],[0.4389, 0.7682],[0.4555, 0.7328],[0.4267, 0.7811],[0.4261, 0.7175],[0.4332, 0.74],[0.4368, 0.7758],[0.4479, 0.7824],[0.4527, 0.7085],[0.4533, 0.7392],[0.451, 0.7814],[0.4676, 0.795],[0.471, 0.7611],[0.4652, 0.8104],[0.4589, 0.8493],[0.486, 0.8138],[0.4854, 0.7839],[0.4804, 0.8184],[0.4761, 0.8474]
[0.4633, 0.9262],[0.4322, 0.8867],[0.4217, 0.8237],[0.4372, 0.7693],[0.4535, 0.7339],[0.4269, 0.7809],[0.4257, 0.7172],[0.4331, 0.7398],[0.4368, 0.7751],[0.4477, 0.7827],[0.4526, 0.7086],[0.4537, 0.7387],[0.4518, 0.7804],[0.4672, 0.7954],[0.471, 0.7609],[0.4653, 0.8105],[0.4592, 0.8494],[0.4856, 0.8146],[0.4855, 0.7836],[0.4808, 0.8181],[0.4765, 0.8473]
[0.4633, 0.9273],[0.4318, 0.8874],[0.4215, 0.8238],[0.4371, 0.7689],[0.4534, 0.7322],[0.4271, 0.7821],[0.4257, 0.7171],[0.4334, 0.7402],[0.4371, 0.7762],[0.448, 0.7837],[0.4529, 0.709],[0.4543, 0.7384],[0.4529, 0.7794],[0.4675, 0.7962],[0.4703, 0.7612],[0.4653, 0.8103],[0.4598, 0.8491],[0.486, 0.8152],[0.4847, 0.7826],[0.4802, 0.8168],[0.4765, 0.8464]
[0.4627, 0.9265],[0.4312, 0.8861],[0.4208, 0.8244],[0.4366, 0.7708],[0.454, 0.736],[0.4269, 0.7815],[0.4261, 0.7168],[0.4338, 0.7389],[0.4369, 0.775],[0.4478, 0.7835],[0.4529, 0.7102],[0.4549, 0.7391],[0.453, 0.7807],[0.4671, 0.7958],[0.4707, 0.7622],[0.4656, 0.8103],[0.4594, 0.8499],[0.4855, 0.8143],[0.4853, 0.7822],[0.4809, 0.8153],[0.4765, 0.8453]
[0.4632, 0.9261],[0.4315, 0.8863],[0.4205, 0.8237],[0.4364, 0.7701],[0.4538, 0.7363],[0.4267, 0.7817],[0.4257, 0.7169],[0.4332, 0.7387],[0.4363, 0.7747],[0.4477, 0.7838],[0.4527, 0.7107],[0.4547, 0.7403],[0.4525, 0.7821],[0.467, 0.7962],[0.4707, 0.7615],[0.4655, 0.8097],[0.4591, 0.8491],[0.4855, 0.8149],[0.4855, 0.7836],[0.4807, 0.8167],[0.4756, 0.8465]
[0.4634, 0.927],[0.4319, 0.888],[0.421, 0.825],[0.4372, 0.7709],[0.4549, 0.7369],[0.4266, 0.7829],[0.4254, 0.717],[0.4326, 0.7377],[0.4359, 0.7738],[0.4477, 0.7843],[0.4525, 0.7101],[0.454, 0.7375],[0.4519, 0.7784],[0.467, 0.7967],[0.4702, 0.7614],[0.4648, 0.8096],[0.4586, 0.8493],[0.4859, 0.8152],[0.4853, 0.7832],[0.4806, 0.8164],[0.4761, 0.8461]
[0.463, 0.928],[0.4322, 0.8879],[0.4224, 0.8235],[0.4397, 0.7702],[0.4573, 0.7366],[0.4259, 0.7828],[0.4253, 0.7171],[0.4327, 0.7391],[0.4359, 0.7757],[0.4473, 0.7838],[0.4522, 0.7091],[0.4535, 0.7374],[0.4516, 0.7785],[0.467, 0.7964],[0.4707, 0.7622],[0.4655, 0.8107],[0.4593, 0.8499],[0.4854, 0.815],[0.4853, 0.784],[0.4809, 0.8175],[0.4767, 0.8468]
[0.463, 0.9264],[0.4325, 0.8865],[0.4225, 0.8234],[0.4395, 0.7708],[0.4568, 0.7369],[0.4261, 0.7808],[0.4251, 0.7175],[0.4319, 0.74],[0.4355, 0.7757],[0.4473, 0.7822],[0.452, 0.7077],[0.4525, 0.7375],[0.4506, 0.7792],[0.467, 0.7951],[0.4703, 0.7619],[0.4646, 0.811],[0.4591, 0.8494],[0.4854, 0.8144],[0.4842, 0.784],[0.4795, 0.8182],[0.4761, 0.847]
[0.4631, 0.9262],[0.4331, 0.8875],[0.4232, 0.8244],[0.4396, 0.7708],[0.4557, 0.7351],[0.4259, 0.7816],[0.4255, 0.7172],[0.4326, 0.7387],[0.4358, 0.7752],[0.4472, 0.7829],[0.4522, 0.709],[0.4537, 0.7379],[0.4517, 0.7793],[0.4669, 0.7955],[0.4702, 0.7623],[0.4653, 0.811],[0.4595, 0.8497],[0.485, 0.8144],[0.4844, 0.783],[0.4807, 0.8171],[0.4772, 0.8464]
[0.4625, 0.9247],[0.4312, 0.884],[0.4216, 0.8197],[0.4382, 0.7674],[0.4547, 0.7347],[0.4258, 0.78],[0.4255, 0.717],[0.4326, 0.7395],[0.4357, 0.7752],[0.4471, 0.782],[0.4523, 0.7092],[0.4533, 0.74],[0.4512, 0.7817],[0.4668, 0.7946],[0.4701, 0.7619],[0.4649, 0.8098],[0.4592, 0.8475],[0.485, 0.8138],[0.4844, 0.7824],[0.4802, 0.8158],[0.4767, 0.8445]
[0.4621, 0.9242],[0.431, 0.8828],[0.422, 0.8187],[0.4394, 0.7675],[0.4562, 0.7354],[0.4257, 0.7801],[0.4256, 0.7168],[0.4327, 0.7395],[0.4358, 0.7755],[0.4471, 0.7821],[0.4522, 0.7102],[0.4538, 0.7406],[0.4518, 0.7827],[0.4668, 0.7945],[0.4699, 0.7627],[0.4652, 0.8103],[0.4593, 0.8486],[0.485, 0.8133],[0.4844, 0.7831],[0.4803, 0.8164],[0.4765, 0.8456]
[0.4622, 0.9244],[0.4312, 0.8828],[0.4223, 0.8185],[0.44, 0.7674],[0.4571, 0.7345],[0.4253, 0.7797],[0.4255, 0.7171],[0.4322, 0.7407],[0.4354, 0.7768],[0.4466, 0.7816],[0.4515, 0.708],[0.452, 0.7386],[0.4504, 0.7811],[0.4665, 0.7943],[0.4694, 0.762],[0.4641, 0.8096],[0.4587, 0.8471],[0.4849, 0.8137],[0.4836, 0.7826],[0.4791, 0.8159],[0.4757, 0.8447]
[0.4625, 0.925],[0.4317, 0.8842],[0.422, 0.8206],[0.4397, 0.7686],[0.4575, 0.7359],[0.4255, 0.7792],[0.4257, 0.7172],[0.4324, 0.7423],[0.4356, 0.7784],[0.447, 0.7814],[0.4518, 0.7087],[0.4526, 0.739],[0.4512, 0.7799],[0.4669, 0.7942],[0.4699, 0.7615],[0.4641, 0.8092],[0.4583, 0.8467],[0.4853, 0.8138],[0.4844, 0.7828],[0.4793, 0.8165],[0.4752, 0.8455]
[0.4622, 0.925],[0.4312, 0.8838],[0.4223, 0.8189],[0.4403, 0.7675],[0.4583, 0.7352],[0.4257, 0.779],[0.4259, 0.7168],[0.433, 0.7412],[0.4362, 0.7775],[0.4471, 0.7813],[0.4522, 0.7091],[0.4533, 0.7389],[0.4516, 0.78],[0.4668, 0.7944],[0.47, 0.7615],[0.4643, 0.8091],[0.4583, 0.847],[0.485, 0.8144],[0.4842, 0.7829],[0.4793, 0.8168],[0.475, 0.8466]
[0.4631, 0.9246],[0.4323, 0.8844],[0.4228, 0.8206],[0.4397, 0.7678],[0.4563, 0.7332],[0.4254, 0.7791],[0.4251, 0.7172],[0.4323, 0.7414],[0.4357, 0.7776],[0.4468, 0.7806],[0.4515, 0.708],[0.4526, 0.739],[0.4509, 0.7812],[0.4666, 0.7933],[0.4698, 0.7607],[0.4645, 0.8091],[0.4588, 0.8472],[0.4849, 0.8129],[0.484, 0.783],[0.4794, 0.8177],[0.4754, 0.8473]