[0.1741, 0.6694],[0.3664, 0.6019],[0.4645, 0.4743],[0.5476, 0.3776],[0.5335, 0.2992],[0.2168, 0.1926],[0.3315, 0.044],[0.4597, 0.0131],[0.5602, 0.0303],[0.1624, 0.1954],[0.4587, 0.2008],[0.4679, 0.3552],[0.4009, 0.4131],[0.1571, 0.2227],[0.4471, 0.2508],[0.4335, 0.4019],[0.3562, 0.4415],[0.176, 0.2724],[0.4145, 0.3189],[0.3951, 0.429],[0.3179, 0.4601]
[0.142, 0.6828],[0.348, 0.5954],[0.4636, 0.4768],[0.5491, 0.376],[0.5325, 0.2828],[0.2095, 0.1951],[0.3412, 0.0424],[0.4684, 0.0241],[0.5724, 0.0541],[0.1595, 0.1935],[0.4495, 0.209],[0.4553, 0.359],[0.3883, 0.4172],[0.1585, 0.2241],[0.4422, 0.2642],[0.4242, 0.4033],[0.3489, 0.4492],[0.1867, 0.2741],[0.415, 0.3128],[0.3999, 0.421],[0.3349, 0.4631]
[0.1415, 0.6888],[0.3383, 0.5981],[0.4539, 0.4809],[0.5437, 0.3822],[0.5301, 0.2833],[0.2071, 0.1967],[0.3276, 0.0508],[0.4534, 0.0257],[0.5559, 0.0511],[0.1624, 0.1951],[0.4432, 0.2115],[0.45, 0.3585],[0.3815, 0.4175],[0.1629, 0.2219],[0.4344, 0.2623],[0.4184, 0.4014],[0.3446, 0.4481],[0.1901, 0.2683],[0.4106, 0.3079],[0.3912, 0.4161],[0.3227, 0.4587]
[0.1445, 0.6828],[0.3426, 0.5954],[0.4548, 0.4795],[0.5452, 0.3831],[0.533, 0.2885],[0.2115, 0.1978],[0.3271, 0.0437],[0.4558, 0.0224],[0.5593, 0.0538],[0.1644, 0.1954],[0.4451, 0.2153],[0.4558, 0.368],[0.3893, 0.4194],[0.1639, 0.2221],[0.4359, 0.2618],[0.4228, 0.4046],[0.348, 0.4481],[0.1896, 0.268],[0.4092, 0.3033],[0.3936, 0.4142],[0.3266, 0.4557]
[0.1411, 0.6912],[0.3392, 0.5975],[0.4529, 0.4811],[0.5427, 0.3839],[0.5311, 0.2853],[0.2076, 0.1989],[0.3305, 0.0525],[0.4563, 0.0262],[0.5602, 0.0506],[0.159, 0.1976],[0.4441, 0.2104],[0.4539, 0.3609],[0.3883, 0.4208],[0.1585, 0.2251],[0.4354, 0.2612],[0.4203, 0.403],[0.346, 0.4505],[0.1862, 0.2732],[0.4101, 0.306],[0.3927, 0.4156],[0.3242, 0.4601]
[0.143, 0.6891],[0.3455, 0.5934],[0.4543, 0.476],[0.5437, 0.3801],[0.5316, 0.288],[0.2076, 0.1981],[0.3285, 0.0492],[0.4558, 0.0268],[0.5583, 0.0555],[0.161, 0.1962],[0.4461, 0.2159],[0.4534, 0.3683],[0.3849, 0.424],[0.1615, 0.2213],[0.4388, 0.2626],[0.4233, 0.4071],[0.3465, 0.4525],[0.1882, 0.2645],[0.4126, 0.3044],[0.3936, 0.418],[0.3237, 0.4598]
[0.1425, 0.6904],[0.3417, 0.5992],[0.4529, 0.4822],[0.5427, 0.3847],[0.5321, 0.2888],[0.2086, 0.1997],[0.3276, 0.0517],[0.4548, 0.0279],[0.5588, 0.0547],[0.1629, 0.1973],[0.4456, 0.22],[0.4524, 0.3719],[0.3829, 0.4249],[0.1634, 0.2243],[0.4378, 0.2669],[0.4218, 0.4093],[0.3451, 0.4533],[0.1891, 0.2713],[0.4116, 0.3066],[0.3946, 0.4178],[0.3247, 0.4609]
[0.1464, 0.6863],[0.3455, 0.5943],[0.4543, 0.4765],[0.5437, 0.3809],[0.533, 0.288],[0.2071, 0.197],[0.3281, 0.0473],[0.4563, 0.0252],[0.5597, 0.0525],[0.161, 0.1959],[0.4475, 0.2159],[0.4558, 0.3675],[0.3873, 0.4183],[0.1615, 0.2235],[0.4398, 0.2642],[0.4237, 0.4071],[0.346, 0.4492],[0.1882, 0.271],[0.4135, 0.3057],[0.3975, 0.4186],[0.3271, 0.4601]
[0.1435, 0.6847],[0.3421, 0.6025],[0.4582, 0.4877],[0.5481, 0.3872],[0.5359, 0.2853],[0.2144, 0.1992],[0.3329, 0.0517],[0.4592, 0.0254],[0.5622, 0.0511],[0.1668, 0.1954],[0.4471, 0.2164],[0.4582, 0.3656],[0.3927, 0.4249],[0.1649, 0.2216],[0.4359, 0.265],[0.4233, 0.406],[0.3509, 0.4546],[0.1891, 0.2669],[0.4116, 0.3098],[0.3975, 0.4208],[0.3315, 0.4667]
[0.144, 0.6891],[0.3465, 0.5962],[0.4597, 0.4787],[0.5491, 0.3828],[0.535, 0.2877],[0.2091, 0.1967],[0.3324, 0.0511],[0.4607, 0.0265],[0.5646, 0.0506],[0.1624, 0.1965],[0.4514, 0.2191],[0.4582, 0.3713],[0.3888, 0.424],[0.1634, 0.2262],[0.4403, 0.2683],[0.4247, 0.412],[0.3485, 0.4541],[0.1911, 0.2749],[0.4155, 0.3098],[0.398, 0.4232],[0.3281, 0.465]
[0.1459, 0.6926],[0.3475, 0.5943],[0.4607, 0.4768],[0.5495, 0.3806],[0.5345, 0.2847],[0.2139, 0.2],[0.3334, 0.0541],[0.4602, 0.0276],[0.5646, 0.0511],[0.1658, 0.1981],[0.4505, 0.22],[0.4553, 0.3719],[0.3854, 0.4246],[0.1639, 0.2257],[0.4383, 0.2678],[0.4218, 0.412],[0.3446, 0.4541],[0.1887, 0.2724],[0.4111, 0.3071],[0.3936, 0.4216],[0.3222, 0.4637]
[0.1454, 0.6893],[0.3436, 0.5956],[0.4592, 0.4768],[0.5486, 0.3803],[0.533, 0.2858],[0.2139, 0.1951],[0.3339, 0.0492],[0.4611, 0.0268],[0.5646, 0.0538],[0.1658, 0.1924],[0.4475, 0.2189],[0.4543, 0.3694],[0.3859, 0.4202],[0.1639, 0.2213],[0.4359, 0.2672],[0.4199, 0.4087],[0.3441, 0.4505],[0.1882, 0.2694],[0.4097, 0.3063],[0.3922, 0.418],[0.3217, 0.4604]
[0.1459, 0.691],[0.348, 0.594],[0.4587, 0.4754],[0.5466, 0.3809],[0.535, 0.2891],[0.2086, 0.1967],[0.3334, 0.0508],[0.4611, 0.0276],[0.5651, 0.056],[0.1595, 0.197],[0.4451, 0.2112],[0.4573, 0.3639],[0.3941, 0.4243],[0.16, 0.2257],[0.4349, 0.2612],[0.4247, 0.4041],[0.3538, 0.4546],[0.1891, 0.2732],[0.4116, 0.3063],[0.3965, 0.4164],[0.3295, 0.4607]
[0.1386, 0.6891],[0.3421, 0.5981],[0.4529, 0.4787],[0.5413, 0.3812],[0.5321, 0.2888],[0.2047, 0.194],[0.329, 0.0486],[0.4577, 0.026],[0.5627, 0.0568],[0.1581, 0.1932],[0.4461, 0.2153],[0.4573, 0.3672],[0.3927, 0.4251],[0.161, 0.2224],[0.4369, 0.2659],[0.4242, 0.4071],[0.3509, 0.4557],[0.1916, 0.2705],[0.414, 0.3126],[0.399, 0.421],[0.3319, 0.4642]
[0.1425, 0.6943],[0.3465, 0.5984],[0.4587, 0.4787],[0.5471, 0.3803],[0.5306, 0.2861],[0.2129, 0.1984],[0.3329, 0.0497],[0.4592, 0.026],[0.5631, 0.0571],[0.1619, 0.197],[0.4475, 0.2148],[0.4568, 0.3697],[0.3912, 0.4273],[0.1585, 0.2243],[0.4364, 0.2656],[0.4208, 0.4115],[0.3451, 0.4579],[0.1823, 0.2719],[0.4092, 0.3104],[0.3912, 0.4246],[0.3203, 0.468]
[0.1406, 0.6915],[0.3431, 0.5956],[0.4543, 0.479],[0.5427, 0.3842],[0.5325, 0.2872],[0.2115, 0.1973],[0.3305, 0.0486],[0.4577, 0.0268],[0.5612, 0.0601],[0.1624, 0.1962],[0.4471, 0.2139],[0.4577, 0.3689],[0.3946, 0.4271],[0.16, 0.2232],[0.4349, 0.2664],[0.4218, 0.4112],[0.3489, 0.4601],[0.1843, 0.27],[0.4053, 0.3082],[0.3897, 0.4208],[0.3222, 0.465]
[0.1411, 0.6921],[0.3446, 0.5962],[0.4573, 0.4768],[0.5471, 0.3814],[0.5335, 0.2902],[0.2115, 0.1976],[0.3315, 0.0484],[0.4582, 0.0262],[0.5631, 0.0585],[0.161, 0.1967],[0.4495, 0.2161],[0.4577, 0.3705],[0.3931, 0.4262],[0.159, 0.2251],[0.4373, 0.2702],[0.4199, 0.4148],[0.3441, 0.4601],[0.1833, 0.273],[0.4087, 0.312],[0.3897, 0.4243],[0.3198, 0.4669]
[0.1401, 0.6956],[0.3421, 0.6005],[0.4568, 0.4817],[0.5461, 0.3839],[0.534, 0.2888],[0.2125, 0.1992],[0.3344, 0.0503],[0.4616, 0.0268],[0.5665, 0.059],[0.1615, 0.1984],[0.4495, 0.2189],[0.4577, 0.3721],[0.3936, 0.4322],[0.1581, 0.226],[0.4344, 0.2721],[0.4179, 0.415],[0.3455, 0.4639],[0.1819, 0.273],[0.4043, 0.3112],[0.3878, 0.4213],[0.3213, 0.4664]
[0.1411, 0.6953],[0.3451, 0.5964],[0.4568, 0.4787],[0.5457, 0.3825],[0.534, 0.288],[0.2139, 0.197],[0.3349, 0.0525],[0.4602, 0.0287],[0.5646, 0.0596],[0.1629, 0.1956],[0.4505, 0.2167],[0.4597, 0.3719],[0.397, 0.4339],[0.159, 0.2238],[0.4344, 0.2713],[0.4184, 0.4159],[0.346, 0.4672],[0.1819, 0.2724],[0.4024, 0.3128],[0.3863, 0.4246],[0.3188, 0.4705]
[0.142, 0.6945],[0.3451, 0.5989],[0.4568, 0.4822],[0.5461, 0.3869],[0.5359, 0.2921],[0.2139, 0.1992],[0.3392, 0.0503],[0.466, 0.0293],[0.5699, 0.0629],[0.1644, 0.1992],[0.4519, 0.2221],[0.4568, 0.3765],[0.3907, 0.432],[0.1629, 0.2279],[0.4398, 0.2708],[0.4203, 0.415],[0.3455, 0.462],[0.1872, 0.2751],[0.4087, 0.3082],[0.3907, 0.4224],[0.3222, 0.468]
[0.1415, 0.6951],[0.3421, 0.6003],[0.4573, 0.4811],[0.5461, 0.3836],[0.5345, 0.2894],[0.2183, 0.1997],[0.3383, 0.0506],[0.465, 0.0293],[0.5675, 0.0637],[0.1663, 0.1976],[0.4514, 0.2208],[0.4563, 0.3727],[0.3883, 0.4281],[0.161, 0.2271],[0.4344, 0.2751],[0.416, 0.4172],[0.3407, 0.4618],[0.1823, 0.2765],[0.4019, 0.3156],[0.3834, 0.4254],[0.3135, 0.468]
[0.143, 0.6975],[0.3397, 0.6046],[0.4553, 0.4863],[0.5442, 0.391],[0.5345, 0.2951],[0.2202, 0.2011],[0.3397, 0.0503],[0.466, 0.0301],[0.5675, 0.0667],[0.1692, 0.1995],[0.4509, 0.2169],[0.4597, 0.3697],[0.3951, 0.4292],[0.1634, 0.2282],[0.4335, 0.2727],[0.4174, 0.4159],[0.3446, 0.4637],[0.1843, 0.2773],[0.4009, 0.3145],[0.3839, 0.4251],[0.3159, 0.4697]
[0.1415, 0.6997],[0.3402, 0.6044],[0.4543, 0.4861],[0.5423, 0.3904],[0.534, 0.2951],[0.2178, 0.2011],[0.3373, 0.053],[0.4631, 0.0317],[0.5656, 0.0661],[0.1658, 0.1984],[0.45, 0.2164],[0.4587, 0.368],[0.3927, 0.426],[0.1615, 0.2279],[0.433, 0.2746],[0.4174, 0.4172],[0.3431, 0.4623],[0.1843, 0.2782],[0.4019, 0.3205],[0.3844, 0.4292],[0.3145, 0.4702]
[0.1396, 0.7005],[0.3373, 0.6079],[0.4524, 0.4883],[0.5408, 0.3918],[0.5301, 0.2932],[0.2129, 0.2022],[0.3353, 0.0552],[0.4631, 0.0328],[0.5646, 0.0637],[0.1634, 0.1997],[0.4475, 0.2205],[0.4553, 0.3721],[0.3878, 0.4265],[0.1605, 0.2298],[0.4325, 0.2746],[0.4169, 0.4172],[0.3421, 0.4612],[0.1833, 0.2809],[0.4009, 0.318],[0.3844, 0.4281],[0.3159, 0.4697]
[0.1343, 0.6989],[0.3383, 0.603],[0.4505, 0.4863],[0.5398, 0.3915],[0.533, 0.2965],[0.2091, 0.2055],[0.3334, 0.0552],[0.4616, 0.0342],[0.5646, 0.0661],[0.159, 0.2036],[0.4432, 0.2169],[0.4539, 0.3697],[0.3878, 0.4221],[0.1576, 0.2328],[0.4325, 0.27],[0.4189, 0.4156],[0.3426, 0.4574],[0.1828, 0.2833],[0.4043, 0.3156],[0.3873, 0.4279],[0.3164, 0.4675]
[0.1386, 0.6964],[0.346, 0.5978],[0.4568, 0.4811],[0.5466, 0.385],[0.533, 0.2918],[0.2086, 0.203],[0.3329, 0.0544],[0.4611, 0.0328],[0.5661, 0.065],[0.1571, 0.2022],[0.4471, 0.2191],[0.4577, 0.3738],[0.3922, 0.4257],[0.1547, 0.2317],[0.4344, 0.2716],[0.4213, 0.4172],[0.3446, 0.4571],[0.1804, 0.2809],[0.4063, 0.3164],[0.3897, 0.4298],[0.3174, 0.4686]
[0.1425, 0.6943],[0.3451, 0.6008],[0.4587, 0.4855],[0.5491, 0.3891],[0.5355, 0.291],[0.2159, 0.2033],[0.3363, 0.0538],[0.4645, 0.0312],[0.568, 0.0639],[0.1619, 0.2008],[0.4475, 0.2167],[0.4621, 0.3694],[0.4014, 0.426],[0.1571, 0.2298],[0.4335, 0.2705],[0.4223, 0.4131],[0.3509, 0.459],[0.1799, 0.2795],[0.4029, 0.3128],[0.3902, 0.4232],[0.3242, 0.4664]
[0.1415, 0.6967],[0.3455, 0.6014],[0.4607, 0.4842],[0.5534, 0.3855],[0.5374, 0.2899],[0.2178, 0.2014],[0.3392, 0.0525],[0.4675, 0.0309],[0.5714, 0.0642],[0.1668, 0.1984],[0.4509, 0.2194],[0.4597, 0.3746],[0.3931, 0.4303],[0.1624, 0.2249],[0.4388, 0.2669],[0.4242, 0.4137],[0.348, 0.4585],[0.1848, 0.271],[0.4087, 0.3079],[0.3917, 0.4246],[0.3208, 0.4689]
[0.1445, 0.6943],[0.347, 0.6008],[0.4592, 0.4844],[0.5495, 0.3863],[0.5398, 0.2883],[0.2202, 0.1984],[0.3441, 0.0497],[0.4733, 0.0301],[0.5772, 0.0629],[0.1721, 0.1943],[0.4543, 0.2178],[0.4631, 0.3719],[0.3965, 0.4268],[0.1692, 0.2205],[0.4427, 0.2639],[0.4271, 0.4098],[0.3519, 0.4563],[0.1921, 0.2667],[0.414, 0.3041],[0.397, 0.4194],[0.3271, 0.4637]
[0.1488, 0.6923],[0.3538, 0.594],[0.466, 0.4743],[0.5525, 0.3798],[0.5393, 0.2874],[0.2222, 0.1894],[0.3475, 0.0473],[0.4772, 0.029],[0.5797, 0.0634],[0.1741, 0.1872],[0.4582, 0.2156],[0.4675, 0.3705],[0.4009, 0.4257],[0.1717, 0.2159],[0.4461, 0.2629],[0.432, 0.4112],[0.3562, 0.4585],[0.193, 0.2653],[0.415, 0.3041],[0.399, 0.4221],[0.329, 0.4672]
[0.1551, 0.6888],[0.3591, 0.5891],[0.4709, 0.4705],[0.5559, 0.3792],[0.5437, 0.2888],[0.228, 0.1899],[0.346, 0.044],[0.4767, 0.0243],[0.5806, 0.0615],[0.178, 0.1869],[0.4592, 0.212],[0.4772, 0.3648],[0.4145, 0.4191],[0.1731, 0.215],[0.4432, 0.2637],[0.4364, 0.4098],[0.3625, 0.4571],[0.1911, 0.2653],[0.4111, 0.3066],[0.4009, 0.4216],[0.3324, 0.4664]
[0.1585, 0.6872],[0.3596, 0.588],[0.4709, 0.4738],[0.5588, 0.3795],[0.5476, 0.2847],[0.2324, 0.1885],[0.3475, 0.0399],[0.4791, 0.02],[0.5831, 0.0615],[0.1804, 0.1853],[0.4621, 0.2068],[0.4791, 0.3598],[0.415, 0.4161],[0.1726, 0.2126],[0.4446, 0.2609],[0.4364, 0.4052],[0.3601, 0.4533],[0.1877, 0.2629],[0.4111, 0.3038],[0.4014, 0.4156],[0.3315, 0.4607]
[0.1624, 0.6891],[0.3591, 0.5932],[0.4762, 0.4757],[0.5612, 0.3798],[0.5447, 0.2858],[0.2411, 0.1899],[0.3519, 0.0405],[0.4811, 0.02],[0.584, 0.0579],[0.1872, 0.1853],[0.4621, 0.2082],[0.4796, 0.3604],[0.4189, 0.4224],[0.176, 0.2109],[0.4422, 0.2593],[0.4339, 0.4038],[0.364, 0.4582],[0.1872, 0.2582],[0.4077, 0.297],[0.4004, 0.4118],[0.3373, 0.4634]
[0.1668, 0.6915],[0.3606, 0.5913],[0.4757, 0.4765],[0.5607, 0.3809],[0.5442, 0.2839],[0.2401, 0.1935],[0.3514, 0.0418],[0.4815, 0.0191],[0.5855, 0.0577],[0.1857, 0.1896],[0.4611, 0.2049],[0.4806, 0.3574],[0.4208, 0.4199],[0.1746, 0.2142],[0.4398, 0.2563],[0.432, 0.4006],[0.3606, 0.4544],[0.1862, 0.2607],[0.4058, 0.2948],[0.398, 0.4077],[0.3329, 0.4582]
[0.1585, 0.6932],[0.3543, 0.5962],[0.4704, 0.4803],[0.5583, 0.3817],[0.5408, 0.2896],[0.2295, 0.1948],[0.347, 0.0432],[0.4801, 0.0208],[0.585, 0.0579],[0.1765, 0.1921],[0.4577, 0.2126],[0.4709, 0.3637],[0.4033, 0.4164],[0.1683, 0.2178],[0.4393, 0.2604],[0.4296, 0.4019],[0.3533, 0.4473],[0.1843, 0.2639],[0.4067, 0.2962],[0.397, 0.4082],[0.3281, 0.4549]
[0.161, 0.6962],[0.3557, 0.5945],[0.4733, 0.4784],[0.5612, 0.3798],[0.5408, 0.2888],[0.2353, 0.1965],[0.3465, 0.0456],[0.4781, 0.0216],[0.5831, 0.0558],[0.1789, 0.1935],[0.4582, 0.2159],[0.4699, 0.3675],[0.4019, 0.4169],[0.1663, 0.2194],[0.4364, 0.2659],[0.4247, 0.4087],[0.347, 0.4508],[0.176, 0.2661],[0.3995, 0.3008],[0.3888, 0.4126],[0.3174, 0.4566]
[0.1605, 0.6978],[0.3533, 0.597],[0.4718, 0.4814],[0.5593, 0.3839],[0.5393, 0.2934],[0.2377, 0.1989],[0.3485, 0.0478],[0.4786, 0.0262],[0.5831, 0.0615],[0.1799, 0.1967],[0.4563, 0.2178],[0.4679, 0.3689],[0.4009, 0.418],[0.1649, 0.2251],[0.4335, 0.2675],[0.4218, 0.4085],[0.3451, 0.4497],[0.1717, 0.2749],[0.3931, 0.3019],[0.3834, 0.4101],[0.3135, 0.4525]
[0.161, 0.6984],[0.3553, 0.5967],[0.4718, 0.4822],[0.5593, 0.3855],[0.5418, 0.294],[0.2367, 0.2003],[0.3446, 0.0517],[0.4713, 0.0271],[0.5758, 0.0604],[0.1799, 0.1965],[0.4582, 0.2172],[0.4709, 0.3697],[0.4067, 0.4243],[0.1653, 0.2243],[0.4335, 0.2694],[0.4218, 0.4128],[0.3465, 0.4577],[0.1717, 0.2749],[0.3917, 0.306],[0.382, 0.4145],[0.3125, 0.4579]
[0.1566, 0.7003],[0.3519, 0.6],[0.4684, 0.4861],[0.5563, 0.3883],[0.5413, 0.2924],[0.2338, 0.2033],[0.3441, 0.0533],[0.4738, 0.0295],[0.5782, 0.0634],[0.1785, 0.1986],[0.4568, 0.2161],[0.4738, 0.3705],[0.4111, 0.4268],[0.1658, 0.226],[0.4339, 0.271],[0.4252, 0.4145],[0.3509, 0.4618],[0.1751, 0.2773],[0.3931, 0.3109],[0.3859, 0.4202],[0.3179, 0.4661]
[0.1551, 0.7005],[0.3562, 0.5981],[0.4728, 0.4809],[0.5602, 0.3847],[0.5427, 0.2913],[0.2343, 0.2025],[0.3465, 0.0522],[0.4767, 0.0284],[0.5806, 0.0631],[0.178, 0.1997],[0.4577, 0.2178],[0.4757, 0.3708],[0.4145, 0.4251],[0.1668, 0.2282],[0.4349, 0.2732],[0.4267, 0.4167],[0.3538, 0.4618],[0.1794, 0.2782],[0.397, 0.312],[0.3888, 0.4216],[0.3222, 0.4648]
[0.1566, 0.6984],[0.3582, 0.594],[0.4718, 0.4781],[0.5588, 0.3836],[0.5437, 0.2915],[0.2348, 0.1986],[0.348, 0.0506],[0.4777, 0.0284],[0.5811, 0.0639],[0.1799, 0.1956],[0.4592, 0.2153],[0.4757, 0.3675],[0.414, 0.4224],[0.1697, 0.223],[0.4388, 0.271],[0.4291, 0.4134],[0.3553, 0.4593],[0.1838, 0.2719],[0.4038, 0.3112],[0.3946, 0.4199],[0.3261, 0.4628]
[0.1581, 0.6978],[0.3572, 0.5962],[0.4713, 0.4817],[0.5573, 0.3877],[0.5457, 0.2926],[0.2392, 0.1992],[0.3499, 0.0492],[0.4791, 0.0273],[0.5845, 0.0642],[0.1828, 0.1954],[0.4602, 0.2131],[0.4762, 0.3659],[0.4145, 0.4219],[0.1707, 0.223],[0.4383, 0.2727],[0.4286, 0.4161],[0.3548, 0.462],[0.1833, 0.2727],[0.4014, 0.3159],[0.3907, 0.4251],[0.3213, 0.4672]
[0.1551, 0.6994],[0.3567, 0.5943],[0.4694, 0.4801],[0.5559, 0.3874],[0.5491, 0.2929],[0.2304, 0.1981],[0.3475, 0.053],[0.4772, 0.029],[0.5831, 0.0615],[0.177, 0.1967],[0.4602, 0.2137],[0.4757, 0.3664],[0.4135, 0.4221],[0.1692, 0.2257],[0.4407, 0.271],[0.4305, 0.4159],[0.3557, 0.4601],[0.1862, 0.2765],[0.4067, 0.3131],[0.3936, 0.4235],[0.3232, 0.4645]
[0.1547, 0.6978],[0.3577, 0.5959],[0.4709, 0.4798],[0.5588, 0.3858],[0.5476, 0.2921],[0.2343, 0.2003],[0.3485, 0.0544],[0.4767, 0.0314],[0.5806, 0.0637],[0.1823, 0.1986],[0.4602, 0.2156],[0.4752, 0.3686],[0.4135, 0.4227],[0.1755, 0.226],[0.4441, 0.2724],[0.433, 0.4194],[0.3582, 0.4618],[0.193, 0.2735],[0.4101, 0.3148],[0.3941, 0.4295],[0.3222, 0.4699]
[0.1605, 0.6948],[0.3582, 0.5959],[0.4704, 0.4809],[0.5559, 0.3904],[0.5486, 0.2967],[0.2309, 0.1986],[0.3519, 0.0508],[0.4811, 0.0303],[0.585, 0.0659],[0.177, 0.1976],[0.4602, 0.215],[0.4767, 0.3683],[0.4165, 0.4243],[0.1702, 0.226],[0.4417, 0.2702],[0.431, 0.4161],[0.3587, 0.4639],[0.1887, 0.2757],[0.4082, 0.3134],[0.3951, 0.4281],[0.3266, 0.473]
[0.1537, 0.6978],[0.3557, 0.5992],[0.4718, 0.4847],[0.5607, 0.3888],[0.5471, 0.2918],[0.2338, 0.1997],[0.3543, 0.0508],[0.483, 0.0287],[0.5865, 0.0634],[0.1794, 0.1981],[0.4626, 0.2189],[0.4738, 0.3721],[0.4082, 0.4257],[0.1721, 0.2262],[0.4446, 0.2749],[0.4305, 0.4202],[0.3533, 0.4639],[0.1887, 0.2749],[0.4087, 0.3197],[0.3927, 0.4336],[0.3208, 0.4751]
[0.1595, 0.6964],[0.3596, 0.5956],[0.4738, 0.4798],[0.5568, 0.3893],[0.5476, 0.2956],[0.2387, 0.1978],[0.3543, 0.0484],[0.4835, 0.0284],[0.5869, 0.0667],[0.1848, 0.1943],[0.4626, 0.2183],[0.4767, 0.3702],[0.414, 0.4276],[0.1755, 0.2219],[0.4417, 0.273],[0.4305, 0.4178],[0.3582, 0.4661],[0.1911, 0.2716],[0.4067, 0.3126],[0.3951, 0.4257],[0.3271, 0.4716]
[0.161, 0.6956],[0.3606, 0.5973],[0.4772, 0.4795],[0.5607, 0.3861],[0.5466, 0.2926],[0.2397, 0.1984],[0.3548, 0.0473],[0.4845, 0.0271],[0.5874, 0.0645],[0.1843, 0.1937],[0.4636, 0.2159],[0.4767, 0.37],[0.414, 0.4279],[0.1746, 0.221],[0.4412, 0.2727],[0.4286, 0.4178],[0.3557, 0.4656],[0.1887, 0.2708],[0.4038, 0.3131],[0.3902, 0.4254],[0.3217, 0.4702]
[0.1585, 0.6973],[0.3567, 0.6008],[0.4743, 0.4822],[0.5597, 0.3858],[0.5452, 0.2937],[0.2397, 0.194],[0.3572, 0.0473],[0.4879, 0.0271],[0.5903, 0.0629],[0.1838, 0.1913],[0.4631, 0.2137],[0.4752, 0.3645],[0.4097, 0.4167],[0.1746, 0.22],[0.4407, 0.2705],[0.4262, 0.4126],[0.3509, 0.4568],[0.1882, 0.2702],[0.4043, 0.3066],[0.3927, 0.4148],[0.3242, 0.4574]
[0.1571, 0.7005],[0.3562, 0.6008],[0.4728, 0.4822],[0.5593, 0.3863],[0.5476, 0.2929],[0.2416, 0.1945],[0.3567, 0.0484],[0.4874, 0.0271],[0.5899, 0.0631],[0.1867, 0.1915],[0.4631, 0.2118],[0.4767, 0.3623],[0.4126, 0.4148],[0.1765, 0.2202],[0.4398, 0.2691],[0.4271, 0.4115],[0.3523, 0.4549],[0.1891, 0.271],[0.4038, 0.306],[0.3922, 0.4139],[0.3242, 0.4557]
[0.1576, 0.7011],[0.3557, 0.6022],[0.4704, 0.4844],[0.5554, 0.3913],[0.5476, 0.2959],[0.2372, 0.1959],[0.3577, 0.0495],[0.4874, 0.029],[0.5899, 0.0648],[0.1828, 0.1929],[0.4607, 0.2093],[0.4772, 0.3612],[0.4165, 0.4191],[0.1746, 0.223],[0.4398, 0.2659],[0.4296, 0.4101],[0.3582, 0.4593],[0.1911, 0.2762],[0.4033, 0.3063],[0.3941, 0.4159],[0.329, 0.4615]
[0.1585, 0.6994],[0.3572, 0.6008],[0.4728, 0.4855],[0.5588, 0.3918],[0.5486, 0.2951],[0.2401, 0.1981],[0.3557, 0.05],[0.4854, 0.0276],[0.5894, 0.0634],[0.1843, 0.1943],[0.4611, 0.212],[0.4767, 0.3653],[0.415, 0.4219],[0.1746, 0.2224],[0.4403, 0.2678],[0.4291, 0.4137],[0.3567, 0.462],[0.1896, 0.2727],[0.4033, 0.3074],[0.3931, 0.4189],[0.3271, 0.4642]
[0.1581, 0.6956],[0.3557, 0.6008],[0.4728, 0.485],[0.5597, 0.391],[0.5486, 0.2959],[0.244, 0.1976],[0.3562, 0.0484],[0.4869, 0.0279],[0.5903, 0.065],[0.1872, 0.1951],[0.4631, 0.2148],[0.4791, 0.3669],[0.4165, 0.4205],[0.1755, 0.2241],[0.4407, 0.2705],[0.4305, 0.4148],[0.3577, 0.4607],[0.1887, 0.2749],[0.4033, 0.3098],[0.3931, 0.4205],[0.3256, 0.4648]
[0.1585, 0.694],[0.3577, 0.5992],[0.4752, 0.4831],[0.5622, 0.3885],[0.5495, 0.2959],[0.2377, 0.1951],[0.3572, 0.0484],[0.4874, 0.0273],[0.5923, 0.0629],[0.1823, 0.191],[0.4631, 0.2126],[0.4791, 0.3656],[0.4194, 0.424],[0.1736, 0.2194],[0.4403, 0.2686],[0.4296, 0.4131],[0.3582, 0.4623],[0.1896, 0.2691],[0.4048, 0.3088],[0.3936, 0.4197],[0.3276, 0.4653]
[0.161, 0.6937],[0.3601, 0.6003],[0.4786, 0.4825],[0.5665, 0.3858],[0.55, 0.2899],[0.244, 0.1984],[0.3577, 0.0484],[0.4879, 0.0265],[0.5923, 0.0623],[0.1887, 0.1943],[0.466, 0.2139],[0.4815, 0.3669],[0.4213, 0.4262],[0.1775, 0.2194],[0.4441, 0.2675],[0.4344, 0.4109],[0.364, 0.4607],[0.1921, 0.2648],[0.4101, 0.3055],[0.3995, 0.4175],[0.3334, 0.4639]
[0.1668, 0.694],[0.3611, 0.6016],[0.4791, 0.4833],[0.5661, 0.388],[0.5534, 0.2937],[0.2494, 0.1967],[0.3601, 0.0462],[0.4893, 0.0254],[0.5928, 0.0629],[0.193, 0.1918],[0.4675, 0.2142],[0.484, 0.3667],[0.4247, 0.4287],[0.1804, 0.218],[0.4432, 0.2694],[0.433, 0.4128],[0.364, 0.4658],[0.1911, 0.2659],[0.4053, 0.3068],[0.3956, 0.4178],[0.3319, 0.4661]
[0.1668, 0.6964],[0.364, 0.597],[0.4815, 0.4798],[0.568, 0.3836],[0.5525, 0.2883],[0.2513, 0.1981],[0.3616, 0.0489],[0.4898, 0.0249],[0.5947, 0.0585],[0.195, 0.1951],[0.4689, 0.2129],[0.4845, 0.3661],[0.4262, 0.4281],[0.1809, 0.221],[0.4432, 0.2669],[0.4325, 0.4131],[0.3635, 0.4658],[0.1901, 0.268],[0.4043, 0.3036],[0.3936, 0.4169],[0.329, 0.4653]
[0.1673, 0.6984],[0.3625, 0.6016],[0.483, 0.4836],[0.5704, 0.3863],[0.552, 0.2926],[0.2547, 0.1962],[0.3621, 0.0467],[0.4917, 0.023],[0.5957, 0.0596],[0.1984, 0.1902],[0.4684, 0.2156],[0.4879, 0.3683],[0.4301, 0.4328],[0.1823, 0.2161],[0.4412, 0.2675],[0.4339, 0.4123],[0.3655, 0.468],[0.1872, 0.265],[0.4019, 0.303],[0.3961, 0.418],[0.3334, 0.4716]
[0.1717, 0.6984],[0.3645, 0.5989],[0.4835, 0.4828],[0.5714, 0.385],[0.5529, 0.2904],[0.2542, 0.1962],[0.3621, 0.0462],[0.4917, 0.0232],[0.5952, 0.0599],[0.1974, 0.1902],[0.4684, 0.2101],[0.4903, 0.3639],[0.4344, 0.4292],[0.1814, 0.2153],[0.4417, 0.2645],[0.4359, 0.4101],[0.3679, 0.4669],[0.1877, 0.2634],[0.4043, 0.3006],[0.3995, 0.4139],[0.3368, 0.4667]
[0.1726, 0.6951],[0.3664, 0.5932],[0.4864, 0.4773],[0.5743, 0.3784],[0.5529, 0.2863],[0.2537, 0.1935],[0.3606, 0.0456],[0.4908, 0.0216],[0.5962, 0.0566],[0.1964, 0.1877],[0.4675, 0.2115],[0.4869, 0.3639],[0.4291, 0.4281],[0.1799, 0.2126],[0.4417, 0.2634],[0.4344, 0.4068],[0.3664, 0.4628],[0.1857, 0.2598],[0.4058, 0.2981],[0.4009, 0.4115],[0.3387, 0.4648]
[0.1707, 0.6967],[0.3689, 0.5934],[0.4879, 0.4751],[0.5729, 0.3779],[0.5534, 0.2902],[0.2489, 0.1951],[0.3621, 0.0424],[0.4947, 0.0216],[0.6005, 0.059],[0.1896, 0.1904],[0.4689, 0.2107],[0.4854, 0.3648],[0.4237, 0.4257],[0.1731, 0.2169],[0.4427, 0.2631],[0.4344, 0.4071],[0.3635, 0.4593],[0.1804, 0.2653],[0.4043, 0.2992],[0.3985, 0.4104],[0.3349, 0.4598]
[0.1697, 0.697],[0.3635, 0.5964],[0.4849, 0.4787],[0.5724, 0.3806],[0.552, 0.2899],[0.2499, 0.1935],[0.3606, 0.0391],[0.4922, 0.0191],[0.5976, 0.0563],[0.1916, 0.1888],[0.4684, 0.2118],[0.4811, 0.3678],[0.4165, 0.429],[0.1741, 0.2142],[0.4427, 0.2629],[0.4315, 0.409],[0.3582, 0.4609],[0.178, 0.2612],[0.4024, 0.2975],[0.3941, 0.4098],[0.3281, 0.4587]
[0.1683, 0.7014],[0.3635, 0.5967],[0.483, 0.4768],[0.5709, 0.3792],[0.551, 0.2918],[0.245, 0.194],[0.3582, 0.041],[0.4913, 0.0197],[0.5967, 0.0568],[0.1877, 0.1902],[0.466, 0.2101],[0.4806, 0.365],[0.4165, 0.4254],[0.1717, 0.2153],[0.4417, 0.2601],[0.4325, 0.4066],[0.3596, 0.4579],[0.1785, 0.262],[0.4043, 0.2951],[0.3965, 0.409],[0.33, 0.4585]
[0.1717, 0.7027],[0.3655, 0.5973],[0.4879, 0.4762],[0.5743, 0.3768],[0.5505, 0.2896],[0.2528, 0.1948],[0.3606, 0.0402],[0.4917, 0.0194],[0.5971, 0.0563],[0.1945, 0.1904],[0.4689, 0.2131],[0.4791, 0.3678],[0.4116, 0.4249],[0.1746, 0.2145],[0.4412, 0.2618],[0.4276, 0.4071],[0.3523, 0.4555],[0.1751, 0.2596],[0.3985, 0.2924],[0.3902, 0.406],[0.3232, 0.4541]
[0.1668, 0.7057],[0.3635, 0.5981],[0.4874, 0.4768],[0.5738, 0.3784],[0.5529, 0.2924],[0.2557, 0.1962],[0.3611, 0.044],[0.4913, 0.0211],[0.5976, 0.0544],[0.1974, 0.191],[0.4699, 0.2142],[0.4801, 0.37],[0.4126, 0.4309],[0.177, 0.2145],[0.4417, 0.2593],[0.4276, 0.4077],[0.3523, 0.4585],[0.176, 0.259],[0.398, 0.2863],[0.3897, 0.4027],[0.3222, 0.453]
[0.1707, 0.7063],[0.3679, 0.5978],[0.4883, 0.4784],[0.5763, 0.3801],[0.5544, 0.2918],[0.2547, 0.1989],[0.3606, 0.0462],[0.4908, 0.0232],[0.5957, 0.0615],[0.1959, 0.1956],[0.4704, 0.2142],[0.484, 0.3705],[0.4189, 0.4309],[0.177, 0.2186],[0.4417, 0.2618],[0.431, 0.4112],[0.3572, 0.462],[0.1789, 0.2618],[0.3999, 0.2902],[0.3927, 0.4071],[0.3261, 0.4568]
[0.1707, 0.7055],[0.3669, 0.5994],[0.4864, 0.4809],[0.5748, 0.3825],[0.5534, 0.2932],[0.2523, 0.2027],[0.3606, 0.0459],[0.4927, 0.023],[0.5976, 0.0634],[0.193, 0.2003],[0.4699, 0.2169],[0.4835, 0.373],[0.4165, 0.432],[0.1755, 0.2241],[0.4422, 0.2629],[0.432, 0.4101],[0.3572, 0.4598],[0.1799, 0.2667],[0.4014, 0.2896],[0.3936, 0.406],[0.3261, 0.4557]
[0.1707, 0.7035],[0.3659, 0.5994],[0.4849, 0.4811],[0.5738, 0.3825],[0.5539, 0.2945],[0.2542, 0.1997],[0.3577, 0.0456],[0.4883, 0.0224],[0.5928, 0.0629],[0.1959, 0.1956],[0.4684, 0.2169],[0.4825, 0.3713],[0.4165, 0.4298],[0.1785, 0.2194],[0.4412, 0.2629],[0.4315, 0.409],[0.3562, 0.4585],[0.1814, 0.2637],[0.4014, 0.2899],[0.3951, 0.4063],[0.3276, 0.4568]
[0.1717, 0.7019],[0.3659, 0.5989],[0.4845, 0.4836],[0.5743, 0.3839],[0.551, 0.2915],[0.2503, 0.2036],[0.3562, 0.0492],[0.4874, 0.0243],[0.5918, 0.0607],[0.1916, 0.1989],[0.466, 0.2164],[0.4825, 0.3702],[0.4189, 0.4301],[0.1746, 0.2227],[0.4393, 0.265],[0.4315, 0.409],[0.3587, 0.4593],[0.1804, 0.2667],[0.4029, 0.2956],[0.397, 0.4085],[0.3305, 0.4585]
[0.1663, 0.7016],[0.365, 0.5989],[0.484, 0.4801],[0.5738, 0.3814],[0.5515, 0.294],[0.2455, 0.1995],[0.3538, 0.0495],[0.4845, 0.0238],[0.5903, 0.0596],[0.1882, 0.1956],[0.465, 0.2191],[0.4806, 0.373],[0.4179, 0.4314],[0.1741, 0.2208],[0.4412, 0.2653],[0.4339, 0.4093],[0.3621, 0.4598],[0.1823, 0.2669],[0.4053, 0.294],[0.4004, 0.4082],[0.3363, 0.4593]
[0.1673, 0.7005],[0.364, 0.5981],[0.4815, 0.4792],[0.5704, 0.3825],[0.552, 0.2951],[0.244, 0.2011],[0.3553, 0.0476],[0.4874, 0.0246],[0.5923, 0.0615],[0.1882, 0.1976],[0.4655, 0.2197],[0.4815, 0.3716],[0.4203, 0.4276],[0.1751, 0.223],[0.4432, 0.268],[0.4344, 0.4109],[0.363, 0.4598],[0.1857, 0.2686],[0.4082, 0.2975],[0.4024, 0.4118],[0.3383, 0.4623]
[0.1658, 0.7011],[0.3621, 0.5975],[0.4801, 0.4795],[0.568, 0.3831],[0.5505, 0.2943],[0.2445, 0.1967],[0.3582, 0.0467],[0.4893, 0.0257],[0.5962, 0.0629],[0.1882, 0.1932],[0.4675, 0.2169],[0.4801, 0.3702],[0.4184, 0.4295],[0.1746, 0.22],[0.4446, 0.2661],[0.4325, 0.4096],[0.3611, 0.4607],[0.1843, 0.2675],[0.4072, 0.2975],[0.3985, 0.4112],[0.3339, 0.462]
[0.1668, 0.7025],[0.3625, 0.5992],[0.482, 0.479],[0.5661, 0.3825],[0.5491, 0.2934],[0.2508, 0.1951],[0.3596, 0.0497],[0.4893, 0.0268],[0.5942, 0.0601],[0.1969, 0.1902],[0.4675, 0.221],[0.4815, 0.3708],[0.4194, 0.4287],[0.1828, 0.2153],[0.4437, 0.2667],[0.4325, 0.4107],[0.3601, 0.4601],[0.1877, 0.2618],[0.4038, 0.2943],[0.3961, 0.409],[0.3319, 0.4598]
[0.1668, 0.7008],[0.363, 0.597],[0.4811, 0.4801],[0.568, 0.3844],[0.5539, 0.2913],[0.2435, 0.1989],[0.3562, 0.0503],[0.4879, 0.0276],[0.5928, 0.0639],[0.1882, 0.1932],[0.4631, 0.2159],[0.483, 0.3664],[0.4228, 0.4262],[0.1755, 0.2189],[0.4407, 0.2609],[0.4354, 0.4057],[0.3645, 0.4577],[0.1862, 0.2667],[0.4072, 0.2948],[0.4029, 0.4093],[0.3392, 0.4607]
[0.1649, 0.7],[0.3621, 0.5951],[0.4796, 0.4784],[0.5665, 0.3817],[0.551, 0.2894],[0.2431, 0.2],[0.3557, 0.0527],[0.4879, 0.0287],[0.5942, 0.0626],[0.1882, 0.1945],[0.465, 0.2172],[0.4825, 0.3689],[0.4199, 0.4273],[0.1755, 0.2189],[0.4427, 0.262],[0.4349, 0.4079],[0.3611, 0.4579],[0.1848, 0.2653],[0.4067, 0.2943],[0.4009, 0.4101],[0.3349, 0.4607]
[0.1668, 0.6992],[0.364, 0.594],[0.4811, 0.4787],[0.5709, 0.3825],[0.5539, 0.291],[0.2445, 0.1992],[0.3567, 0.0517],[0.4869, 0.0279],[0.5918, 0.0623],[0.1891, 0.1967],[0.4675, 0.2186],[0.4825, 0.3716],[0.4184, 0.424],[0.177, 0.2227],[0.4456, 0.2645],[0.4354, 0.4118],[0.3606, 0.4566],[0.1867, 0.2691],[0.4077, 0.2959],[0.399, 0.4128],[0.3305, 0.4601]
[0.1678, 0.6984],[0.3659, 0.5913],[0.482, 0.4765],[0.5709, 0.3801],[0.5505, 0.2907],[0.245, 0.1995],[0.3572, 0.0489],[0.4874, 0.0279],[0.5918, 0.0642],[0.1891, 0.1973],[0.465, 0.2167],[0.4806, 0.3686],[0.4194, 0.4227],[0.1765, 0.2232],[0.4422, 0.2648],[0.433, 0.4087],[0.3606, 0.4552],[0.1872, 0.2694],[0.4067, 0.2962],[0.3985, 0.4087],[0.3315, 0.456]
[0.1649, 0.6959],[0.3621, 0.5932],[0.4825, 0.4768],[0.5714, 0.3795],[0.55, 0.2902],[0.2455, 0.1967],[0.3601, 0.0473],[0.4913, 0.0262],[0.5942, 0.0629],[0.1896, 0.1924],[0.4636, 0.2104],[0.482, 0.3615],[0.4203, 0.4197],[0.177, 0.2175],[0.4417, 0.2604],[0.4344, 0.4044],[0.363, 0.453],[0.1882, 0.2645],[0.4067, 0.2954],[0.399, 0.4079],[0.3339, 0.456]
[0.1634, 0.6951],[0.3606, 0.5951],[0.4811, 0.4792],[0.5699, 0.3828],[0.5505, 0.291],[0.2479, 0.1967],[0.3596, 0.0476],[0.4908, 0.0249],[0.5942, 0.0615],[0.1925, 0.1926],[0.465, 0.2101],[0.482, 0.3623],[0.4199, 0.4208],[0.1794, 0.2172],[0.4432, 0.2601],[0.4349, 0.4046],[0.363, 0.4536],[0.1901, 0.2637],[0.4087, 0.2954],[0.4009, 0.4093],[0.3349, 0.4585]
[0.1678, 0.6929],[0.364, 0.5943],[0.482, 0.4779],[0.5695, 0.3814],[0.5505, 0.2883],[0.2479, 0.1956],[0.3567, 0.0448],[0.4883, 0.0232],[0.5923, 0.062],[0.193, 0.191],[0.4645, 0.2126],[0.4815, 0.3634],[0.4179, 0.4142],[0.1809, 0.2161],[0.4432, 0.2607],[0.4349, 0.4041],[0.3611, 0.4478],[0.1906, 0.2637],[0.4097, 0.2948],[0.4033, 0.4077],[0.3368, 0.4541]
[0.1683, 0.6912],[0.3625, 0.5937],[0.4811, 0.4795],[0.5714, 0.382],[0.552, 0.2894],[0.2469, 0.1948],[0.3587, 0.0443],[0.4898, 0.023],[0.5928, 0.0631],[0.1901, 0.191],[0.4665, 0.2118],[0.4815, 0.3645],[0.4189, 0.4189],[0.1775, 0.2167],[0.4441, 0.2631],[0.4344, 0.4068],[0.3625, 0.4538],[0.1882, 0.2642],[0.4092, 0.2967],[0.4009, 0.4085],[0.3349, 0.456]
[0.1687, 0.6891],[0.363, 0.5934],[0.482, 0.4773],[0.5685, 0.3809],[0.551, 0.2877],[0.2474, 0.194],[0.3577, 0.0424],[0.4898, 0.0219],[0.5942, 0.0612],[0.1906, 0.1894],[0.4665, 0.2129],[0.4815, 0.3648],[0.4184, 0.4189],[0.177, 0.215],[0.4437, 0.262],[0.4344, 0.4055],[0.3625, 0.4538],[0.1862, 0.2629],[0.4077, 0.2967],[0.4014, 0.4087],[0.3368, 0.4571]
[0.1663, 0.6904],[0.3659, 0.591],[0.484, 0.4743],[0.5709, 0.3768],[0.551, 0.2861],[0.245, 0.194],[0.3582, 0.0432],[0.4903, 0.0208],[0.5952, 0.0596],[0.1882, 0.1902],[0.4679, 0.2115],[0.4825, 0.3669],[0.4179, 0.424],[0.1746, 0.2156],[0.4461, 0.2596],[0.4364, 0.4074],[0.3616, 0.4582],[0.1843, 0.2629],[0.4087, 0.2967],[0.4004, 0.4123],[0.3339, 0.4626]
[0.1624, 0.6953],[0.3591, 0.5973],[0.4806, 0.4792],[0.5699, 0.3798],[0.55, 0.288],[0.2421, 0.194],[0.3572, 0.0462],[0.4883, 0.0235],[0.5933, 0.0593],[0.1862, 0.1888],[0.4665, 0.2131],[0.4796, 0.368],[0.4155, 0.4254],[0.1736, 0.2142],[0.4451, 0.2607],[0.4339, 0.4066],[0.3606, 0.4568],[0.1833, 0.2626],[0.4087, 0.2956],[0.4004, 0.4098],[0.3344, 0.4604]
[0.1653, 0.6962],[0.3567, 0.6005],[0.4786, 0.4836],[0.5675, 0.3839],[0.5476, 0.2896],[0.2494, 0.2],[0.3582, 0.0473],[0.4883, 0.0252],[0.5923, 0.0609],[0.193, 0.1948],[0.465, 0.2134],[0.4796, 0.3656],[0.4169, 0.4246],[0.1775, 0.218],[0.4403, 0.2618],[0.4291, 0.4046],[0.3567, 0.4538],[0.1828, 0.2629],[0.4009, 0.2948],[0.3907, 0.4068],[0.3247, 0.4557]
[0.1673, 0.6962],[0.3601, 0.5986],[0.4786, 0.482],[0.5651, 0.3842],[0.5486, 0.2915],[0.2445, 0.1992],[0.3553, 0.0476],[0.4869, 0.0252],[0.5918, 0.0601],[0.1896, 0.1932],[0.4645, 0.2153],[0.4781, 0.3659],[0.4135, 0.4232],[0.1751, 0.2175],[0.4398, 0.2653],[0.4276, 0.4055],[0.3533, 0.4527],[0.1833, 0.2629],[0.4038, 0.2986],[0.3936, 0.4079],[0.3261, 0.4541]
[0.1663, 0.6953],[0.3606, 0.597],[0.4791, 0.4811],[0.5661, 0.3828],[0.5495, 0.2874],[0.2416, 0.197],[0.3557, 0.0492],[0.4864, 0.0257],[0.5918, 0.0593],[0.1853, 0.1915],[0.465, 0.2145],[0.4801, 0.3683],[0.4174, 0.4268],[0.1717, 0.2156],[0.4417, 0.2639],[0.431, 0.4082],[0.3582, 0.4577],[0.1809, 0.2609],[0.4038, 0.2973],[0.3951, 0.4098],[0.3285, 0.4571]
[0.1605, 0.6997],[0.3606, 0.5964],[0.4801, 0.4811],[0.5704, 0.3828],[0.551, 0.2869],[0.2426, 0.2],[0.3543, 0.0538],[0.4849, 0.0282],[0.5908, 0.0604],[0.1862, 0.1945],[0.4645, 0.2123],[0.4786, 0.3661],[0.4135, 0.423],[0.1731, 0.2183],[0.4441, 0.2629],[0.4339, 0.4079],[0.3591, 0.4557],[0.1828, 0.265],[0.4092, 0.3006],[0.3995, 0.4142],[0.331, 0.4609]
[0.1629, 0.6973],[0.3625, 0.5934],[0.4806, 0.4803],[0.5699, 0.3852],[0.5495, 0.2943],[0.2426, 0.2],[0.3567, 0.0519],[0.4879, 0.0293],[0.5923, 0.0639],[0.1862, 0.1965],[0.4636, 0.2186],[0.4806, 0.3702],[0.4189, 0.4232],[0.1736, 0.2216],[0.4417, 0.2648],[0.4339, 0.4087],[0.3621, 0.4555],[0.1853, 0.268],[0.4082, 0.2997],[0.3985, 0.415],[0.331, 0.4631]
[0.1639, 0.6951],[0.3616, 0.594],[0.4801, 0.4809],[0.5704, 0.3833],[0.5515, 0.2929],[0.2435, 0.1989],[0.3572, 0.0503],[0.4874, 0.0279],[0.5918, 0.0648],[0.1872, 0.1945],[0.4655, 0.2153],[0.4811, 0.3661],[0.4174, 0.4191],[0.1751, 0.2205],[0.4437, 0.2634],[0.4354, 0.4055],[0.3616, 0.4514],[0.1872, 0.2683],[0.4106, 0.2992],[0.4024, 0.4115],[0.3344, 0.4579]
[0.1658, 0.6953],[0.3611, 0.5954],[0.4796, 0.4839],[0.5695, 0.3855],[0.551, 0.2904],[0.2484, 0.2022],[0.3591, 0.0506],[0.4908, 0.0282],[0.5962, 0.0648],[0.1916, 0.197],[0.4655, 0.2148],[0.4811, 0.3661],[0.4174, 0.4216],[0.1775, 0.221],[0.4417, 0.2659],[0.432, 0.4087],[0.3577, 0.4538],[0.1867, 0.2661],[0.4072, 0.3027],[0.3961, 0.4142],[0.3261, 0.4585]
[0.1644, 0.6951],[0.3596, 0.597],[0.4791, 0.4842],[0.5699, 0.3872],[0.5549, 0.2915],[0.2445, 0.2008],[0.3562, 0.05],[0.4879, 0.026],[0.5928, 0.0626],[0.1896, 0.1951],[0.4675, 0.2161],[0.4854, 0.3678],[0.4228, 0.4227],[0.178, 0.2191],[0.4446, 0.2659],[0.4364, 0.4087],[0.3621, 0.4544],[0.1891, 0.265],[0.4111, 0.3016],[0.4024, 0.4139],[0.3334, 0.459]
[0.1668, 0.6934],[0.3621, 0.5959],[0.4825, 0.4825],[0.5719, 0.3861],[0.5554, 0.2883],[0.2479, 0.2014],[0.3577, 0.0514],[0.4883, 0.0262],[0.5928, 0.0612],[0.1925, 0.1954],[0.4679, 0.2148],[0.4888, 0.3672],[0.4296, 0.4243],[0.1799, 0.2191],[0.4441, 0.265],[0.4388, 0.4096],[0.3689, 0.459],[0.1896, 0.2656],[0.4092, 0.3008],[0.4033, 0.4148],[0.3387, 0.4634]
[0.1717, 0.6926],[0.3625, 0.5964],[0.483, 0.4836],[0.5733, 0.3861],[0.5549, 0.2894],[0.2469, 0.1986],[0.363, 0.0489],[0.4951, 0.0268],[0.5996, 0.062],[0.1911, 0.1948],[0.4679, 0.2123],[0.4859, 0.3653],[0.4267, 0.4221],[0.1789, 0.2205],[0.4451, 0.2609],[0.4378, 0.4049],[0.3669, 0.4555],[0.1901, 0.2678],[0.4116, 0.2965],[0.4053, 0.4098],[0.3407, 0.4596]
[0.1663, 0.6907],[0.3625, 0.5943],[0.4825, 0.4817],[0.5724, 0.385],[0.5539, 0.2902],[0.2484, 0.1967],[0.3601, 0.0467],[0.4917, 0.0254],[0.5952, 0.0639],[0.1921, 0.1929],[0.4665, 0.2104],[0.4883, 0.3618],[0.4291, 0.4202],[0.1804, 0.2189],[0.4461, 0.259],[0.4422, 0.4011],[0.3718, 0.4538],[0.1921, 0.2669],[0.4135, 0.2945],[0.4101, 0.4066],[0.346, 0.4585]
[0.1697, 0.6929],[0.364, 0.5932],[0.4835, 0.4787],[0.5724, 0.3822],[0.5534, 0.2913],[0.2489, 0.1945],[0.3621, 0.0465],[0.4927, 0.0262],[0.5976, 0.0637],[0.1935, 0.1902],[0.4694, 0.2107],[0.4864, 0.3623],[0.4267, 0.4197],[0.1804, 0.2169],[0.4456, 0.2598],[0.4364, 0.4025],[0.3655, 0.4527],[0.1906, 0.2656],[0.4111, 0.294],[0.4043, 0.4068],[0.3392, 0.4574]
[0.1678, 0.6907],[0.3611, 0.5923],[0.4806, 0.4787],[0.5704, 0.3825],[0.5529, 0.2874],[0.2489, 0.1937],[0.3606, 0.047],[0.4908, 0.0262],[0.5937, 0.0634],[0.1925, 0.1891],[0.4684, 0.2096],[0.4849, 0.3609],[0.4228, 0.4164],[0.1794, 0.215],[0.4471, 0.2612],[0.4378, 0.403],[0.3659, 0.4519],[0.1906, 0.2637],[0.4131, 0.2967],[0.4063, 0.4077],[0.3417, 0.4568]
[0.1653, 0.6891],[0.3591, 0.5926],[0.4801, 0.4792],[0.5729, 0.3833],[0.5554, 0.2888],[0.2474, 0.194],[0.3601, 0.0473],[0.4908, 0.0257],[0.5937, 0.0639],[0.1916, 0.1896],[0.4689, 0.2109],[0.4874, 0.3609],[0.4276, 0.418],[0.1799, 0.2153],[0.4461, 0.2609],[0.4388, 0.4014],[0.3684, 0.4514],[0.1911, 0.2634],[0.4126, 0.2956],[0.4067, 0.4055],[0.3421, 0.4544]
[0.1683, 0.6888],[0.3664, 0.5891],[0.484, 0.4738],[0.5724, 0.3781],[0.552, 0.2863],[0.2455, 0.1943],[0.3621, 0.0454],[0.4932, 0.0243],[0.5971, 0.0615],[0.1906, 0.1926],[0.4675, 0.2101],[0.4835, 0.3623],[0.4208, 0.4153],[0.1819, 0.2186],[0.448, 0.2579],[0.4388, 0.4008],[0.3664, 0.4473],[0.1969, 0.2648],[0.4155, 0.2921],[0.4063, 0.4049],[0.3407, 0.4522]
[0.1683, 0.6877],[0.3645, 0.5904],[0.482, 0.4765],[0.5724, 0.3806],[0.5563, 0.2872],[0.245, 0.194],[0.3616, 0.0432],[0.4937, 0.0243],[0.5971, 0.062],[0.1906, 0.1902],[0.4713, 0.2126],[0.483, 0.3667],[0.416, 0.418],[0.1809, 0.2148],[0.4514, 0.2629],[0.4378, 0.4071],[0.3616, 0.4508],[0.194, 0.2598],[0.4155, 0.2951],[0.4038, 0.4079],[0.3349, 0.4527]
[0.1653, 0.6893],[0.3621, 0.5921],[0.4815, 0.479],[0.5704, 0.3833],[0.5559, 0.2883],[0.2474, 0.1921],[0.365, 0.0462],[0.4956, 0.0246],[0.5991, 0.059],[0.1935, 0.1891],[0.4723, 0.2139],[0.484, 0.3678],[0.4174, 0.4224],[0.1823, 0.2145],[0.4514, 0.2618],[0.4388, 0.4074],[0.3635, 0.4549],[0.193, 0.2612],[0.4131, 0.2921],[0.4038, 0.4066],[0.3368, 0.4552]
[0.1624, 0.6896],[0.3601, 0.594],[0.4806, 0.4787],[0.5709, 0.3852],[0.5559, 0.2926],[0.2421, 0.1929],[0.3635, 0.0454],[0.4951, 0.0246],[0.5971, 0.0623],[0.1891, 0.1902],[0.4704, 0.2145],[0.4845, 0.3667],[0.4184, 0.4189],[0.1819, 0.2175],[0.4524, 0.2604],[0.4417, 0.4049],[0.3659, 0.4505],[0.1974, 0.2664],[0.4174, 0.294],[0.4082, 0.4085],[0.3407, 0.4568]
[0.1658, 0.688],[0.3616, 0.5932],[0.4815, 0.4784],[0.5714, 0.3836],[0.5554, 0.2918],[0.2469, 0.1924],[0.363, 0.0443],[0.4947, 0.0235],[0.5971, 0.0623],[0.1925, 0.1894],[0.4704, 0.2134],[0.484, 0.3645],[0.4174, 0.4161],[0.1828, 0.2159],[0.4495, 0.2601],[0.4388, 0.4036],[0.3625, 0.4484],[0.195, 0.2637],[0.4135, 0.2937],[0.4043, 0.4071],[0.3363, 0.4541]
[0.1653, 0.6872],[0.3616, 0.5921],[0.4815, 0.4773],[0.5709, 0.3825],[0.5563, 0.2902],[0.2431, 0.1935],[0.3635, 0.0435],[0.4961, 0.0232],[0.5991, 0.0609],[0.1906, 0.191],[0.4709, 0.2137],[0.483, 0.3661],[0.4165, 0.4199],[0.1823, 0.2159],[0.4505, 0.2596],[0.4373, 0.4041],[0.3621, 0.4505],[0.1955, 0.2601],[0.4126, 0.2904],[0.4009, 0.4063],[0.3334, 0.4552]
[0.1683, 0.6822],[0.363, 0.5877],[0.482, 0.4743],[0.5699, 0.3792],[0.5563, 0.2872],[0.246, 0.1937],[0.3596, 0.0424],[0.4908, 0.0208],[0.5952, 0.0568],[0.1925, 0.1896],[0.4713, 0.2107],[0.483, 0.3618],[0.4169, 0.4128],[0.1823, 0.2139],[0.449, 0.2596],[0.4359, 0.4025],[0.3601, 0.4459],[0.1945, 0.2588],[0.4116, 0.294],[0.3995, 0.4057],[0.3305, 0.45]
[0.1644, 0.6847],[0.3645, 0.588],[0.484, 0.4735],[0.5729, 0.3776],[0.5559, 0.2869],[0.2445, 0.191],[0.3611, 0.0421],[0.4922, 0.0211],[0.5962, 0.0577],[0.1891, 0.1861],[0.4699, 0.212],[0.4825, 0.3642],[0.4179, 0.4148],[0.1794, 0.2129],[0.449, 0.262],[0.4369, 0.4055],[0.3625, 0.4489],[0.1925, 0.2612],[0.4126, 0.2951],[0.4029, 0.4071],[0.3363, 0.453]
[0.1663, 0.6863],[0.364, 0.5907],[0.483, 0.4768],[0.5714, 0.3798],[0.5554, 0.2858],[0.2542, 0.1935],[0.3635, 0.0418],[0.4947, 0.0227],[0.5981, 0.062],[0.1989, 0.188],[0.4718, 0.215],[0.4845, 0.3659],[0.4199, 0.4186],[0.1848, 0.2129],[0.448, 0.2648],[0.4349, 0.4068],[0.3606, 0.4525],[0.1925, 0.2593],[0.4111, 0.2962],[0.4014, 0.4068],[0.3344, 0.4536]
[0.1687, 0.6918],[0.3645, 0.5929],[0.482, 0.4779],[0.5709, 0.3809],[0.5549, 0.2872],[0.245, 0.1943],[0.3621, 0.0443],[0.4927, 0.0238],[0.5967, 0.062],[0.1906, 0.1891],[0.4718, 0.2101],[0.4835, 0.3626],[0.4189, 0.418],[0.1794, 0.2145],[0.4485, 0.2615],[0.4339, 0.4044],[0.3591, 0.4511],[0.1921, 0.2615],[0.4126, 0.2962],[0.4009, 0.4068],[0.3329, 0.453]
[0.1629, 0.694],[0.3616, 0.5959],[0.4806, 0.4781],[0.5729, 0.3779],[0.5515, 0.2885],[0.2474, 0.1951],[0.3606, 0.0446],[0.4917, 0.0243],[0.5967, 0.0634],[0.1935, 0.1913],[0.4699, 0.2145],[0.4786, 0.3678],[0.4087, 0.4197],[0.1814, 0.2159],[0.4495, 0.2615],[0.4364, 0.4063],[0.3577, 0.4511],[0.1921, 0.2626],[0.4155, 0.2962],[0.4043, 0.4118],[0.3339, 0.4593]
[0.1702, 0.6951],[0.365, 0.5959],[0.4811, 0.4784],[0.5704, 0.3822],[0.5525, 0.2899],[0.246, 0.1951],[0.3577, 0.0476],[0.4883, 0.0257],[0.5913, 0.0634],[0.1911, 0.1913],[0.467, 0.2104],[0.4845, 0.3626],[0.4213, 0.4183],[0.1785, 0.2169],[0.4441, 0.2612],[0.4364, 0.4055],[0.363, 0.4544],[0.1896, 0.2661],[0.4116, 0.2965],[0.4058, 0.4107],[0.3392, 0.4607]
[0.1653, 0.6978],[0.3625, 0.5937],[0.4796, 0.476],[0.5699, 0.379],[0.551, 0.2877],[0.244, 0.1962],[0.3553, 0.05],[0.4859, 0.0273],[0.5903, 0.0629],[0.1896, 0.1924],[0.4665, 0.2115],[0.482, 0.3628],[0.4184, 0.4178],[0.1775, 0.2172],[0.4446, 0.2615],[0.4364, 0.4046],[0.363, 0.4519],[0.1882, 0.2645],[0.4106, 0.2967],[0.4029, 0.4093],[0.3353, 0.4563]
[0.1619, 0.6945],[0.3606, 0.5932],[0.4752, 0.477],[0.5661, 0.3844],[0.5539, 0.2956],[0.2406, 0.1967],[0.3543, 0.0481],[0.4854, 0.0276],[0.5899, 0.0634],[0.1862, 0.1935],[0.4665, 0.2186],[0.4796, 0.37],[0.4131, 0.4189],[0.1746, 0.2197],[0.4466, 0.265],[0.4369, 0.4098],[0.3606, 0.4525],[0.1867, 0.2675],[0.4126, 0.2986],[0.4033, 0.4134],[0.3329, 0.4582]
[0.1615, 0.6948],[0.3616, 0.5915],[0.4781, 0.4724],[0.569, 0.3732],[0.5476, 0.2872],[0.2426, 0.1976],[0.3499, 0.047],[0.4811, 0.0257],[0.586, 0.0618],[0.1877, 0.1951],[0.4641, 0.2178],[0.4752, 0.3708],[0.4067, 0.4167],[0.1751, 0.2205],[0.4446, 0.2637],[0.4335, 0.4101],[0.3557, 0.4478],[0.1857, 0.2672],[0.4101, 0.2965],[0.3985, 0.4112],[0.3261, 0.453]
[0.16, 0.6943],[0.3587, 0.5937],[0.4747, 0.476],[0.5646, 0.3801],[0.5491, 0.2902],[0.2358, 0.1965],[0.3504, 0.0454],[0.4815, 0.0246],[0.585, 0.0612],[0.1823, 0.1935],[0.4645, 0.2129],[0.4757, 0.3667],[0.4063, 0.4137],[0.1721, 0.2191],[0.4451, 0.2601],[0.4325, 0.406],[0.3533, 0.4445],[0.1857, 0.2672],[0.4087, 0.2945],[0.3965, 0.4093],[0.3242, 0.4511]
[0.159, 0.6959],[0.3572, 0.5932],[0.4767, 0.4724],[0.5661, 0.374],[0.5457, 0.2863],[0.2406, 0.194],[0.3533, 0.0467],[0.483, 0.0249],[0.5874, 0.0604],[0.1862, 0.1899],[0.4641, 0.2148],[0.4743, 0.3667],[0.4077, 0.4164],[0.1746, 0.2161],[0.4412, 0.2626],[0.4271, 0.4068],[0.3514, 0.4475],[0.1848, 0.2642],[0.4043, 0.2937],[0.3917, 0.4082],[0.3217, 0.4527]
[0.1605, 0.6964],[0.3596, 0.5932],[0.4767, 0.4757],[0.5646, 0.3798],[0.5476, 0.2888],[0.2382, 0.197],[0.3519, 0.0473],[0.484, 0.0241],[0.5884, 0.0612],[0.1838, 0.1935],[0.4631, 0.215],[0.4777, 0.3661],[0.4126, 0.4208],[0.1731, 0.2189],[0.4412, 0.2626],[0.4315, 0.4066],[0.3572, 0.4527],[0.1857, 0.2661],[0.4063, 0.2959],[0.397, 0.4104],[0.329, 0.4574]
[0.161, 0.6953],[0.3601, 0.5915],[0.4762, 0.4746],[0.5646, 0.3779],[0.5461, 0.2885],[0.2406, 0.1954],[0.3528, 0.047],[0.4835, 0.0246],[0.5874, 0.0618],[0.1857, 0.1937],[0.4636, 0.2156],[0.4757, 0.3672],[0.4082, 0.4186],[0.1741, 0.2197],[0.4422, 0.2631],[0.4315, 0.4068],[0.3553, 0.4503],[0.1862, 0.2667],[0.4067, 0.2978],[0.3951, 0.4118],[0.3242, 0.456]
[0.1634, 0.6945],[0.3596, 0.5921],[0.4752, 0.4754],[0.5631, 0.3784],[0.5466, 0.285],[0.2426, 0.1954],[0.3499, 0.0484],[0.4806, 0.0252],[0.5855, 0.0607],[0.1887, 0.1907],[0.4645, 0.2156],[0.4791, 0.3675],[0.4131, 0.4213],[0.1755, 0.2153],[0.4427, 0.2629],[0.432, 0.4071],[0.3562, 0.4519],[0.1848, 0.262],[0.4072, 0.2973],[0.397, 0.4107],[0.3266, 0.4555]
[0.1585, 0.6967],[0.3577, 0.5915],[0.4747, 0.4738],[0.5622, 0.3768],[0.5437, 0.2863],[0.2372, 0.1945],[0.348, 0.0497],[0.4786, 0.0268],[0.5835, 0.0615],[0.1833, 0.191],[0.4607, 0.2148],[0.4786, 0.3661],[0.4155, 0.4194],[0.1721, 0.2175],[0.4383, 0.2618],[0.4315, 0.4049],[0.3577, 0.45],[0.1828, 0.2672],[0.4033, 0.2951],[0.3965, 0.4082],[0.329, 0.4546]
[0.16, 0.6981],[0.3582, 0.5932],[0.4743, 0.477],[0.5627, 0.3801],[0.5452, 0.2861],[0.2387, 0.1962],[0.3504, 0.0495],[0.4815, 0.0268],[0.5855, 0.0609],[0.1838, 0.1937],[0.4607, 0.2172],[0.4777, 0.3705],[0.414, 0.421],[0.1721, 0.2202],[0.4388, 0.2637],[0.4305, 0.4101],[0.3562, 0.4546],[0.1828, 0.2683],[0.4019, 0.2948],[0.3956, 0.4104],[0.329, 0.4574]
[0.1639, 0.6932],[0.3591, 0.5904],[0.4747, 0.4765],[0.5617, 0.382],[0.5452, 0.2877],[0.2372, 0.1965],[0.3504, 0.0478],[0.482, 0.0252],[0.586, 0.0615],[0.1814, 0.1937],[0.4587, 0.2107],[0.4806, 0.3628],[0.4184, 0.4191],[0.1697, 0.2191],[0.4354, 0.2571],[0.4315, 0.4025],[0.3587, 0.4514],[0.1809, 0.2667],[0.3999, 0.2937],[0.3951, 0.4077],[0.329, 0.456]
[0.1644, 0.6929],[0.3606, 0.5926],[0.4772, 0.476],[0.5656, 0.3773],[0.5471, 0.2842],[0.2416, 0.1951],[0.3533, 0.0459],[0.484, 0.0238],[0.586, 0.0607],[0.1848, 0.191],[0.4607, 0.2085],[0.4796, 0.3615],[0.4165, 0.4172],[0.1702, 0.2164],[0.4373, 0.2568],[0.4305, 0.4019],[0.3567, 0.4492],[0.178, 0.2645],[0.3985, 0.2929],[0.3931, 0.406],[0.3271, 0.4525]
[0.1605, 0.6904],[0.3587, 0.5923],[0.4767, 0.4787],[0.5665, 0.3798],[0.5505, 0.285],[0.2455, 0.1967],[0.3523, 0.0443],[0.483, 0.0227],[0.5855, 0.0599],[0.1896, 0.1918],[0.4626, 0.2098],[0.4796, 0.3615],[0.415, 0.4161],[0.1751, 0.2156],[0.4393, 0.2588],[0.4315, 0.4027],[0.3562, 0.4484],[0.1819, 0.2609],[0.4024, 0.2937],[0.3956, 0.4055],[0.3276, 0.4503]
[0.1663, 0.6904],[0.3621, 0.5934],[0.4777, 0.477],[0.5641, 0.3803],[0.5491, 0.2861],[0.2416, 0.1915],[0.3538, 0.0413],[0.4854, 0.0202],[0.5903, 0.0585],[0.1867, 0.1869],[0.4631, 0.2082],[0.4791, 0.3596],[0.4165, 0.4115],[0.1741, 0.212],[0.4403, 0.2563],[0.431, 0.3995],[0.3587, 0.4429],[0.1848, 0.2598],[0.4048, 0.2902],[0.3975, 0.4014],[0.3329, 0.4456]
[0.1624, 0.6888],[0.3591, 0.5918],[0.4777, 0.4765],[0.5665, 0.3779],[0.5476, 0.2836],[0.2416, 0.1918],[0.3548, 0.041],[0.4864, 0.0211],[0.5913, 0.0579],[0.1872, 0.188],[0.4631, 0.2112],[0.4738, 0.3637],[0.4072, 0.4139],[0.1751, 0.2134],[0.4417, 0.2607],[0.4301, 0.4027],[0.3557, 0.4445],[0.1853, 0.2598],[0.4048, 0.2967],[0.3946, 0.4066],[0.3271, 0.4475]
[0.1644, 0.6885],[0.3616, 0.5893],[0.4781, 0.4738],[0.5665, 0.3787],[0.55, 0.2861],[0.244, 0.1932],[0.3582, 0.0415],[0.4903, 0.0213],[0.5952, 0.0596],[0.1877, 0.1896],[0.4645, 0.2098],[0.4767, 0.3626],[0.4131, 0.415],[0.1751, 0.2137],[0.4432, 0.2601],[0.432, 0.4046],[0.3596, 0.4497],[0.1857, 0.259],[0.4058, 0.2973],[0.3956, 0.4096],[0.3295, 0.4533]
[0.1615, 0.6923],[0.3596, 0.591],[0.4777, 0.476],[0.5675, 0.3803],[0.55, 0.2866],[0.2401, 0.1932],[0.3548, 0.0432],[0.4859, 0.0211],[0.5918, 0.0582],[0.1848, 0.1894],[0.465, 0.2098],[0.4757, 0.3628],[0.4097, 0.4128],[0.1731, 0.2139],[0.4446, 0.2604],[0.4325, 0.406],[0.3572, 0.4489],[0.1857, 0.2607],[0.4077, 0.2978],[0.397, 0.4112],[0.3295, 0.4544]
[0.1629, 0.6918],[0.3562, 0.5934],[0.4747, 0.4779],[0.5631, 0.3806],[0.5471, 0.2866],[0.244, 0.1948],[0.3533, 0.0437],[0.484, 0.0213],[0.5884, 0.0574],[0.1896, 0.1902],[0.465, 0.2112],[0.4781, 0.3618],[0.4131, 0.4148],[0.177, 0.2142],[0.4427, 0.2615],[0.432, 0.4036],[0.3577, 0.4473],[0.1872, 0.2598],[0.4063, 0.2973],[0.3951, 0.409],[0.3276, 0.4525]
[0.1634, 0.6888],[0.3582, 0.5926],[0.4767, 0.4765],[0.5636, 0.3795],[0.5457, 0.2861],[0.2401, 0.1913],[0.3548, 0.0418],[0.4864, 0.0205],[0.5894, 0.0579],[0.1853, 0.1863],[0.4611, 0.209],[0.4796, 0.3579],[0.4179, 0.4115],[0.1746, 0.2118],[0.4388, 0.2571],[0.432, 0.3981],[0.3606, 0.4443],[0.1867, 0.2593],[0.4048, 0.2918],[0.3995, 0.4033],[0.3358, 0.4511]
[0.161, 0.691],[0.3582, 0.5907],[0.4767, 0.4735],[0.5636, 0.3768],[0.5457, 0.2842],[0.2411, 0.1902],[0.3553, 0.0405],[0.4874, 0.0208],[0.5923, 0.0582],[0.1867, 0.1861],[0.4636, 0.209],[0.4752, 0.3604],[0.4082, 0.4107],[0.1751, 0.2123],[0.4427, 0.2582],[0.4296, 0.4014],[0.3519, 0.444],[0.1862, 0.2598],[0.4067, 0.2937],[0.3956, 0.4074],[0.3256, 0.4527]
[0.1634, 0.6902],[0.3591, 0.5902],[0.4767, 0.474],[0.5627, 0.3781],[0.5452, 0.285],[0.2435, 0.1904],[0.3548, 0.0405],[0.4859, 0.0202],[0.5908, 0.0577],[0.1887, 0.1863],[0.4636, 0.2071],[0.4767, 0.3579],[0.4111, 0.4107],[0.176, 0.212],[0.4417, 0.2579],[0.4296, 0.4008],[0.3528, 0.4443],[0.1853, 0.2598],[0.4053, 0.2956],[0.3941, 0.4077],[0.3237, 0.4519]
[0.1658, 0.6891],[0.3587, 0.5893],[0.4757, 0.474],[0.5636, 0.3784],[0.5466, 0.2855],[0.246, 0.1896],[0.3533, 0.0388],[0.4835, 0.0194],[0.5884, 0.0563],[0.1911, 0.1855],[0.466, 0.2107],[0.4762, 0.3626],[0.4087, 0.412],[0.1765, 0.2109],[0.4437, 0.2615],[0.4286, 0.4041],[0.3499, 0.4448],[0.1833, 0.2579],[0.4053, 0.2975],[0.3931, 0.4093],[0.3213, 0.4514]
[0.159, 0.6885],[0.3572, 0.5921],[0.4752, 0.4792],[0.5636, 0.3842],[0.5486, 0.2874],[0.2377, 0.1902],[0.3572, 0.0435],[0.4864, 0.0202],[0.5889, 0.0549],[0.1838, 0.1877],[0.4636, 0.2101],[0.4757, 0.3628],[0.4101, 0.4169],[0.1746, 0.2134],[0.4441, 0.2552],[0.4335, 0.4008],[0.3587, 0.4475],[0.1887, 0.2601],[0.4077, 0.2921],[0.3965, 0.4068],[0.3285, 0.453]
[0.16, 0.6888],[0.3591, 0.5891],[0.4757, 0.474],[0.5661, 0.3776],[0.5491, 0.2839],[0.2421, 0.1918],[0.3538, 0.0462],[0.4835, 0.0213],[0.5865, 0.0563],[0.1867, 0.188],[0.4607, 0.2038],[0.4811, 0.3549],[0.4199, 0.4104],[0.176, 0.2139],[0.4403, 0.2503],[0.4359, 0.3951],[0.365, 0.4437],[0.1891, 0.2629],[0.4087, 0.2874],[0.4033, 0.4011],[0.3383, 0.45]
[0.161, 0.6869],[0.3596, 0.5902],[0.4767, 0.476],[0.5665, 0.3795],[0.551, 0.2842],[0.2387, 0.1907],[0.3557, 0.0459],[0.4869, 0.0232],[0.5899, 0.056],[0.1857, 0.1874],[0.4621, 0.2074],[0.4777, 0.359],[0.4135, 0.4118],[0.1765, 0.2137],[0.4427, 0.2525],[0.4349, 0.3962],[0.3616, 0.4418],[0.1916, 0.2615],[0.4131, 0.2891],[0.4038, 0.4027],[0.3358, 0.4497]
[0.1605, 0.688],[0.3616, 0.5869],[0.4791, 0.4708],[0.5675, 0.3751],[0.5515, 0.2822],[0.2421, 0.1896],[0.3562, 0.0454],[0.4854, 0.0219],[0.5884, 0.0552],[0.1877, 0.1861],[0.4631, 0.2047],[0.4815, 0.3563],[0.4213, 0.4145],[0.1775, 0.212],[0.4437, 0.2538],[0.4373, 0.3978],[0.3669, 0.4481],[0.1916, 0.2609],[0.4131, 0.2926],[0.4053, 0.4074],[0.3397, 0.4568]
[0.1629, 0.6904],[0.3625, 0.5888],[0.4801, 0.4727],[0.5685, 0.3776],[0.5534, 0.282],[0.2406, 0.191],[0.3572, 0.0459],[0.4869, 0.0227],[0.5903, 0.0568],[0.1853, 0.1869],[0.466, 0.2066],[0.4815, 0.359],[0.4189, 0.4153],[0.1746, 0.2129],[0.4456, 0.2536],[0.4373, 0.3978],[0.365, 0.4462],[0.1891, 0.2612],[0.4135, 0.2915],[0.4038, 0.4066],[0.3363, 0.4544]
[0.1605, 0.6896],[0.3616, 0.5877],[0.4791, 0.473],[0.5685, 0.3776],[0.5525, 0.282],[0.2401, 0.1907],[0.3577, 0.0486],[0.4859, 0.0241],[0.5879, 0.056],[0.1848, 0.1863],[0.4641, 0.2088],[0.4791, 0.3612],[0.415, 0.4156],[0.1751, 0.2126],[0.4451, 0.2547],[0.4373, 0.4006],[0.364, 0.4473],[0.1896, 0.2612],[0.4121, 0.2913],[0.4029, 0.4079],[0.3353, 0.4557]
[0.1634, 0.688],[0.363, 0.5877],[0.4801, 0.4738],[0.5695, 0.3781],[0.5534, 0.2828],[0.244, 0.1907],[0.3591, 0.0481],[0.4869, 0.0232],[0.5894, 0.0547],[0.1891, 0.1874],[0.4655, 0.2123],[0.4777, 0.3648],[0.4121, 0.4161],[0.178, 0.2139],[0.4456, 0.256],[0.4354, 0.4011],[0.3606, 0.4462],[0.1901, 0.2618],[0.4126, 0.2913],[0.4024, 0.4074],[0.3334, 0.4544]
[0.1615, 0.6882],[0.3611, 0.5882],[0.4781, 0.4719],[0.5675, 0.3776],[0.5544, 0.2858],[0.2474, 0.1888],[0.3606, 0.0456],[0.4893, 0.0224],[0.5928, 0.0552],[0.1911, 0.185],[0.466, 0.2066],[0.482, 0.3582],[0.4199, 0.4139],[0.1775, 0.212],[0.4441, 0.2541],[0.4354, 0.3992],[0.3625, 0.4475],[0.1882, 0.2623],[0.4092, 0.2913],[0.4009, 0.4066],[0.3339, 0.4549]
[0.1639, 0.6866],[0.3616, 0.5866],[0.4777, 0.4719],[0.567, 0.3781],[0.5539, 0.2842],[0.2455, 0.1888],[0.3582, 0.0459],[0.4869, 0.0219],[0.5899, 0.0555],[0.1906, 0.1853],[0.4665, 0.2066],[0.4825, 0.3574],[0.4208, 0.4148],[0.1789, 0.2115],[0.4456, 0.2533],[0.4373, 0.3967],[0.3659, 0.447],[0.1911, 0.2604],[0.4145, 0.2891],[0.4072, 0.4022],[0.3421, 0.4508]
[0.1649, 0.6882],[0.3621, 0.5874],[0.4781, 0.4727],[0.568, 0.3776],[0.5534, 0.285],[0.2455, 0.1894],[0.3582, 0.0462],[0.4869, 0.0227],[0.5899, 0.0566],[0.1906, 0.1861],[0.4675, 0.2063],[0.4825, 0.3579],[0.4194, 0.4118],[0.1789, 0.212],[0.4471, 0.2538],[0.4383, 0.3978],[0.3659, 0.4451],[0.1916, 0.2604],[0.4135, 0.2913],[0.4048, 0.4055],[0.3383, 0.4525]
[0.1658, 0.688],[0.3625, 0.5861],[0.4772, 0.4721],[0.5661, 0.3771],[0.552, 0.2817],[0.2431, 0.1904],[0.3572, 0.0446],[0.4869, 0.023],[0.5908, 0.0579],[0.1882, 0.1872],[0.4665, 0.2093],[0.4806, 0.362],[0.416, 0.4137],[0.177, 0.2129],[0.4456, 0.2579],[0.4373, 0.4022],[0.363, 0.447],[0.1896, 0.2607],[0.4126, 0.2951],[0.4029, 0.4079],[0.3344, 0.4516]
[0.161, 0.6866],[0.3572, 0.5888],[0.4747, 0.4724],[0.5665, 0.3738],[0.55, 0.2812],[0.2363, 0.1902],[0.3523, 0.0432],[0.4825, 0.0219],[0.5855, 0.059],[0.1833, 0.1866],[0.4655, 0.2107],[0.4767, 0.362],[0.4087, 0.4098],[0.1751, 0.2126],[0.4461, 0.2596],[0.4349, 0.4008],[0.3572, 0.4413],[0.1891, 0.2607],[0.4131, 0.2954],[0.4014, 0.406],[0.3305, 0.4481]
[0.1571, 0.6918],[0.3557, 0.5904],[0.4747, 0.4743],[0.5665, 0.3776],[0.5481, 0.2872],[0.2295, 0.1918],[0.3548, 0.0446],[0.4883, 0.0243],[0.5947, 0.0615],[0.176, 0.1902],[0.4616, 0.2096],[0.4723, 0.3645],[0.4087, 0.4191],[0.1678, 0.2172],[0.4432, 0.2588],[0.431, 0.4033],[0.3582, 0.4514],[0.1838, 0.2656],[0.4097, 0.2937],[0.3985, 0.4077],[0.3324, 0.4557]
[0.1542, 0.6937],[0.3557, 0.594],[0.4743, 0.4757],[0.5641, 0.3801],[0.5461, 0.2913],[0.2299, 0.1921],[0.3553, 0.0459],[0.4869, 0.0252],[0.5908, 0.0615],[0.176, 0.1896],[0.4587, 0.2101],[0.4699, 0.3648],[0.4058, 0.4219],[0.1687, 0.2153],[0.4432, 0.2579],[0.4301, 0.4046],[0.3572, 0.4566],[0.1853, 0.2631],[0.4087, 0.2918],[0.3965, 0.4085],[0.331, 0.4604]
[0.1561, 0.6937],[0.3543, 0.5934],[0.4718, 0.4751],[0.5607, 0.3798],[0.5432, 0.2924],[0.229, 0.1943],[0.3523, 0.0437],[0.4845, 0.0249],[0.5874, 0.0639],[0.1755, 0.1921],[0.4587, 0.2126],[0.4699, 0.3664],[0.4033, 0.4205],[0.1683, 0.218],[0.4417, 0.259],[0.4291, 0.4049],[0.3543, 0.4527],[0.1853, 0.2648],[0.4082, 0.2921],[0.397, 0.409],[0.3305, 0.459]
[0.1551, 0.6945],[0.3523, 0.5954],[0.4709, 0.4781],[0.5568, 0.3833],[0.5403, 0.2921],[0.2309, 0.1924],[0.3543, 0.0448],[0.4864, 0.0257],[0.5899, 0.0626],[0.1775, 0.1894],[0.4568, 0.2115],[0.4694, 0.3642],[0.4048, 0.4235],[0.1687, 0.2156],[0.4388, 0.2607],[0.4262, 0.4055],[0.3528, 0.4577],[0.1833, 0.2634],[0.4048, 0.2951],[0.3951, 0.4098],[0.3295, 0.4615]
[0.159, 0.694],[0.3553, 0.5932],[0.4733, 0.4751],[0.5593, 0.3798],[0.5432, 0.2877],[0.2343, 0.194],[0.3509, 0.0448],[0.4811, 0.0243],[0.584, 0.0596],[0.1794, 0.1899],[0.4573, 0.2109],[0.4704, 0.3648],[0.4067, 0.4238],[0.1687, 0.215],[0.4373, 0.2626],[0.4237, 0.4098],[0.3504, 0.4612],[0.1814, 0.262],[0.4033, 0.2956],[0.3922, 0.4123],[0.3256, 0.4639]
[0.1571, 0.6937],[0.3543, 0.5954],[0.4738, 0.477],[0.5607, 0.3814],[0.5452, 0.2915],[0.2377, 0.1926],[0.3514, 0.0443],[0.4806, 0.0238],[0.5821, 0.0601],[0.1819, 0.1883],[0.4587, 0.2104],[0.4733, 0.3626],[0.4097, 0.4199],[0.1702, 0.2145],[0.4373, 0.262],[0.4252, 0.4063],[0.3514, 0.4557],[0.1809, 0.2639],[0.4014, 0.2967],[0.3917, 0.4104],[0.3247, 0.4598]